simulation,scenario_id,replicate,parameter_json,selection_rule_or_encoder,metric,value,theoretical_value,mcse,tolerance,criterion_id,criterion_pass,status,seed,notes
sim2,S2-001,10000,"{""K"": 3, ""sigma"": 0.005, ""rho"": 0.0, ""regime"": ""all_equal""}",panel,oracle_optimism_mean,0.004252756069611396,0.0074115190368375565,3.70886460017415e-05,0.0001112659380052245,C1_honest_unbiased;C2_oracle_within_bound;C3_regret_within_bound,True,SUCCESS,1001,
sim2,S2-001,10000,"{""K"": 3, ""sigma"": 0.005, ""rho"": 0.0, ""regime"": ""all_equal""}",panel,regret_mean,0.0,,0.0,0.0001,C1_honest_unbiased;C2_oracle_within_bound;C3_regret_within_bound,True,SUCCESS,1001,
sim2,S2-001,10000,"{""K"": 3, ""sigma"": 0.005, ""rho"": 0.0, ""regime"": ""all_equal""}",panel,p_select_best,1.0,,1.0,3.0,C1_honest_unbiased;C2_oracle_within_bound;C3_regret_within_bound,True,SUCCESS,1001,
sim2,S2-001,10000,"{""K"": 3, ""sigma"": 0.005, ""rho"": 0.0, ""regime"": ""all_equal""}",panel,reporting_bias_mean,1.0412458538403954e-05,,4.965110297424757e-05,0.0001489533089227427,C1_honest_unbiased;C2_oracle_within_bound;C3_regret_within_bound,True,SUCCESS,1001,
sim2,S2-001,10000,"{""K"": 3, ""sigma"": 0.005, ""rho"": 0.0, ""regime"": ""all_equal""}",panel,winner_instability,0.6608,,0.6608,1.9824000000000002,C1_honest_unbiased;C2_oracle_within_bound;C3_regret_within_bound,True,SUCCESS,1001,
sim2,S2-001,10000,"{""K"": 3, ""sigma"": 0.005, ""rho"": 0.0, ""regime"": ""all_equal""}",panel,one_se_regret_mean,0.0,,,,C1_honest_unbiased;C2_oracle_within_bound;C3_regret_within_bound,True,SUCCESS,1001,
sim2,S2-001,10000,"{""K"": 3, ""sigma"": 0.005, ""rho"": 0.0, ""regime"": ""all_equal""}",panel,oracle_bound_ratio,0.5738035682663534,,0.5738035682663534,1.72141070479906,C1_honest_unbiased;C2_oracle_within_bound;C3_regret_within_bound,True,SUCCESS,1001,
sim2,S2-002,10000,"{""K"": 3, ""sigma"": 0.005, ""rho"": 0.0, ""regime"": ""best=0.002""}",panel,oracle_optimism_mean,0.003058062190603356,0.0074115190368375565,3.772676217413198e-05,0.00011318028652239593,C1_honest_unbiased;C2_oracle_within_bound;C3_regret_within_bound,True,SUCCESS,1002,
sim2,S2-002,10000,"{""K"": 3, ""sigma"": 0.005, ""rho"": 0.0, ""regime"": ""best=0.002""}",panel,regret_mean,0.0010906,,9.959371612119451e-06,0.0001,C1_honest_unbiased;C2_oracle_within_bound;C3_regret_within_bound,True,SUCCESS,1002,
sim2,S2-002,10000,"{""K"": 3, ""sigma"": 0.005, ""rho"": 0.0, ""regime"": ""best=0.002""}",panel,p_select_best,0.4547,,0.4547,1.3641,C1_honest_unbiased;C2_oracle_within_bound;C3_regret_within_bound,True,SUCCESS,1002,
sim2,S2-002,10000,"{""K"": 3, ""sigma"": 0.005, ""rho"": 0.0, ""regime"": ""best=0.002""}",panel,reporting_bias_mean,4.994248895408423e-05,,5.0259926999979634e-05,0.0001507797809999389,C1_honest_unbiased;C2_oracle_within_bound;C3_regret_within_bound,True,SUCCESS,1002,
sim2,S2-002,10000,"{""K"": 3, ""sigma"": 0.005, ""rho"": 0.0, ""regime"": ""best=0.002""}",panel,winner_instability,0.5453,,0.5453,1.6359,C1_honest_unbiased;C2_oracle_within_bound;C3_regret_within_bound,True,SUCCESS,1002,
sim2,S2-002,10000,"{""K"": 3, ""sigma"": 0.005, ""rho"": 0.0, ""regime"": ""best=0.002""}",panel,one_se_regret_mean,0.0005136,,,,C1_honest_unbiased;C2_oracle_within_bound;C3_regret_within_bound,True,SUCCESS,1002,
sim2,S2-002,10000,"{""K"": 3, ""sigma"": 0.005, ""rho"": 0.0, ""regime"": ""best=0.002""}",panel,oracle_bound_ratio,0.4126093686603023,,0.4126093686603023,1.2378281059809069,C1_honest_unbiased;C2_oracle_within_bound;C3_regret_within_bound,True,SUCCESS,1002,
sim2,S2-003,10000,"{""K"": 3, ""sigma"": 0.005, ""rho"": 0.0, ""regime"": ""best=0.005""}",panel,oracle_optimism_mean,0.0016207348692439077,0.0074115190368375565,4.013477413035209e-05,0.00012040432239105627,C1_honest_unbiased;C2_oracle_within_bound;C3_regret_within_bound,True,SUCCESS,1003,
sim2,S2-003,10000,"{""K"": 3, ""sigma"": 0.005, ""rho"": 0.0, ""regime"": ""best=0.005""}",panel,regret_mean,0.0018679999999999999,,2.4189173437948663e-05,0.0001,C1_honest_unbiased;C2_oracle_within_bound;C3_regret_within_bound,True,SUCCESS,1003,
sim2,S2-003,10000,"{""K"": 3, ""sigma"": 0.005, ""rho"": 0.0, ""regime"": ""best=0.005""}",panel,p_select_best,0.6264,,0.6264,1.8792,C1_honest_unbiased;C2_oracle_within_bound;C3_regret_within_bound,True,SUCCESS,1003,
sim2,S2-003,10000,"{""K"": 3, ""sigma"": 0.005, ""rho"": 0.0, ""regime"": ""best=0.005""}",panel,reporting_bias_mean,1.7175180787432006e-05,,4.9780384796344624e-05,0.00014934115438903388,C1_honest_unbiased;C2_oracle_within_bound;C3_regret_within_bound,True,SUCCESS,1003,
sim2,S2-003,10000,"{""K"": 3, ""sigma"": 0.005, ""rho"": 0.0, ""regime"": ""best=0.005""}",panel,winner_instability,0.37360000000000004,,0.37360000000000004,1.1208,C1_honest_unbiased;C2_oracle_within_bound;C3_regret_within_bound,True,SUCCESS,1003,
sim2,S2-003,10000,"{""K"": 3, ""sigma"": 0.005, ""rho"": 0.0, ""regime"": ""best=0.005""}",panel,one_se_regret_mean,0.000675,,,,C1_honest_unbiased;C2_oracle_within_bound;C3_regret_within_bound,True,SUCCESS,1003,
sim2,S2-003,10000,"{""K"": 3, ""sigma"": 0.005, ""rho"": 0.0, ""regime"": ""best=0.005""}",panel,oracle_bound_ratio,0.21867782585302029,,0.21867782585302029,0.6560334775590608,C1_honest_unbiased;C2_oracle_within_bound;C3_regret_within_bound,True,SUCCESS,1003,
sim2,S2-004,10000,"{""K"": 3, ""sigma"": 0.005, ""rho"": 0.0, ""regime"": ""best=0.02""}",panel,oracle_optimism_mean,6.807188449292615e-05,0.0074115190368375565,5.0492972312234806e-05,0.0001514789169367044,C1_honest_unbiased;C2_oracle_within_bound;C3_regret_within_bound,True,SUCCESS,1004,
sim2,S2-004,10000,"{""K"": 3, ""sigma"": 0.005, ""rho"": 0.0, ""regime"": ""best=0.02""}",panel,regret_mean,0.000102,,1.424710138904749e-05,0.0001,C1_honest_unbiased;C2_oracle_within_bound;C3_regret_within_bound,True,SUCCESS,1004,
sim2,S2-004,10000,"{""K"": 3, ""sigma"": 0.005, ""rho"": 0.0, ""regime"": ""best=0.02""}",panel,p_select_best,0.9949,,0.9949,2.9847,C1_honest_unbiased;C2_oracle_within_bound;C3_regret_within_bound,True,SUCCESS,1004,
sim2,S2-004,10000,"{""K"": 3, ""sigma"": 0.005, ""rho"": 0.0, ""regime"": ""best=0.02""}",panel,reporting_bias_mean,5.920488827480639e-05,,5.0772115769184117e-05,0.00015231634730755234,C1_honest_unbiased;C2_oracle_within_bound;C3_regret_within_bound,True,SUCCESS,1004,
sim2,S2-004,10000,"{""K"": 3, ""sigma"": 0.005, ""rho"": 0.0, ""regime"": ""best=0.02""}",panel,winner_instability,0.005099999999999993,,0.005099999999999993,0.01529999999999998,C1_honest_unbiased;C2_oracle_within_bound;C3_regret_within_bound,True,SUCCESS,1004,
sim2,S2-004,10000,"{""K"": 3, ""sigma"": 0.005, ""rho"": 0.0, ""regime"": ""best=0.02""}",panel,one_se_regret_mean,2e-06,,,,C1_honest_unbiased;C2_oracle_within_bound;C3_regret_within_bound,True,SUCCESS,1004,
sim2,S2-004,10000,"{""K"": 3, ""sigma"": 0.005, ""rho"": 0.0, ""regime"": ""best=0.02""}",panel,oracle_bound_ratio,0.009184606307369338,,0.009184606307369338,0.027553818922108016,C1_honest_unbiased;C2_oracle_within_bound;C3_regret_within_bound,True,SUCCESS,1004,
sim2,S2-005,10000,"{""K"": 3, ""sigma"": 0.005, ""rho"": 0.5, ""regime"": ""all_equal""}",panel,oracle_optimism_mean,0.003011413843953124,0.0074115190368375565,4.3680965510364525e-05,0.00013104289653109358,C1_honest_unbiased;C2_oracle_within_bound;C3_regret_within_bound,True,SUCCESS,1005,
sim2,S2-005,10000,"{""K"": 3, ""sigma"": 0.005, ""rho"": 0.5, ""regime"": ""all_equal""}",panel,regret_mean,0.0,,0.0,0.0001,C1_honest_unbiased;C2_oracle_within_bound;C3_regret_within_bound,True,SUCCESS,1005,
sim2,S2-005,10000,"{""K"": 3, ""sigma"": 0.005, ""rho"": 0.5, ""regime"": ""all_equal""}",panel,p_select_best,1.0,,1.0,3.0,C1_honest_unbiased;C2_oracle_within_bound;C3_regret_within_bound,True,SUCCESS,1005,
sim2,S2-005,10000,"{""K"": 3, ""sigma"": 0.005, ""rho"": 0.5, ""regime"": ""all_equal""}",panel,reporting_bias_mean,-3.312538480286409e-06,,4.980020748413384e-05,0.00014940062245240152,C1_honest_unbiased;C2_oracle_within_bound;C3_regret_within_bound,True,SUCCESS,1005,
sim2,S2-005,10000,"{""K"": 3, ""sigma"": 0.005, ""rho"": 0.5, ""regime"": ""all_equal""}",panel,winner_instability,0.6616,,0.6616,1.9848,C1_honest_unbiased;C2_oracle_within_bound;C3_regret_within_bound,True,SUCCESS,1005,
sim2,S2-005,10000,"{""K"": 3, ""sigma"": 0.005, ""rho"": 0.5, ""regime"": ""all_equal""}",panel,one_se_regret_mean,0.0,,,,C1_honest_unbiased;C2_oracle_within_bound;C3_regret_within_bound,True,SUCCESS,1005,
sim2,S2-005,10000,"{""K"": 3, ""sigma"": 0.005, ""rho"": 0.5, ""regime"": ""all_equal""}",panel,oracle_bound_ratio,0.4063153354913426,,0.4063153354913426,1.2189460064740278,C1_honest_unbiased;C2_oracle_within_bound;C3_regret_within_bound,True,SUCCESS,1005,
sim2,S2-006,10000,"{""K"": 3, ""sigma"": 0.005, ""rho"": 0.5, ""regime"": ""best=0.002""}",panel,oracle_optimism_mean,0.0018311667386792863,0.0074115190368375565,4.452072538950189e-05,0.00013356217616850567,C1_honest_unbiased;C2_oracle_within_bound;C3_regret_within_bound,True,SUCCESS,1006,
sim2,S2-006,10000,"{""K"": 3, ""sigma"": 0.005, ""rho"": 0.5, ""regime"": ""best=0.002""}",panel,regret_mean,0.000989,,9.999894988947584e-06,0.0001,C1_honest_unbiased;C2_oracle_within_bound;C3_regret_within_bound,True,SUCCESS,1006,
sim2,S2-006,10000,"{""K"": 3, ""sigma"": 0.005, ""rho"": 0.5, ""regime"": ""best=0.002""}",panel,p_select_best,0.5055,,0.5055,1.5164999999999997,C1_honest_unbiased;C2_oracle_within_bound;C3_regret_within_bound,True,SUCCESS,1006,
sim2,S2-006,10000,"{""K"": 3, ""sigma"": 0.005, ""rho"": 0.5, ""regime"": ""best=0.002""}",panel,reporting_bias_mean,-4.17139857013281e-05,,4.998595774194882e-05,0.00014995787322584646,C1_honest_unbiased;C2_oracle_within_bound;C3_regret_within_bound,True,SUCCESS,1006,
sim2,S2-006,10000,"{""K"": 3, ""sigma"": 0.005, ""rho"": 0.5, ""regime"": ""best=0.002""}",panel,winner_instability,0.49450000000000005,,0.49450000000000005,1.4835000000000003,C1_honest_unbiased;C2_oracle_within_bound;C3_regret_within_bound,True,SUCCESS,1006,
sim2,S2-006,10000,"{""K"": 3, ""sigma"": 0.005, ""rho"": 0.5, ""regime"": ""best=0.002""}",panel,one_se_regret_mean,0.0002694,,,,C1_honest_unbiased;C2_oracle_within_bound;C3_regret_within_bound,True,SUCCESS,1006,
sim2,S2-006,10000,"{""K"": 3, ""sigma"": 0.005, ""rho"": 0.5, ""regime"": ""best=0.002""}",panel,oracle_bound_ratio,0.2470703683789811,,0.2470703683789811,0.7412111051369433,C1_honest_unbiased;C2_oracle_within_bound;C3_regret_within_bound,True,SUCCESS,1006,
sim2,S2-007,10000,"{""K"": 3, ""sigma"": 0.005, ""rho"": 0.5, ""regime"": ""best=0.005""}",panel,oracle_optimism_mean,0.0006912922873014367,0.0074115190368375565,4.619471827062282e-05,0.00013858415481186846,C1_honest_unbiased;C2_oracle_within_bound;C3_regret_within_bound,True,SUCCESS,1007,
sim2,S2-007,10000,"{""K"": 3, ""sigma"": 0.005, ""rho"": 0.5, ""regime"": ""best=0.005""}",panel,regret_mean,0.0012690000000000002,,2.176031367248902e-05,0.0001,C1_honest_unbiased;C2_oracle_within_bound;C3_regret_within_bound,True,SUCCESS,1007,
sim2,S2-007,10000,"{""K"": 3, ""sigma"": 0.005, ""rho"": 0.5, ""regime"": ""best=0.005""}",panel,p_select_best,0.7462,,0.7462,2.2386,C1_honest_unbiased;C2_oracle_within_bound;C3_regret_within_bound,True,SUCCESS,1007,
sim2,S2-007,10000,"{""K"": 3, ""sigma"": 0.005, ""rho"": 0.5, ""regime"": ""best=0.005""}",panel,reporting_bias_mean,-4.6154267514177747e-05,,5.014815823040149e-05,0.00015044447469120446,C1_honest_unbiased;C2_oracle_within_bound;C3_regret_within_bound,True,SUCCESS,1007,
sim2,S2-007,10000,"{""K"": 3, ""sigma"": 0.005, ""rho"": 0.5, ""regime"": ""best=0.005""}",panel,winner_instability,0.2538,,0.2538,0.7614000000000001,C1_honest_unbiased;C2_oracle_within_bound;C3_regret_within_bound,True,SUCCESS,1007,
sim2,S2-007,10000,"{""K"": 3, ""sigma"": 0.005, ""rho"": 0.5, ""regime"": ""best=0.005""}",panel,one_se_regret_mean,0.000212,,,,C1_honest_unbiased;C2_oracle_within_bound;C3_regret_within_bound,True,SUCCESS,1007,
sim2,S2-007,10000,"{""K"": 3, ""sigma"": 0.005, ""rho"": 0.5, ""regime"": ""best=0.005""}",panel,oracle_bound_ratio,0.09327268591843303,,0.09327268591843303,0.2798180577552991,C1_honest_unbiased;C2_oracle_within_bound;C3_regret_within_bound,True,SUCCESS,1007,
sim2,S2-008,10000,"{""K"": 3, ""sigma"": 0.005, ""rho"": 0.5, ""regime"": ""best=0.02""}",panel,oracle_optimism_mean,7.159191343064994e-05,0.0074115190368375565,5.0585747481623253e-05,0.00015175724244486977,C1_honest_unbiased;C2_oracle_within_bound;C3_regret_within_bound,True,SUCCESS,1008,
sim2,S2-008,10000,"{""K"": 3, ""sigma"": 0.005, ""rho"": 0.5, ""regime"": ""best=0.02""}",panel,regret_mean,0.0,,0.0,0.0001,C1_honest_unbiased;C2_oracle_within_bound;C3_regret_within_bound,True,SUCCESS,1008,
sim2,S2-008,10000,"{""K"": 3, ""sigma"": 0.005, ""rho"": 0.5, ""regime"": ""best=0.02""}",panel,p_select_best,1.0,,1.0,3.0,C1_honest_unbiased;C2_oracle_within_bound;C3_regret_within_bound,True,SUCCESS,1008,
sim2,S2-008,10000,"{""K"": 3, ""sigma"": 0.005, ""rho"": 0.5, ""regime"": ""best=0.02""}",panel,reporting_bias_mean,7.156481619756352e-05,,5.0586223553827386e-05,0.00015175867066148215,C1_honest_unbiased;C2_oracle_within_bound;C3_regret_within_bound,True,SUCCESS,1008,
sim2,S2-008,10000,"{""K"": 3, ""sigma"": 0.005, ""rho"": 0.5, ""regime"": ""best=0.02""}",panel,winner_instability,0.0,,0.0,0.0001,C1_honest_unbiased;C2_oracle_within_bound;C3_regret_within_bound,True,SUCCESS,1008,
sim2,S2-008,10000,"{""K"": 3, ""sigma"": 0.005, ""rho"": 0.5, ""regime"": ""best=0.02""}",panel,one_se_regret_mean,0.0,,,,C1_honest_unbiased;C2_oracle_within_bound;C3_regret_within_bound,True,SUCCESS,1008,
sim2,S2-008,10000,"{""K"": 3, ""sigma"": 0.005, ""rho"": 0.5, ""regime"": ""best=0.02""}",panel,oracle_bound_ratio,0.009659546588872787,,0.009659546588872787,0.02897863976661836,C1_honest_unbiased;C2_oracle_within_bound;C3_regret_within_bound,True,SUCCESS,1008,
sim2,S2-009,10000,"{""K"": 3, ""sigma"": 0.005, ""rho"": 0.9, ""regime"": ""all_equal""}",panel,oracle_optimism_mean,0.0013589129053467697,0.0074115190368375565,4.893484329338569e-05,0.00014680452988015709,C1_honest_unbiased;C2_oracle_within_bound;C3_regret_within_bound,True,SUCCESS,1009,
sim2,S2-009,10000,"{""K"": 3, ""sigma"": 0.005, ""rho"": 0.9, ""regime"": ""all_equal""}",panel,regret_mean,0.0,,0.0,0.0001,C1_honest_unbiased;C2_oracle_within_bound;C3_regret_within_bound,True,SUCCESS,1009,
sim2,S2-009,10000,"{""K"": 3, ""sigma"": 0.005, ""rho"": 0.9, ""regime"": ""all_equal""}",panel,p_select_best,1.0,,1.0,3.0,C1_honest_unbiased;C2_oracle_within_bound;C3_regret_within_bound,True,SUCCESS,1009,
sim2,S2-009,10000,"{""K"": 3, ""sigma"": 0.005, ""rho"": 0.9, ""regime"": ""all_equal""}",panel,reporting_bias_mean,2.5182798681263663e-05,,5.0131422621785554e-05,0.00015039426786535667,C1_honest_unbiased;C2_oracle_within_bound;C3_regret_within_bound,True,SUCCESS,1009,
sim2,S2-009,10000,"{""K"": 3, ""sigma"": 0.005, ""rho"": 0.9, ""regime"": ""all_equal""}",panel,winner_instability,0.6549,,0.6549,1.9647000000000001,C1_honest_unbiased;C2_oracle_within_bound;C3_regret_within_bound,True,SUCCESS,1009,
sim2,S2-009,10000,"{""K"": 3, ""sigma"": 0.005, ""rho"": 0.9, ""regime"": ""all_equal""}",panel,one_se_regret_mean,0.0,,,,C1_honest_unbiased;C2_oracle_within_bound;C3_regret_within_bound,True,SUCCESS,1009,
sim2,S2-009,10000,"{""K"": 3, ""sigma"": 0.005, ""rho"": 0.9, ""regime"": ""all_equal""}",panel,oracle_bound_ratio,0.18335146932667237,,0.18335146932667237,0.5500544079800171,C1_honest_unbiased;C2_oracle_within_bound;C3_regret_within_bound,True,SUCCESS,1009,
sim2,S2-010,10000,"{""K"": 3, ""sigma"": 0.005, ""rho"": 0.9, ""regime"": ""best=0.002""}",panel,oracle_optimism_mean,0.00031904522912970914,0.0074115190368375565,4.990564916706542e-05,0.00014971694750119625,C1_honest_unbiased;C2_oracle_within_bound;C3_regret_within_bound,True,SUCCESS,1010,
sim2,S2-010,10000,"{""K"": 3, ""sigma"": 0.005, ""rho"": 0.9, ""regime"": ""best=0.002""}",panel,regret_mean,0.0005876000000000001,,9.110484295162867e-06,0.0001,C1_honest_unbiased;C2_oracle_within_bound;C3_regret_within_bound,True,SUCCESS,1010,
sim2,S2-010,10000,"{""K"": 3, ""sigma"": 0.005, ""rho"": 0.9, ""regime"": ""best=0.002""}",panel,p_select_best,0.7062,,0.7062,2.1186000000000003,C1_honest_unbiased;C2_oracle_within_bound;C3_regret_within_bound,True,SUCCESS,1010,
sim2,S2-010,10000,"{""K"": 3, ""sigma"": 0.005, ""rho"": 0.9, ""regime"": ""best=0.002""}",panel,reporting_bias_mean,-5.373620426661583e-05,,5.064583125053004e-05,0.00015193749375159012,C1_honest_unbiased;C2_oracle_within_bound;C3_regret_within_bound,True,SUCCESS,1010,
sim2,S2-010,10000,"{""K"": 3, ""sigma"": 0.005, ""rho"": 0.9, ""regime"": ""best=0.002""}",panel,winner_instability,0.29379999999999995,,0.29379999999999995,0.8813999999999999,C1_honest_unbiased;C2_oracle_within_bound;C3_regret_within_bound,True,SUCCESS,1010,
sim2,S2-010,10000,"{""K"": 3, ""sigma"": 0.005, ""rho"": 0.9, ""regime"": ""best=0.002""}",panel,one_se_regret_mean,2.6e-06,,,,C1_honest_unbiased;C2_oracle_within_bound;C3_regret_within_bound,True,SUCCESS,1010,
sim2,S2-010,10000,"{""K"": 3, ""sigma"": 0.005, ""rho"": 0.9, ""regime"": ""best=0.002""}",panel,oracle_bound_ratio,0.04304721171786176,,0.04304721171786176,0.1291416351535853,C1_honest_unbiased;C2_oracle_within_bound;C3_regret_within_bound,True,SUCCESS,1010,
sim2,S2-011,10000,"{""K"": 3, ""sigma"": 0.005, ""rho"": 0.9, ""regime"": ""best=0.005""}",panel,oracle_optimism_mean,-3.2413367283809364e-07,0.0074115190368375565,5.023371391762811e-05,0.00015070114175288433,C1_honest_unbiased;C2_oracle_within_bound;C3_regret_within_bound,True,SUCCESS,1011,
sim2,S2-011,10000,"{""K"": 3, ""sigma"": 0.005, ""rho"": 0.9, ""regime"": ""best=0.005""}",panel,regret_mean,0.0001265,,7.852129685254784e-06,0.0001,C1_honest_unbiased;C2_oracle_within_bound;C3_regret_within_bound,True,SUCCESS,1011,
sim2,S2-011,10000,"{""K"": 3, ""sigma"": 0.005, ""rho"": 0.9, ""regime"": ""best=0.005""}",panel,p_select_best,0.9747,,0.9747,2.9241,C1_honest_unbiased;C2_oracle_within_bound;C3_regret_within_bound,True,SUCCESS,1011,
sim2,S2-011,10000,"{""K"": 3, ""sigma"": 0.005, ""rho"": 0.9, ""regime"": ""best=0.005""}",panel,reporting_bias_mean,-2.0244045063571027e-05,,5.0379765010816014e-05,0.00015113929503244805,C1_honest_unbiased;C2_oracle_within_bound;C3_regret_within_bound,True,SUCCESS,1011,
sim2,S2-011,10000,"{""K"": 3, ""sigma"": 0.005, ""rho"": 0.9, ""regime"": ""best=0.005""}",panel,winner_instability,0.02529999999999999,,0.02529999999999999,0.07589999999999997,C1_honest_unbiased;C2_oracle_within_bound;C3_regret_within_bound,True,SUCCESS,1011,
sim2,S2-011,10000,"{""K"": 3, ""sigma"": 0.005, ""rho"": 0.9, ""regime"": ""best=0.005""}",panel,one_se_regret_mean,0.0,,,,C1_honest_unbiased;C2_oracle_within_bound;C3_regret_within_bound,True,SUCCESS,1011,
sim2,S2-011,10000,"{""K"": 3, ""sigma"": 0.005, ""rho"": 0.9, ""regime"": ""best=0.005""}",panel,oracle_bound_ratio,-4.3733770530312125e-05,,-4.3733770530312125e-05,0.0001,C1_honest_unbiased;C2_oracle_within_bound;C3_regret_within_bound,True,SUCCESS,1011,
sim2,S2-012,10000,"{""K"": 3, ""sigma"": 0.005, ""rho"": 0.9, ""regime"": ""best=0.02""}",panel,oracle_optimism_mean,-3.068511664713251e-05,0.0074115190368375565,5.084338111121312e-05,0.00015253014333363934,C1_honest_unbiased;C2_oracle_within_bound;C3_regret_within_bound,True,SUCCESS,1012,
sim2,S2-012,10000,"{""K"": 3, ""sigma"": 0.005, ""rho"": 0.9, ""regime"": ""best=0.02""}",panel,regret_mean,0.0,,0.0,0.0001,C1_honest_unbiased;C2_oracle_within_bound;C3_regret_within_bound,True,SUCCESS,1012,
sim2,S2-012,10000,"{""K"": 3, ""sigma"": 0.005, ""rho"": 0.9, ""regime"": ""best=0.02""}",panel,p_select_best,1.0,,1.0,3.0,C1_honest_unbiased;C2_oracle_within_bound;C3_regret_within_bound,True,SUCCESS,1012,
sim2,S2-012,10000,"{""K"": 3, ""sigma"": 0.005, ""rho"": 0.9, ""regime"": ""best=0.02""}",panel,reporting_bias_mean,-3.068511664713251e-05,,5.084338111121312e-05,0.00015253014333363934,C1_honest_unbiased;C2_oracle_within_bound;C3_regret_within_bound,True,SUCCESS,1012,
sim2,S2-012,10000,"{""K"": 3, ""sigma"": 0.005, ""rho"": 0.9, ""regime"": ""best=0.02""}",panel,winner_instability,0.0,,0.0,0.0001,C1_honest_unbiased;C2_oracle_within_bound;C3_regret_within_bound,True,SUCCESS,1012,
sim2,S2-012,10000,"{""K"": 3, ""sigma"": 0.005, ""rho"": 0.9, ""regime"": ""best=0.02""}",panel,one_se_regret_mean,0.0,,,,C1_honest_unbiased;C2_oracle_within_bound;C3_regret_within_bound,True,SUCCESS,1012,
sim2,S2-012,10000,"{""K"": 3, ""sigma"": 0.005, ""rho"": 0.9, ""regime"": ""best=0.02""}",panel,oracle_bound_ratio,-0.004140192650739737,,-0.004140192650739737,0.0001,C1_honest_unbiased;C2_oracle_within_bound;C3_regret_within_bound,True,SUCCESS,1012,
sim2,S2-013,10000,"{""K"": 3, ""sigma"": 0.01, ""rho"": 0.0, ""regime"": ""all_equal""}",panel,oracle_optimism_mean,0.008494934236314823,0.014823038073675113,7.544235349539154e-05,0.00022632706048617463,C1_honest_unbiased;C2_oracle_within_bound;C3_regret_within_bound,True,SUCCESS,1013,
sim2,S2-013,10000,"{""K"": 3, ""sigma"": 0.01, ""rho"": 0.0, ""regime"": ""all_equal""}",panel,regret_mean,0.0,,0.0,0.0001,C1_honest_unbiased;C2_oracle_within_bound;C3_regret_within_bound,True,SUCCESS,1013,
sim2,S2-013,10000,"{""K"": 3, ""sigma"": 0.01, ""rho"": 0.0, ""regime"": ""all_equal""}",panel,p_select_best,1.0,,1.0,3.0,C1_honest_unbiased;C2_oracle_within_bound;C3_regret_within_bound,True,SUCCESS,1013,
sim2,S2-013,10000,"{""K"": 3, ""sigma"": 0.01, ""rho"": 0.0, ""regime"": ""all_equal""}",panel,reporting_bias_mean,-4.8317944967749136e-05,,9.941638567917424e-05,0.00029824915703752274,C1_honest_unbiased;C2_oracle_within_bound;C3_regret_within_bound,True,SUCCESS,1013,
sim2,S2-013,10000,"{""K"": 3, ""sigma"": 0.01, ""rho"": 0.0, ""regime"": ""all_equal""}",panel,winner_instability,0.6628000000000001,,0.6628000000000001,1.9884000000000002,C1_honest_unbiased;C2_oracle_within_bound;C3_regret_within_bound,True,SUCCESS,1013,
sim2,S2-013,10000,"{""K"": 3, ""sigma"": 0.01, ""rho"": 0.0, ""regime"": ""all_equal""}",panel,one_se_regret_mean,0.0,,,,C1_honest_unbiased;C2_oracle_within_bound;C3_regret_within_bound,True,SUCCESS,1013,
sim2,S2-013,10000,"{""K"": 3, ""sigma"": 0.01, ""rho"": 0.0, ""regime"": ""all_equal""}",panel,oracle_bound_ratio,0.5730899559248486,,0.5730899559248486,1.7192698677745457,C1_honest_unbiased;C2_oracle_within_bound;C3_regret_within_bound,True,SUCCESS,1013,
sim2,S2-014,10000,"{""K"": 3, ""sigma"": 0.01, ""rho"": 0.0, ""regime"": ""best=0.002""}",panel,oracle_optimism_mean,0.007155052777919558,0.014823038073675113,7.46342207681855e-05,0.00022390266230455652,C1_honest_unbiased;C2_oracle_within_bound;C3_regret_within_bound,True,SUCCESS,1014,
sim2,S2-014,10000,"{""K"": 3, ""sigma"": 0.01, ""rho"": 0.0, ""regime"": ""best=0.002""}",panel,regret_mean,0.0012178,,9.76042225440367e-06,0.0001,C1_honest_unbiased;C2_oracle_within_bound;C3_regret_within_bound,True,SUCCESS,1014,
sim2,S2-014,10000,"{""K"": 3, ""sigma"": 0.01, ""rho"": 0.0, ""regime"": ""best=0.002""}",panel,p_select_best,0.3911,,0.3911,1.1733,C1_honest_unbiased;C2_oracle_within_bound;C3_regret_within_bound,True,SUCCESS,1014,
sim2,S2-014,10000,"{""K"": 3, ""sigma"": 0.01, ""rho"": 0.0, ""regime"": ""best=0.002""}",panel,reporting_bias_mean,5.842631554028446e-05,,9.998921330922455e-05,0.0002999676399276737,C1_honest_unbiased;C2_oracle_within_bound;C3_regret_within_bound,True,SUCCESS,1014,
sim2,S2-014,10000,"{""K"": 3, ""sigma"": 0.01, ""rho"": 0.0, ""regime"": ""best=0.002""}",panel,winner_instability,0.6089,,0.6089,1.8267,C1_honest_unbiased;C2_oracle_within_bound;C3_regret_within_bound,True,SUCCESS,1014,
sim2,S2-014,10000,"{""K"": 3, ""sigma"": 0.01, ""rho"": 0.0, ""regime"": ""best=0.002""}",panel,one_se_regret_mean,0.0006242000000000001,,,,C1_honest_unbiased;C2_oracle_within_bound;C3_regret_within_bound,True,SUCCESS,1014,
sim2,S2-014,10000,"{""K"": 3, ""sigma"": 0.01, ""rho"": 0.0, ""regime"": ""best=0.002""}",panel,oracle_bound_ratio,0.48269813127084465,,0.48269813127084465,1.448094393812534,C1_honest_unbiased;C2_oracle_within_bound;C3_regret_within_bound,True,SUCCESS,1014,
sim2,S2-015,10000,"{""K"": 3, ""sigma"": 0.01, ""rho"": 0.0, ""regime"": ""best=0.005""}",panel,oracle_optimism_mean,0.005497242451681831,0.014823038073675113,7.680125373493185e-05,0.00023040376120479555,C1_honest_unbiased;C2_oracle_within_bound;C3_regret_within_bound,True,SUCCESS,1015,
sim2,S2-015,10000,"{""K"": 3, ""sigma"": 0.01, ""rho"": 0.0, ""regime"": ""best=0.005""}",panel,regret_mean,0.0025670000000000003,,2.4992270032074626e-05,0.0001,C1_honest_unbiased;C2_oracle_within_bound;C3_regret_within_bound,True,SUCCESS,1015,
sim2,S2-015,10000,"{""K"": 3, ""sigma"": 0.01, ""rho"": 0.0, ""regime"": ""best=0.005""}",panel,p_select_best,0.4866,,0.4866,1.4598,C1_honest_unbiased;C2_oracle_within_bound;C3_regret_within_bound,True,SUCCESS,1015,
sim2,S2-015,10000,"{""K"": 3, ""sigma"": 0.01, ""rho"": 0.0, ""regime"": ""best=0.005""}",panel,reporting_bias_mean,5.751566885921348e-05,,9.98372053808442e-05,0.0002995116161425326,C1_honest_unbiased;C2_oracle_within_bound;C3_regret_within_bound,True,SUCCESS,1015,
sim2,S2-015,10000,"{""K"": 3, ""sigma"": 0.01, ""rho"": 0.0, ""regime"": ""best=0.005""}",panel,winner_instability,0.5134000000000001,,0.5134000000000001,1.5402000000000002,C1_honest_unbiased;C2_oracle_within_bound;C3_regret_within_bound,True,SUCCESS,1015,
sim2,S2-015,10000,"{""K"": 3, ""sigma"": 0.01, ""rho"": 0.0, ""regime"": ""best=0.005""}",panel,one_se_regret_mean,0.0011615000000000002,,,,C1_honest_unbiased;C2_oracle_within_bound;C3_regret_within_bound,True,SUCCESS,1015,
sim2,S2-015,10000,"{""K"": 3, ""sigma"": 0.01, ""rho"": 0.0, ""regime"": ""best=0.005""}",panel,oracle_bound_ratio,0.37085801334104557,,0.37085801334104557,1.1125740400231368,C1_honest_unbiased;C2_oracle_within_bound;C3_regret_within_bound,True,SUCCESS,1015,
sim2,S2-016,10000,"{""K"": 3, ""sigma"": 0.01, ""rho"": 0.0, ""regime"": ""best=0.02""}",panel,oracle_optimism_mean,0.0009905416162703862,0.014823038073675113,8.995758747722704e-05,0.00026987276243168115,C1_honest_unbiased;C2_oracle_within_bound;C3_regret_within_bound,True,SUCCESS,1016,
sim2,S2-016,10000,"{""K"": 3, ""sigma"": 0.01, ""rho"": 0.0, ""regime"": ""best=0.02""}",panel,regret_mean,0.002706,,6.841216574880701e-05,0.00020523649724642104,C1_honest_unbiased;C2_oracle_within_bound;C3_regret_within_bound,True,SUCCESS,1016,
sim2,S2-016,10000,"{""K"": 3, ""sigma"": 0.01, ""rho"": 0.0, ""regime"": ""best=0.02""}",panel,p_select_best,0.8647,,0.8647,2.5941,C1_honest_unbiased;C2_oracle_within_bound;C3_regret_within_bound,True,SUCCESS,1016,
sim2,S2-016,10000,"{""K"": 3, ""sigma"": 0.01, ""rho"": 0.0, ""regime"": ""best=0.02""}",panel,reporting_bias_mean,9.359862087067544e-06,,9.932185160832584e-05,0.00029796555482497754,C1_honest_unbiased;C2_oracle_within_bound;C3_regret_within_bound,True,SUCCESS,1016,
sim2,S2-016,10000,"{""K"": 3, ""sigma"": 0.01, ""rho"": 0.0, ""regime"": ""best=0.02""}",panel,winner_instability,0.13529999999999998,,0.13529999999999998,0.4058999999999999,C1_honest_unbiased;C2_oracle_within_bound;C3_regret_within_bound,True,SUCCESS,1016,
sim2,S2-016,10000,"{""K"": 3, ""sigma"": 0.01, ""rho"": 0.0, ""regime"": ""best=0.02""}",panel,one_se_regret_mean,0.0006360000000000001,,,,C1_honest_unbiased;C2_oracle_within_bound;C3_regret_within_bound,True,SUCCESS,1016,
sim2,S2-016,10000,"{""K"": 3, ""sigma"": 0.01, ""rho"": 0.0, ""regime"": ""best=0.02""}",panel,oracle_bound_ratio,0.06682446684323996,,0.06682446684323996,0.2004734005297199,C1_honest_unbiased;C2_oracle_within_bound;C3_regret_within_bound,True,SUCCESS,1016,
sim2,S2-017,10000,"{""K"": 3, ""sigma"": 0.01, ""rho"": 0.5, ""regime"": ""all_equal""}",panel,oracle_optimism_mean,0.006018157962855171,0.014823038073675113,8.87361153147488e-05,0.0002662083459442464,C1_honest_unbiased;C2_oracle_within_bound;C3_regret_within_bound,True,SUCCESS,1017,
sim2,S2-017,10000,"{""K"": 3, ""sigma"": 0.01, ""rho"": 0.5, ""regime"": ""all_equal""}",panel,regret_mean,0.0,,0.0,0.0001,C1_honest_unbiased;C2_oracle_within_bound;C3_regret_within_bound,True,SUCCESS,1017,
sim2,S2-017,10000,"{""K"": 3, ""sigma"": 0.01, ""rho"": 0.5, ""regime"": ""all_equal""}",panel,p_select_best,1.0,,1.0,3.0,C1_honest_unbiased;C2_oracle_within_bound;C3_regret_within_bound,True,SUCCESS,1017,
sim2,S2-017,10000,"{""K"": 3, ""sigma"": 0.01, ""rho"": 0.5, ""regime"": ""all_equal""}",panel,reporting_bias_mean,3.834289621594407e-05,,9.965521434541531e-05,0.00029896564303624594,C1_honest_unbiased;C2_oracle_within_bound;C3_regret_within_bound,True,SUCCESS,1017,
sim2,S2-017,10000,"{""K"": 3, ""sigma"": 0.01, ""rho"": 0.5, ""regime"": ""all_equal""}",panel,winner_instability,0.6598999999999999,,0.6598999999999999,1.9796999999999998,C1_honest_unbiased;C2_oracle_within_bound;C3_regret_within_bound,True,SUCCESS,1017,
sim2,S2-017,10000,"{""K"": 3, ""sigma"": 0.01, ""rho"": 0.5, ""regime"": ""all_equal""}",panel,one_se_regret_mean,0.0,,,,C1_honest_unbiased;C2_oracle_within_bound;C3_regret_within_bound,True,SUCCESS,1017,
sim2,S2-017,10000,"{""K"": 3, ""sigma"": 0.01, ""rho"": 0.5, ""regime"": ""all_equal""}",panel,oracle_bound_ratio,0.4060003039149635,,0.4060003039149635,1.2180009117448904,C1_honest_unbiased;C2_oracle_within_bound;C3_regret_within_bound,True,SUCCESS,1017,
sim2,S2-018,10000,"{""K"": 3, ""sigma"": 0.01, ""rho"": 0.5, ""regime"": ""best=0.002""}",panel,oracle_optimism_mean,0.004814641332003658,0.014823038073675113,8.880851143453577e-05,0.0002664255343036073,C1_honest_unbiased;C2_oracle_within_bound;C3_regret_within_bound,True,SUCCESS,1018,
sim2,S2-018,10000,"{""K"": 3, ""sigma"": 0.01, ""rho"": 0.5, ""regime"": ""best=0.002""}",panel,regret_mean,0.0011694,,9.855966619657392e-06,0.0001,C1_honest_unbiased;C2_oracle_within_bound;C3_regret_within_bound,True,SUCCESS,1018,
sim2,S2-018,10000,"{""K"": 3, ""sigma"": 0.01, ""rho"": 0.5, ""regime"": ""best=0.002""}",panel,p_select_best,0.4153,,0.4153,1.2459,C1_honest_unbiased;C2_oracle_within_bound;C3_regret_within_bound,True,SUCCESS,1018,
sim2,S2-018,10000,"{""K"": 3, ""sigma"": 0.01, ""rho"": 0.5, ""regime"": ""best=0.002""}",panel,reporting_bias_mean,6.269082186458565e-05,,0.00010085445072155897,0.0003025633521646769,C1_honest_unbiased;C2_oracle_within_bound;C3_regret_within_bound,True,SUCCESS,1018,
sim2,S2-018,10000,"{""K"": 3, ""sigma"": 0.01, ""rho"": 0.5, ""regime"": ""best=0.002""}",panel,winner_instability,0.5847,,0.5847,1.7541,C1_honest_unbiased;C2_oracle_within_bound;C3_regret_within_bound,True,SUCCESS,1018,
sim2,S2-018,10000,"{""K"": 3, ""sigma"": 0.01, ""rho"": 0.5, ""regime"": ""best=0.002""}",panel,one_se_regret_mean,0.0003822,,,,C1_honest_unbiased;C2_oracle_within_bound;C3_regret_within_bound,True,SUCCESS,1018,
sim2,S2-018,10000,"{""K"": 3, ""sigma"": 0.01, ""rho"": 0.5, ""regime"": ""best=0.002""}",panel,oracle_bound_ratio,0.3248079987431316,,0.3248079987431316,0.9744239962293948,C1_honest_unbiased;C2_oracle_within_bound;C3_regret_within_bound,True,SUCCESS,1018,
sim2,S2-019,10000,"{""K"": 3, ""sigma"": 0.01, ""rho"": 0.5, ""regime"": ""best=0.005""}",panel,oracle_optimism_mean,0.0031531147691954515,0.014823038073675113,8.981114923787898e-05,0.00026943344771363696,C1_honest_unbiased;C2_oracle_within_bound;C3_regret_within_bound,True,SUCCESS,1019,
sim2,S2-019,10000,"{""K"": 3, ""sigma"": 0.01, ""rho"": 0.5, ""regime"": ""best=0.005""}",panel,regret_mean,0.0022595,,2.488529491065515e-05,0.0001,C1_honest_unbiased;C2_oracle_within_bound;C3_regret_within_bound,True,SUCCESS,1019,
sim2,S2-019,10000,"{""K"": 3, ""sigma"": 0.01, ""rho"": 0.5, ""regime"": ""best=0.005""}",panel,p_select_best,0.5481,,0.5481,1.6443,C1_honest_unbiased;C2_oracle_within_bound;C3_regret_within_bound,True,SUCCESS,1019,
sim2,S2-019,10000,"{""K"": 3, ""sigma"": 0.01, ""rho"": 0.5, ""regime"": ""best=0.005""}",panel,reporting_bias_mean,1.78166942189252e-05,,0.00010082757832419234,0.000302482734972577,C1_honest_unbiased;C2_oracle_within_bound;C3_regret_within_bound,True,SUCCESS,1019,
sim2,S2-019,10000,"{""K"": 3, ""sigma"": 0.01, ""rho"": 0.5, ""regime"": ""best=0.005""}",panel,winner_instability,0.45189999999999997,,0.45189999999999997,1.3557,C1_honest_unbiased;C2_oracle_within_bound;C3_regret_within_bound,True,SUCCESS,1019,
sim2,S2-019,10000,"{""K"": 3, ""sigma"": 0.01, ""rho"": 0.5, ""regime"": ""best=0.005""}",panel,one_se_regret_mean,0.000585,,,,C1_honest_unbiased;C2_oracle_within_bound;C3_regret_within_bound,True,SUCCESS,1019,
sim2,S2-019,10000,"{""K"": 3, ""sigma"": 0.01, ""rho"": 0.5, ""regime"": ""best=0.005""}",panel,oracle_bound_ratio,0.21271717400464665,,0.21271717400464665,0.63815152201394,C1_honest_unbiased;C2_oracle_within_bound;C3_regret_within_bound,True,SUCCESS,1019,
sim2,S2-020,10000,"{""K"": 3, ""sigma"": 0.01, ""rho"": 0.5, ""regime"": ""best=0.02""}",panel,oracle_optimism_mean,0.00019586670258974373,0.014823038073675113,9.804214007101624e-05,0.00029412642021304873,C1_honest_unbiased;C2_oracle_within_bound;C3_regret_within_bound,True,SUCCESS,1020,
sim2,S2-020,10000,"{""K"": 3, ""sigma"": 0.01, ""rho"": 0.5, ""regime"": ""best=0.02""}",panel,regret_mean,0.000794,,3.9052642815705685e-05,0.00011715792844711706,C1_honest_unbiased;C2_oracle_within_bound;C3_regret_within_bound,True,SUCCESS,1020,
sim2,S2-020,10000,"{""K"": 3, ""sigma"": 0.01, ""rho"": 0.5, ""regime"": ""best=0.02""}",panel,p_select_best,0.9603,,0.9603,2.8809,C1_honest_unbiased;C2_oracle_within_bound;C3_regret_within_bound,True,SUCCESS,1020,
sim2,S2-020,10000,"{""K"": 3, ""sigma"": 0.01, ""rho"": 0.5, ""regime"": ""best=0.02""}",panel,reporting_bias_mean,5.185314187819268e-05,,9.93511464814679e-05,0.00029805343944440366,C1_honest_unbiased;C2_oracle_within_bound;C3_regret_within_bound,True,SUCCESS,1020,
sim2,S2-020,10000,"{""K"": 3, ""sigma"": 0.01, ""rho"": 0.5, ""regime"": ""best=0.02""}",panel,winner_instability,0.03969999999999996,,0.03969999999999996,0.11909999999999987,C1_honest_unbiased;C2_oracle_within_bound;C3_regret_within_bound,True,SUCCESS,1020,
sim2,S2-020,10000,"{""K"": 3, ""sigma"": 0.01, ""rho"": 0.5, ""regime"": ""best=0.02""}",panel,one_se_regret_mean,3.6e-05,,,,C1_honest_unbiased;C2_oracle_within_bound;C3_regret_within_bound,True,SUCCESS,1020,
sim2,S2-020,10000,"{""K"": 3, ""sigma"": 0.01, ""rho"": 0.5, ""regime"": ""best=0.02""}",panel,oracle_bound_ratio,0.013213667914514235,,0.013213667914514235,0.03964100374354271,C1_honest_unbiased;C2_oracle_within_bound;C3_regret_within_bound,True,SUCCESS,1020,
sim2,S2-021,10000,"{""K"": 3, ""sigma"": 0.01, ""rho"": 0.9, ""regime"": ""all_equal""}",panel,oracle_optimism_mean,0.0027188856667049064,0.014823038073675113,9.76728810470311e-05,0.0002930186431410933,C1_honest_unbiased;C2_oracle_within_bound;C3_regret_within_bound,True,SUCCESS,1021,
sim2,S2-021,10000,"{""K"": 3, ""sigma"": 0.01, ""rho"": 0.9, ""regime"": ""all_equal""}",panel,regret_mean,0.0,,0.0,0.0001,C1_honest_unbiased;C2_oracle_within_bound;C3_regret_within_bound,True,SUCCESS,1021,
sim2,S2-021,10000,"{""K"": 3, ""sigma"": 0.01, ""rho"": 0.9, ""regime"": ""all_equal""}",panel,p_select_best,1.0,,1.0,3.0,C1_honest_unbiased;C2_oracle_within_bound;C3_regret_within_bound,True,SUCCESS,1021,
sim2,S2-021,10000,"{""K"": 3, ""sigma"": 0.01, ""rho"": 0.9, ""regime"": ""all_equal""}",panel,reporting_bias_mean,5.976419523707204e-05,,9.966527906326302e-05,0.00029899583718978904,C1_honest_unbiased;C2_oracle_within_bound;C3_regret_within_bound,True,SUCCESS,1021,
sim2,S2-021,10000,"{""K"": 3, ""sigma"": 0.01, ""rho"": 0.9, ""regime"": ""all_equal""}",panel,winner_instability,0.6656,,0.6656,1.9968,C1_honest_unbiased;C2_oracle_within_bound;C3_regret_within_bound,True,SUCCESS,1021,
sim2,S2-021,10000,"{""K"": 3, ""sigma"": 0.01, ""rho"": 0.9, ""regime"": ""all_equal""}",panel,one_se_regret_mean,0.0,,,,C1_honest_unbiased;C2_oracle_within_bound;C3_regret_within_bound,True,SUCCESS,1021,
sim2,S2-021,10000,"{""K"": 3, ""sigma"": 0.01, ""rho"": 0.9, ""regime"": ""all_equal""}",panel,oracle_bound_ratio,0.18342296991960746,,0.18342296991960746,0.5502689097588224,C1_honest_unbiased;C2_oracle_within_bound;C3_regret_within_bound,True,SUCCESS,1021,
sim2,S2-022,10000,"{""K"": 3, ""sigma"": 0.01, ""rho"": 0.9, ""regime"": ""best=0.002""}",panel,oracle_optimism_mean,0.0013745078162124026,0.014823038073675113,9.996652896650275e-05,0.0002998995868995082,C1_honest_unbiased;C2_oracle_within_bound;C3_regret_within_bound,True,SUCCESS,1022,
sim2,S2-022,10000,"{""K"": 3, ""sigma"": 0.01, ""rho"": 0.9, ""regime"": ""best=0.002""}",panel,regret_mean,0.0009590000000000002,,9.992091081871644e-06,0.0001,C1_honest_unbiased;C2_oracle_within_bound;C3_regret_within_bound,True,SUCCESS,1022,
sim2,S2-022,10000,"{""K"": 3, ""sigma"": 0.01, ""rho"": 0.9, ""regime"": ""best=0.002""}",panel,p_select_best,0.5205,,0.5205,1.5614999999999999,C1_honest_unbiased;C2_oracle_within_bound;C3_regret_within_bound,True,SUCCESS,1022,
sim2,S2-022,10000,"{""K"": 3, ""sigma"": 0.01, ""rho"": 0.9, ""regime"": ""best=0.002""}",panel,reporting_bias_mean,-0.0001165556354565366,,0.00010191144368145892,0.00030573433104437675,C1_honest_unbiased;C2_oracle_within_bound;C3_regret_within_bound,True,SUCCESS,1022,
sim2,S2-022,10000,"{""K"": 3, ""sigma"": 0.01, ""rho"": 0.9, ""regime"": ""best=0.002""}",panel,winner_instability,0.47950000000000004,,0.47950000000000004,1.4385000000000001,C1_honest_unbiased;C2_oracle_within_bound;C3_regret_within_bound,True,SUCCESS,1022,
sim2,S2-022,10000,"{""K"": 3, ""sigma"": 0.01, ""rho"": 0.9, ""regime"": ""best=0.002""}",panel,one_se_regret_mean,1.5200000000000002e-05,,,,C1_honest_unbiased;C2_oracle_within_bound;C3_regret_within_bound,True,SUCCESS,1022,
sim2,S2-022,10000,"{""K"": 3, ""sigma"": 0.01, ""rho"": 0.9, ""regime"": ""best=0.002""}",panel,oracle_bound_ratio,0.09272780717290686,,0.09272780717290686,0.2781834215187206,C1_honest_unbiased;C2_oracle_within_bound;C3_regret_within_bound,True,SUCCESS,1022,
sim2,S2-023,10000,"{""K"": 3, ""sigma"": 0.01, ""rho"": 0.9, ""regime"": ""best=0.005""}",panel,oracle_optimism_mean,0.00037140461229129366,0.014823038073675113,9.832070056845482e-05,0.00029496210170536447,C1_honest_unbiased;C2_oracle_within_bound;C3_regret_within_bound,True,SUCCESS,1023,
sim2,S2-023,10000,"{""K"": 3, ""sigma"": 0.01, ""rho"": 0.9, ""regime"": ""best=0.005""}",panel,regret_mean,0.001079,,2.0569837428166083e-05,0.0001,C1_honest_unbiased;C2_oracle_within_bound;C3_regret_within_bound,True,SUCCESS,1023,
sim2,S2-023,10000,"{""K"": 3, ""sigma"": 0.01, ""rho"": 0.9, ""regime"": ""best=0.005""}",panel,p_select_best,0.7842,,0.7842,2.3526,C1_honest_unbiased;C2_oracle_within_bound;C3_regret_within_bound,True,SUCCESS,1023,
sim2,S2-023,10000,"{""K"": 3, ""sigma"": 0.01, ""rho"": 0.9, ""regime"": ""best=0.005""}",panel,reporting_bias_mean,-0.00012190221997887558,,9.945916820978877e-05,0.00029837750462936635,C1_honest_unbiased;C2_oracle_within_bound;C3_regret_within_bound,True,SUCCESS,1023,
sim2,S2-023,10000,"{""K"": 3, ""sigma"": 0.01, ""rho"": 0.9, ""regime"": ""best=0.005""}",panel,winner_instability,0.2158,,0.2158,0.6474,C1_honest_unbiased;C2_oracle_within_bound;C3_regret_within_bound,True,SUCCESS,1023,
sim2,S2-023,10000,"{""K"": 3, ""sigma"": 0.01, ""rho"": 0.9, ""regime"": ""best=0.005""}",panel,one_se_regret_mean,5.5e-06,,,,C1_honest_unbiased;C2_oracle_within_bound;C3_regret_within_bound,True,SUCCESS,1023,
sim2,S2-023,10000,"{""K"": 3, ""sigma"": 0.01, ""rho"": 0.9, ""regime"": ""best=0.005""}",panel,oracle_bound_ratio,0.0250559035499536,,0.0250559035499536,0.0751677106498608,C1_honest_unbiased;C2_oracle_within_bound;C3_regret_within_bound,True,SUCCESS,1023,
sim2,S2-024,10000,"{""K"": 3, ""sigma"": 0.01, ""rho"": 0.9, ""regime"": ""best=0.02""}",panel,oracle_optimism_mean,-5.798164020339025e-06,0.014823038073675113,9.822622896543532e-05,0.00029467868689630593,C1_honest_unbiased;C2_oracle_within_bound;C3_regret_within_bound,True,SUCCESS,1024,
sim2,S2-024,10000,"{""K"": 3, ""sigma"": 0.01, ""rho"": 0.9, ""regime"": ""best=0.02""}",panel,regret_mean,0.0,,0.0,0.0001,C1_honest_unbiased;C2_oracle_within_bound;C3_regret_within_bound,True,SUCCESS,1024,
sim2,S2-024,10000,"{""K"": 3, ""sigma"": 0.01, ""rho"": 0.9, ""regime"": ""best=0.02""}",panel,p_select_best,1.0,,1.0,3.0,C1_honest_unbiased;C2_oracle_within_bound;C3_regret_within_bound,True,SUCCESS,1024,
sim2,S2-024,10000,"{""K"": 3, ""sigma"": 0.01, ""rho"": 0.9, ""regime"": ""best=0.02""}",panel,reporting_bias_mean,-5.798164020339025e-06,,9.822622896543532e-05,0.00029467868689630593,C1_honest_unbiased;C2_oracle_within_bound;C3_regret_within_bound,True,SUCCESS,1024,
sim2,S2-024,10000,"{""K"": 3, ""sigma"": 0.01, ""rho"": 0.9, ""regime"": ""best=0.02""}",panel,winner_instability,0.0,,0.0,0.0001,C1_honest_unbiased;C2_oracle_within_bound;C3_regret_within_bound,True,SUCCESS,1024,
sim2,S2-024,10000,"{""K"": 3, ""sigma"": 0.01, ""rho"": 0.9, ""regime"": ""best=0.02""}",panel,one_se_regret_mean,0.0,,,,C1_honest_unbiased;C2_oracle_within_bound;C3_regret_within_bound,True,SUCCESS,1024,
sim2,S2-024,10000,"{""K"": 3, ""sigma"": 0.01, ""rho"": 0.9, ""regime"": ""best=0.02""}",panel,oracle_bound_ratio,-0.00039115895078460606,,-0.00039115895078460606,0.0001,C1_honest_unbiased;C2_oracle_within_bound;C3_regret_within_bound,True,SUCCESS,1024,
sim2,S2-025,10000,"{""K"": 3, ""sigma"": 0.03, ""rho"": 0.0, ""regime"": ""all_equal""}",panel,oracle_optimism_mean,0.024966317722113694,0.044469114221025334,0.00022450244191374495,0.0006735073257412348,C1_honest_unbiased;C2_oracle_within_bound;C3_regret_within_bound,True,SUCCESS,1025,
sim2,S2-025,10000,"{""K"": 3, ""sigma"": 0.03, ""rho"": 0.0, ""regime"": ""all_equal""}",panel,regret_mean,0.0,,0.0,0.0001,C1_honest_unbiased;C2_oracle_within_bound;C3_regret_within_bound,True,SUCCESS,1025,
sim2,S2-025,10000,"{""K"": 3, ""sigma"": 0.03, ""rho"": 0.0, ""regime"": ""all_equal""}",panel,p_select_best,1.0,,1.0,3.0,C1_honest_unbiased;C2_oracle_within_bound;C3_regret_within_bound,True,SUCCESS,1025,
sim2,S2-025,10000,"{""K"": 3, ""sigma"": 0.03, ""rho"": 0.0, ""regime"": ""all_equal""}",panel,reporting_bias_mean,-0.0002514762578490468,,0.00030194357222912546,0.0009058307166873764,C1_honest_unbiased;C2_oracle_within_bound;C3_regret_within_bound,True,SUCCESS,1025,
sim2,S2-025,10000,"{""K"": 3, ""sigma"": 0.03, ""rho"": 0.0, ""regime"": ""all_equal""}",panel,winner_instability,0.6621,,0.6621,1.9863,C1_honest_unbiased;C2_oracle_within_bound;C3_regret_within_bound,True,SUCCESS,1025,
sim2,S2-025,10000,"{""K"": 3, ""sigma"": 0.03, ""rho"": 0.0, ""regime"": ""all_equal""}",panel,one_se_regret_mean,0.0,,,,C1_honest_unbiased;C2_oracle_within_bound;C3_regret_within_bound,True,SUCCESS,1025,
sim2,S2-025,10000,"{""K"": 3, ""sigma"": 0.03, ""rho"": 0.0, ""regime"": ""all_equal""}",panel,oracle_bound_ratio,0.5614305155264242,,0.5614305155264242,1.6842915465792725,C1_honest_unbiased;C2_oracle_within_bound;C3_regret_within_bound,True,SUCCESS,1025,
sim2,S2-026,10000,"{""K"": 3, ""sigma"": 0.03, ""rho"": 0.0, ""regime"": ""best=0.002""}",panel,oracle_optimism_mean,0.02412876283933702,0.044469114221025334,0.00022427593327243922,0.0006728277998173176,C1_honest_unbiased;C2_oracle_within_bound;C3_regret_within_bound,True,SUCCESS,1026,
sim2,S2-026,10000,"{""K"": 3, ""sigma"": 0.03, ""rho"": 0.0, ""regime"": ""best=0.002""}",panel,regret_mean,0.0012952000000000003,,9.554832572188184e-06,0.0001,C1_honest_unbiased;C2_oracle_within_bound;C3_regret_within_bound,True,SUCCESS,1026,
sim2,S2-026,10000,"{""K"": 3, ""sigma"": 0.03, ""rho"": 0.0, ""regime"": ""best=0.002""}",panel,p_select_best,0.3524,,0.3524,1.0572,C1_honest_unbiased;C2_oracle_within_bound;C3_regret_within_bound,True,SUCCESS,1026,
sim2,S2-026,10000,"{""K"": 3, ""sigma"": 0.03, ""rho"": 0.0, ""regime"": ""best=0.002""}",panel,reporting_bias_mean,-0.0001178937369259363,,0.00030081147661275247,0.0009024344298382574,C1_honest_unbiased;C2_oracle_within_bound;C3_regret_within_bound,True,SUCCESS,1026,
sim2,S2-026,10000,"{""K"": 3, ""sigma"": 0.03, ""rho"": 0.0, ""regime"": ""best=0.002""}",panel,winner_instability,0.6476,,0.6476,1.9427999999999999,C1_honest_unbiased;C2_oracle_within_bound;C3_regret_within_bound,True,SUCCESS,1026,
sim2,S2-026,10000,"{""K"": 3, ""sigma"": 0.03, ""rho"": 0.0, ""regime"": ""best=0.002""}",panel,one_se_regret_mean,0.000684,,,,C1_honest_unbiased;C2_oracle_within_bound;C3_regret_within_bound,True,SUCCESS,1026,
sim2,S2-026,10000,"{""K"": 3, ""sigma"": 0.03, ""rho"": 0.0, ""regime"": ""best=0.002""}",panel,oracle_bound_ratio,0.54259598514622,,0.54259598514622,1.6277879554386598,C1_honest_unbiased;C2_oracle_within_bound;C3_regret_within_bound,True,SUCCESS,1026,
sim2,S2-027,10000,"{""K"": 3, ""sigma"": 0.03, ""rho"": 0.0, ""regime"": ""best=0.005""}",panel,oracle_optimism_mean,0.02195925393715801,0.044469114221025334,0.00022771429549770948,0.0006831428864931284,C1_honest_unbiased;C2_oracle_within_bound;C3_regret_within_bound,True,SUCCESS,1027,
sim2,S2-027,10000,"{""K"": 3, ""sigma"": 0.03, ""rho"": 0.0, ""regime"": ""best=0.005""}",panel,regret_mean,0.0030960000000000002,,2.428039031266535e-05,0.0001,C1_honest_unbiased;C2_oracle_within_bound;C3_regret_within_bound,True,SUCCESS,1027,
sim2,S2-027,10000,"{""K"": 3, ""sigma"": 0.03, ""rho"": 0.0, ""regime"": ""best=0.005""}",panel,p_select_best,0.3808,,0.3808,1.1424,C1_honest_unbiased;C2_oracle_within_bound;C3_regret_within_bound,True,SUCCESS,1027,
sim2,S2-027,10000,"{""K"": 3, ""sigma"": 0.03, ""rho"": 0.0, ""regime"": ""best=0.005""}",panel,reporting_bias_mean,1.9393010949672716e-05,,0.0002990459588851317,0.0008971378766553951,C1_honest_unbiased;C2_oracle_within_bound;C3_regret_within_bound,True,SUCCESS,1027,
sim2,S2-027,10000,"{""K"": 3, ""sigma"": 0.03, ""rho"": 0.0, ""regime"": ""best=0.005""}",panel,winner_instability,0.6192,,0.6192,1.8576,C1_honest_unbiased;C2_oracle_within_bound;C3_regret_within_bound,True,SUCCESS,1027,
sim2,S2-027,10000,"{""K"": 3, ""sigma"": 0.03, ""rho"": 0.0, ""regime"": ""best=0.005""}",panel,one_se_regret_mean,0.0016015,,,,C1_honest_unbiased;C2_oracle_within_bound;C3_regret_within_bound,True,SUCCESS,1027,
sim2,S2-027,10000,"{""K"": 3, ""sigma"": 0.03, ""rho"": 0.0, ""regime"": ""best=0.005""}",panel,oracle_bound_ratio,0.4938091149739049,,0.4938091149739049,1.4814273449217148,C1_honest_unbiased;C2_oracle_within_bound;C3_regret_within_bound,True,SUCCESS,1027,
sim2,S2-028,10000,"{""K"": 3, ""sigma"": 0.03, ""rho"": 0.0, ""regime"": ""best=0.02""}",panel,oracle_optimism_mean,0.014075030121338221,0.044469114221025334,0.00023236229906932593,0.0006970868972079778,C1_honest_unbiased;C2_oracle_within_bound;C3_regret_within_bound,True,SUCCESS,1028,
sim2,S2-028,10000,"{""K"": 3, ""sigma"": 0.03, ""rho"": 0.0, ""regime"": ""best=0.02""}",panel,regret_mean,0.009464000000000002,,9.986124186471285e-05,0.00029958372559413856,C1_honest_unbiased;C2_oracle_within_bound;C3_regret_within_bound,True,SUCCESS,1028,
sim2,S2-028,10000,"{""K"": 3, ""sigma"": 0.03, ""rho"": 0.0, ""regime"": ""best=0.02""}",panel,p_select_best,0.5268,,0.5268,1.5804,C1_honest_unbiased;C2_oracle_within_bound;C3_regret_within_bound,True,SUCCESS,1028,
sim2,S2-028,10000,"{""K"": 3, ""sigma"": 0.03, ""rho"": 0.0, ""regime"": ""best=0.02""}",panel,reporting_bias_mean,0.000341330638392292,,0.0003004666636981089,0.0009013999910943266,C1_honest_unbiased;C2_oracle_within_bound;C3_regret_within_bound,True,SUCCESS,1028,
sim2,S2-028,10000,"{""K"": 3, ""sigma"": 0.03, ""rho"": 0.0, ""regime"": ""best=0.02""}",panel,winner_instability,0.47319999999999995,,0.47319999999999995,1.4196,C1_honest_unbiased;C2_oracle_within_bound;C3_regret_within_bound,True,SUCCESS,1028,
sim2,S2-028,10000,"{""K"": 3, ""sigma"": 0.03, ""rho"": 0.0, ""regime"": ""best=0.02""}",panel,one_se_regret_mean,0.004036,,,,C1_honest_unbiased;C2_oracle_within_bound;C3_regret_within_bound,True,SUCCESS,1028,
sim2,S2-028,10000,"{""K"": 3, ""sigma"": 0.03, ""rho"": 0.0, ""regime"": ""best=0.02""}",panel,oracle_bound_ratio,0.31651249115017094,,0.31651249115017094,0.9495374734505129,C1_honest_unbiased;C2_oracle_within_bound;C3_regret_within_bound,True,SUCCESS,1028,
sim2,S2-029,10000,"{""K"": 3, ""sigma"": 0.03, ""rho"": 0.5, ""regime"": ""all_equal""}",panel,oracle_optimism_mean,0.018138094842567044,0.044469114221025334,0.00026909747086177084,0.0008072924125853125,C1_honest_unbiased;C2_oracle_within_bound;C3_regret_within_bound,True,SUCCESS,1029,
sim2,S2-029,10000,"{""K"": 3, ""sigma"": 0.03, ""rho"": 0.5, ""regime"": ""all_equal""}",panel,regret_mean,0.0,,0.0,0.0001,C1_honest_unbiased;C2_oracle_within_bound;C3_regret_within_bound,True,SUCCESS,1029,
sim2,S2-029,10000,"{""K"": 3, ""sigma"": 0.03, ""rho"": 0.5, ""regime"": ""all_equal""}",panel,p_select_best,1.0,,1.0,3.0,C1_honest_unbiased;C2_oracle_within_bound;C3_regret_within_bound,True,SUCCESS,1029,
sim2,S2-029,10000,"{""K"": 3, ""sigma"": 0.03, ""rho"": 0.5, ""regime"": ""all_equal""}",panel,reporting_bias_mean,0.00015700612667739403,,0.00030185916608744504,0.0009055774982623351,C1_honest_unbiased;C2_oracle_within_bound;C3_regret_within_bound,True,SUCCESS,1029,
sim2,S2-029,10000,"{""K"": 3, ""sigma"": 0.03, ""rho"": 0.5, ""regime"": ""all_equal""}",panel,winner_instability,0.6599999999999999,,0.6599999999999999,1.9799999999999998,C1_honest_unbiased;C2_oracle_within_bound;C3_regret_within_bound,True,SUCCESS,1029,
sim2,S2-029,10000,"{""K"": 3, ""sigma"": 0.03, ""rho"": 0.5, ""regime"": ""all_equal""}",panel,one_se_regret_mean,0.0,,,,C1_honest_unbiased;C2_oracle_within_bound;C3_regret_within_bound,True,SUCCESS,1029,
sim2,S2-029,10000,"{""K"": 3, ""sigma"": 0.03, ""rho"": 0.5, ""regime"": ""all_equal""}",panel,oracle_bound_ratio,0.4078807316110474,,0.4078807316110474,1.2236421948331422,C1_honest_unbiased;C2_oracle_within_bound;C3_regret_within_bound,True,SUCCESS,1029,
sim2,S2-030,10000,"{""K"": 3, ""sigma"": 0.03, ""rho"": 0.5, ""regime"": ""best=0.002""}",panel,oracle_optimism_mean,0.01651194861238616,0.044469114221025334,0.0002659886643820229,0.0007979659931460687,C1_honest_unbiased;C2_oracle_within_bound;C3_regret_within_bound,True,SUCCESS,1030,
sim2,S2-030,10000,"{""K"": 3, ""sigma"": 0.03, ""rho"": 0.5, ""regime"": ""best=0.002""}",panel,regret_mean,0.0012702000000000002,,9.628523606798949e-06,0.0001,C1_honest_unbiased;C2_oracle_within_bound;C3_regret_within_bound,True,SUCCESS,1030,
sim2,S2-030,10000,"{""K"": 3, ""sigma"": 0.03, ""rho"": 0.5, ""regime"": ""best=0.002""}",panel,p_select_best,0.3649,,0.3649,1.0947,C1_honest_unbiased;C2_oracle_within_bound;C3_regret_within_bound,True,SUCCESS,1030,
sim2,S2-030,10000,"{""K"": 3, ""sigma"": 0.03, ""rho"": 0.5, ""regime"": ""best=0.002""}",panel,reporting_bias_mean,0.00027590275256563716,,0.0003032466666787865,0.0009097400000363596,C1_honest_unbiased;C2_oracle_within_bound;C3_regret_within_bound,True,SUCCESS,1030,
sim2,S2-030,10000,"{""K"": 3, ""sigma"": 0.03, ""rho"": 0.5, ""regime"": ""best=0.002""}",panel,winner_instability,0.6351,,0.6351,1.9053,C1_honest_unbiased;C2_oracle_within_bound;C3_regret_within_bound,True,SUCCESS,1030,
sim2,S2-030,10000,"{""K"": 3, ""sigma"": 0.03, ""rho"": 0.5, ""regime"": ""best=0.002""}",panel,one_se_regret_mean,0.00047300000000000006,,,,C1_honest_unbiased;C2_oracle_within_bound;C3_regret_within_bound,True,SUCCESS,1030,
sim2,S2-030,10000,"{""K"": 3, ""sigma"": 0.03, ""rho"": 0.5, ""regime"": ""best=0.002""}",panel,oracle_bound_ratio,0.3713127392265256,,0.3713127392265256,1.1139382176795767,C1_honest_unbiased;C2_oracle_within_bound;C3_regret_within_bound,True,SUCCESS,1030,
sim2,S2-031,10000,"{""K"": 3, ""sigma"": 0.03, ""rho"": 0.5, ""regime"": ""best=0.005""}",panel,oracle_optimism_mean,0.014482488203124944,0.044469114221025334,0.0002656988014620675,0.0007970964043862024,C1_honest_unbiased;C2_oracle_within_bound;C3_regret_within_bound,True,SUCCESS,1031,
sim2,S2-031,10000,"{""K"": 3, ""sigma"": 0.03, ""rho"": 0.5, ""regime"": ""best=0.005""}",panel,regret_mean,0.0029830000000000004,,2.4530211436661383e-05,0.0001,C1_honest_unbiased;C2_oracle_within_bound;C3_regret_within_bound,True,SUCCESS,1031,
sim2,S2-031,10000,"{""K"": 3, ""sigma"": 0.03, ""rho"": 0.5, ""regime"": ""best=0.005""}",panel,p_select_best,0.4034,,0.4034,1.2102,C1_honest_unbiased;C2_oracle_within_bound;C3_regret_within_bound,True,SUCCESS,1031,
sim2,S2-031,10000,"{""K"": 3, ""sigma"": 0.03, ""rho"": 0.5, ""regime"": ""best=0.005""}",panel,reporting_bias_mean,-0.0001982460878537908,,0.00030014894344176517,0.0009004468303252956,C1_honest_unbiased;C2_oracle_within_bound;C3_regret_within_bound,True,SUCCESS,1031,
sim2,S2-031,10000,"{""K"": 3, ""sigma"": 0.03, ""rho"": 0.5, ""regime"": ""best=0.005""}",panel,winner_instability,0.5966,,0.5966,1.7898,C1_honest_unbiased;C2_oracle_within_bound;C3_regret_within_bound,True,SUCCESS,1031,
sim2,S2-031,10000,"{""K"": 3, ""sigma"": 0.03, ""rho"": 0.5, ""regime"": ""best=0.005""}",panel,one_se_regret_mean,0.00101,,,,C1_honest_unbiased;C2_oracle_within_bound;C3_regret_within_bound,True,SUCCESS,1031,
sim2,S2-031,10000,"{""K"": 3, ""sigma"": 0.03, ""rho"": 0.5, ""regime"": ""best=0.005""}",panel,oracle_bound_ratio,0.32567521203913513,,0.32567521203913513,0.9770256361174054,C1_honest_unbiased;C2_oracle_within_bound;C3_regret_within_bound,True,SUCCESS,1031,
sim2,S2-032,10000,"{""K"": 3, ""sigma"": 0.03, ""rho"": 0.5, ""regime"": ""best=0.02""}",panel,oracle_optimism_mean,0.0075270423234019175,0.044469114221025334,0.0002697222252981047,0.0008091666758943141,C1_honest_unbiased;C2_oracle_within_bound;C3_regret_within_bound,True,SUCCESS,1032,
sim2,S2-032,10000,"{""K"": 3, ""sigma"": 0.03, ""rho"": 0.5, ""regime"": ""best=0.02""}",panel,regret_mean,0.007602000000000001,,9.708708559957407e-05,0.0002912612567987222,C1_honest_unbiased;C2_oracle_within_bound;C3_regret_within_bound,True,SUCCESS,1032,
sim2,S2-032,10000,"{""K"": 3, ""sigma"": 0.03, ""rho"": 0.5, ""regime"": ""best=0.02""}",panel,p_select_best,0.6199,,0.6199,1.8597000000000001,C1_honest_unbiased;C2_oracle_within_bound;C3_regret_within_bound,True,SUCCESS,1032,
sim2,S2-032,10000,"{""K"": 3, ""sigma"": 0.03, ""rho"": 0.5, ""regime"": ""best=0.02""}",panel,reporting_bias_mean,-7.672996166360526e-05,,0.00029662065078507973,0.0008898619523552392,C1_honest_unbiased;C2_oracle_within_bound;C3_regret_within_bound,True,SUCCESS,1032,
sim2,S2-032,10000,"{""K"": 3, ""sigma"": 0.03, ""rho"": 0.5, ""regime"": ""best=0.02""}",panel,winner_instability,0.3801,,0.3801,1.1402999999999999,C1_honest_unbiased;C2_oracle_within_bound;C3_regret_within_bound,True,SUCCESS,1032,
sim2,S2-032,10000,"{""K"": 3, ""sigma"": 0.03, ""rho"": 0.5, ""regime"": ""best=0.02""}",panel,one_se_regret_mean,0.001604,,,,C1_honest_unbiased;C2_oracle_within_bound;C3_regret_within_bound,True,SUCCESS,1032,
sim2,S2-032,10000,"{""K"": 3, ""sigma"": 0.03, ""rho"": 0.5, ""regime"": ""best=0.02""}",panel,oracle_bound_ratio,0.16926449863584364,,0.16926449863584364,0.507793495907531,C1_honest_unbiased;C2_oracle_within_bound;C3_regret_within_bound,True,SUCCESS,1032,
sim2,S2-033,10000,"{""K"": 3, ""sigma"": 0.03, ""rho"": 0.9, ""regime"": ""all_equal""}",panel,oracle_optimism_mean,0.008058274441482424,0.044469114221025334,0.0002937168943744466,0.0008811506831233398,C1_honest_unbiased;C2_oracle_within_bound;C3_regret_within_bound,True,SUCCESS,1033,
sim2,S2-033,10000,"{""K"": 3, ""sigma"": 0.03, ""rho"": 0.9, ""regime"": ""all_equal""}",panel,regret_mean,0.0,,0.0,0.0001,C1_honest_unbiased;C2_oracle_within_bound;C3_regret_within_bound,True,SUCCESS,1033,
sim2,S2-033,10000,"{""K"": 3, ""sigma"": 0.03, ""rho"": 0.9, ""regime"": ""all_equal""}",panel,p_select_best,1.0,,1.0,3.0,C1_honest_unbiased;C2_oracle_within_bound;C3_regret_within_bound,True,SUCCESS,1033,
sim2,S2-033,10000,"{""K"": 3, ""sigma"": 0.03, ""rho"": 0.9, ""regime"": ""all_equal""}",panel,reporting_bias_mean,9.577321092924284e-05,,0.00030114930092579385,0.0009034479027773815,C1_honest_unbiased;C2_oracle_within_bound;C3_regret_within_bound,True,SUCCESS,1033,
sim2,S2-033,10000,"{""K"": 3, ""sigma"": 0.03, ""rho"": 0.9, ""regime"": ""all_equal""}",panel,winner_instability,0.6634,,0.6634,1.9902,C1_honest_unbiased;C2_oracle_within_bound;C3_regret_within_bound,True,SUCCESS,1033,
sim2,S2-033,10000,"{""K"": 3, ""sigma"": 0.03, ""rho"": 0.9, ""regime"": ""all_equal""}",panel,one_se_regret_mean,0.0,,,,C1_honest_unbiased;C2_oracle_within_bound;C3_regret_within_bound,True,SUCCESS,1033,
sim2,S2-033,10000,"{""K"": 3, ""sigma"": 0.03, ""rho"": 0.9, ""regime"": ""all_equal""}",panel,oracle_bound_ratio,0.18121059037583462,,0.18121059037583462,0.5436317711275038,C1_honest_unbiased;C2_oracle_within_bound;C3_regret_within_bound,True,SUCCESS,1033,
sim2,S2-034,10000,"{""K"": 3, ""sigma"": 0.03, ""rho"": 0.9, ""regime"": ""best=0.002""}",panel,oracle_optimism_mean,0.007254308597633628,0.044469114221025334,0.0002938198196234448,0.0008814594588703344,C1_honest_unbiased;C2_oracle_within_bound;C3_regret_within_bound,True,SUCCESS,1034,
sim2,S2-034,10000,"{""K"": 3, ""sigma"": 0.03, ""rho"": 0.9, ""regime"": ""best=0.002""}",panel,regret_mean,0.0011996,,9.799264592746534e-06,0.0001,C1_honest_unbiased;C2_oracle_within_bound;C3_regret_within_bound,True,SUCCESS,1034,
sim2,S2-034,10000,"{""K"": 3, ""sigma"": 0.03, ""rho"": 0.9, ""regime"": ""best=0.002""}",panel,p_select_best,0.4002,,0.4002,1.2006000000000001,C1_honest_unbiased;C2_oracle_within_bound;C3_regret_within_bound,True,SUCCESS,1034,
sim2,S2-034,10000,"{""K"": 3, ""sigma"": 0.03, ""rho"": 0.9, ""regime"": ""best=0.002""}",panel,reporting_bias_mean,0.0006454170816911299,,0.00030156811035447246,0.0009047043310634174,C1_honest_unbiased;C2_oracle_within_bound;C3_regret_within_bound,True,SUCCESS,1034,
sim2,S2-034,10000,"{""K"": 3, ""sigma"": 0.03, ""rho"": 0.9, ""regime"": ""best=0.002""}",panel,winner_instability,0.5998,,0.5998,1.7993999999999999,C1_honest_unbiased;C2_oracle_within_bound;C3_regret_within_bound,True,SUCCESS,1034,
sim2,S2-034,10000,"{""K"": 3, ""sigma"": 0.03, ""rho"": 0.9, ""regime"": ""best=0.002""}",panel,one_se_regret_mean,2.9000000000000004e-05,,,,C1_honest_unbiased;C2_oracle_within_bound;C3_regret_within_bound,True,SUCCESS,1034,
sim2,S2-034,10000,"{""K"": 3, ""sigma"": 0.03, ""rho"": 0.9, ""regime"": ""best=0.002""}",panel,oracle_bound_ratio,0.16313139410822208,,0.16313139410822208,0.48939418232466625,C1_honest_unbiased;C2_oracle_within_bound;C3_regret_within_bound,True,SUCCESS,1034,
sim2,S2-035,10000,"{""K"": 3, ""sigma"": 0.03, ""rho"": 0.9, ""regime"": ""best=0.005""}",panel,oracle_optimism_mean,0.0053299718156145535,0.044469114221025334,0.0002955469221916156,0.0008866407665748467,C1_honest_unbiased;C2_oracle_within_bound;C3_regret_within_bound,True,SUCCESS,1035,
sim2,S2-035,10000,"{""K"": 3, ""sigma"": 0.03, ""rho"": 0.9, ""regime"": ""best=0.005""}",panel,regret_mean,0.0025475000000000003,,2.499673696076887e-05,0.0001,C1_honest_unbiased;C2_oracle_within_bound;C3_regret_within_bound,True,SUCCESS,1035,
sim2,S2-035,10000,"{""K"": 3, ""sigma"": 0.03, ""rho"": 0.9, ""regime"": ""best=0.005""}",panel,p_select_best,0.4905,,0.4905,1.4715,C1_honest_unbiased;C2_oracle_within_bound;C3_regret_within_bound,True,SUCCESS,1035,
sim2,S2-035,10000,"{""K"": 3, ""sigma"": 0.03, ""rho"": 0.9, ""regime"": ""best=0.005""}",panel,reporting_bias_mean,0.00015491744531209416,,0.0003020652782087915,0.0009061958346263746,C1_honest_unbiased;C2_oracle_within_bound;C3_regret_within_bound,True,SUCCESS,1035,
sim2,S2-035,10000,"{""K"": 3, ""sigma"": 0.03, ""rho"": 0.9, ""regime"": ""best=0.005""}",panel,winner_instability,0.5095000000000001,,0.5095000000000001,1.5285000000000002,C1_honest_unbiased;C2_oracle_within_bound;C3_regret_within_bound,True,SUCCESS,1035,
sim2,S2-035,10000,"{""K"": 3, ""sigma"": 0.03, ""rho"": 0.9, ""regime"": ""best=0.005""}",panel,one_se_regret_mean,3.85e-05,,,,C1_honest_unbiased;C2_oracle_within_bound;C3_regret_within_bound,True,SUCCESS,1035,
sim2,S2-035,10000,"{""K"": 3, ""sigma"": 0.03, ""rho"": 0.9, ""regime"": ""best=0.005""}",panel,oracle_bound_ratio,0.11985783636532392,,0.11985783636532392,0.35957350909597174,C1_honest_unbiased;C2_oracle_within_bound;C3_regret_within_bound,True,SUCCESS,1035,
sim2,S2-036,10000,"{""K"": 3, ""sigma"": 0.03, ""rho"": 0.9, ""regime"": ""best=0.02""}",panel,oracle_optimism_mean,0.0005289717076213739,0.044469114221025334,0.0002956416794280283,0.0008869250382840849,C1_honest_unbiased;C2_oracle_within_bound;C3_regret_within_bound,True,SUCCESS,1036,
sim2,S2-036,10000,"{""K"": 3, ""sigma"": 0.03, ""rho"": 0.9, ""regime"": ""best=0.02""}",panel,regret_mean,0.00237,,6.464308062575049e-05,0.00019392924187725146,C1_honest_unbiased;C2_oracle_within_bound;C3_regret_within_bound,True,SUCCESS,1036,
sim2,S2-036,10000,"{""K"": 3, ""sigma"": 0.03, ""rho"": 0.9, ""regime"": ""best=0.02""}",panel,p_select_best,0.8815,,0.8815,2.6445,C1_honest_unbiased;C2_oracle_within_bound;C3_regret_within_bound,True,SUCCESS,1036,
sim2,S2-036,10000,"{""K"": 3, ""sigma"": 0.03, ""rho"": 0.9, ""regime"": ""best=0.02""}",panel,reporting_bias_mean,-0.0002276527542935189,,0.0002974228029275165,0.0008922684087825496,C1_honest_unbiased;C2_oracle_within_bound;C3_regret_within_bound,True,SUCCESS,1036,
sim2,S2-036,10000,"{""K"": 3, ""sigma"": 0.03, ""rho"": 0.9, ""regime"": ""best=0.02""}",panel,winner_instability,0.11850000000000005,,0.11850000000000005,0.35550000000000015,C1_honest_unbiased;C2_oracle_within_bound;C3_regret_within_bound,True,SUCCESS,1036,
sim2,S2-036,10000,"{""K"": 3, ""sigma"": 0.03, ""rho"": 0.9, ""regime"": ""best=0.02""}",panel,one_se_regret_mean,0.0,,,,C1_honest_unbiased;C2_oracle_within_bound;C3_regret_within_bound,True,SUCCESS,1036,
sim2,S2-036,10000,"{""K"": 3, ""sigma"": 0.03, ""rho"": 0.9, ""regime"": ""best=0.02""}",panel,oracle_bound_ratio,0.011895260719433715,,0.011895260719433715,0.03568578215830115,C1_honest_unbiased;C2_oracle_within_bound;C3_regret_within_bound,True,SUCCESS,1036,
sim2,S2-037,10000,"{""K"": 8, ""sigma"": 0.005, ""rho"": 0.0, ""regime"": ""all_equal""}",panel,oracle_optimism_mean,0.007086516584503633,0.010196669901688089,3.0475401142525124e-05,0.0001,C1_honest_unbiased;C2_oracle_within_bound;C3_regret_within_bound,True,SUCCESS,1037,
sim2,S2-037,10000,"{""K"": 8, ""sigma"": 0.005, ""rho"": 0.0, ""regime"": ""all_equal""}",panel,regret_mean,0.0,,0.0,0.0001,C1_honest_unbiased;C2_oracle_within_bound;C3_regret_within_bound,True,SUCCESS,1037,
sim2,S2-037,10000,"{""K"": 8, ""sigma"": 0.005, ""rho"": 0.0, ""regime"": ""all_equal""}",panel,p_select_best,1.0,,1.0,3.0,C1_honest_unbiased;C2_oracle_within_bound;C3_regret_within_bound,True,SUCCESS,1037,
sim2,S2-037,10000,"{""K"": 8, ""sigma"": 0.005, ""rho"": 0.0, ""regime"": ""all_equal""}",panel,reporting_bias_mean,-6.412919769946676e-06,,5.023044585321312e-05,0.00015069133755963936,C1_honest_unbiased;C2_oracle_within_bound;C3_regret_within_bound,True,SUCCESS,1037,
sim2,S2-037,10000,"{""K"": 8, ""sigma"": 0.005, ""rho"": 0.0, ""regime"": ""all_equal""}",panel,winner_instability,0.8702,,0.8702,2.6106,C1_honest_unbiased;C2_oracle_within_bound;C3_regret_within_bound,True,SUCCESS,1037,
sim2,S2-037,10000,"{""K"": 8, ""sigma"": 0.005, ""rho"": 0.0, ""regime"": ""all_equal""}",panel,one_se_regret_mean,0.0,,,,C1_honest_unbiased;C2_oracle_within_bound;C3_regret_within_bound,True,SUCCESS,1037,
sim2,S2-037,10000,"{""K"": 8, ""sigma"": 0.005, ""rho"": 0.0, ""regime"": ""all_equal""}",panel,oracle_bound_ratio,0.6949834262390351,,0.6949834262390351,2.0849502787171055,C1_honest_unbiased;C2_oracle_within_bound;C3_regret_within_bound,True,SUCCESS,1037,
sim2,S2-038,10000,"{""K"": 8, ""sigma"": 0.005, ""rho"": 0.0, ""regime"": ""best=0.002""}",panel,oracle_optimism_mean,0.00541924078135857,0.010196669901688089,3.0680909245786455e-05,0.0001,C1_honest_unbiased;C2_oracle_within_bound;C3_regret_within_bound,True,SUCCESS,1038,
sim2,S2-038,10000,"{""K"": 8, ""sigma"": 0.005, ""rho"": 0.0, ""regime"": ""best=0.002""}",panel,regret_mean,0.0015846,,8.113622316000954e-06,0.0001,C1_honest_unbiased;C2_oracle_within_bound;C3_regret_within_bound,True,SUCCESS,1038,
sim2,S2-038,10000,"{""K"": 8, ""sigma"": 0.005, ""rho"": 0.0, ""regime"": ""best=0.002""}",panel,p_select_best,0.2077,,0.2077,0.6231,C1_honest_unbiased;C2_oracle_within_bound;C3_regret_within_bound,True,SUCCESS,1038,
sim2,S2-038,10000,"{""K"": 8, ""sigma"": 0.005, ""rho"": 0.0, ""regime"": ""best=0.002""}",panel,reporting_bias_mean,-1.1061609615352325e-05,,5.0273426713518264e-05,0.0001508202801405548,C1_honest_unbiased;C2_oracle_within_bound;C3_regret_within_bound,True,SUCCESS,1038,
sim2,S2-038,10000,"{""K"": 8, ""sigma"": 0.005, ""rho"": 0.0, ""regime"": ""best=0.002""}",panel,winner_instability,0.7923,,0.7923,2.3769,C1_honest_unbiased;C2_oracle_within_bound;C3_regret_within_bound,True,SUCCESS,1038,
sim2,S2-038,10000,"{""K"": 8, ""sigma"": 0.005, ""rho"": 0.0, ""regime"": ""best=0.002""}",panel,one_se_regret_mean,0.0009436,,,,C1_honest_unbiased;C2_oracle_within_bound;C3_regret_within_bound,True,SUCCESS,1038,
sim2,S2-038,10000,"{""K"": 8, ""sigma"": 0.005, ""rho"": 0.0, ""regime"": ""best=0.002""}",panel,oracle_bound_ratio,0.5314716307979529,,0.5314716307979529,1.5944148923938588,C1_honest_unbiased;C2_oracle_within_bound;C3_regret_within_bound,True,SUCCESS,1038,
sim2,S2-039,10000,"{""K"": 8, ""sigma"": 0.005, ""rho"": 0.0, ""regime"": ""best=0.005""}",panel,oracle_optimism_mean,0.0033062579311819926,0.010196669901688089,3.232536978204247e-05,0.0001,C1_honest_unbiased;C2_oracle_within_bound;C3_regret_within_bound,True,SUCCESS,1039,
sim2,S2-039,10000,"{""K"": 8, ""sigma"": 0.005, ""rho"": 0.0, ""regime"": ""best=0.005""}",panel,regret_mean,0.0030715000000000004,,2.433922790068494e-05,0.0001,C1_honest_unbiased;C2_oracle_within_bound;C3_regret_within_bound,True,SUCCESS,1039,
sim2,S2-039,10000,"{""K"": 8, ""sigma"": 0.005, ""rho"": 0.0, ""regime"": ""best=0.005""}",panel,p_select_best,0.3857,,0.3857,1.1571,C1_honest_unbiased;C2_oracle_within_bound;C3_regret_within_bound,True,SUCCESS,1039,
sim2,S2-039,10000,"{""K"": 8, ""sigma"": 0.005, ""rho"": 0.0, ""regime"": ""best=0.005""}",panel,reporting_bias_mean,-7.587095195648428e-06,,4.968938874048683e-05,0.00014906816622146048,C1_honest_unbiased;C2_oracle_within_bound;C3_regret_within_bound,True,SUCCESS,1039,
sim2,S2-039,10000,"{""K"": 8, ""sigma"": 0.005, ""rho"": 0.0, ""regime"": ""best=0.005""}",panel,winner_instability,0.6143000000000001,,0.6143000000000001,1.8429000000000002,C1_honest_unbiased;C2_oracle_within_bound;C3_regret_within_bound,True,SUCCESS,1039,
sim2,S2-039,10000,"{""K"": 8, ""sigma"": 0.005, ""rho"": 0.0, ""regime"": ""best=0.005""}",panel,one_se_regret_mean,0.0014360000000000002,,,,C1_honest_unbiased;C2_oracle_within_bound;C3_regret_within_bound,True,SUCCESS,1039,
sim2,S2-039,10000,"{""K"": 8, ""sigma"": 0.005, ""rho"": 0.0, ""regime"": ""best=0.005""}",panel,oracle_bound_ratio,0.32424879524977385,,0.32424879524977385,0.9727463857493215,C1_honest_unbiased;C2_oracle_within_bound;C3_regret_within_bound,True,SUCCESS,1039,
sim2,S2-040,10000,"{""K"": 8, ""sigma"": 0.005, ""rho"": 0.0, ""regime"": ""best=0.02""}",panel,oracle_optimism_mean,-4.776479604715203e-05,0.010196669901688089,5.0076183588131974e-05,0.00015022855076439592,C1_honest_unbiased;C2_oracle_within_bound;C3_regret_within_bound,True,SUCCESS,1040,
sim2,S2-040,10000,"{""K"": 8, ""sigma"": 0.005, ""rho"": 0.0, ""regime"": ""best=0.02""}",panel,regret_mean,0.000286,,2.3746089945057644e-05,0.0001,C1_honest_unbiased;C2_oracle_within_bound;C3_regret_within_bound,True,SUCCESS,1040,
sim2,S2-040,10000,"{""K"": 8, ""sigma"": 0.005, ""rho"": 0.0, ""regime"": ""best=0.02""}",panel,p_select_best,0.9857,,0.9857,2.9571,C1_honest_unbiased;C2_oracle_within_bound;C3_regret_within_bound,True,SUCCESS,1040,
sim2,S2-040,10000,"{""K"": 8, ""sigma"": 0.005, ""rho"": 0.0, ""regime"": ""best=0.02""}",panel,reporting_bias_mean,-0.00010770837109735572,,5.072261386369236e-05,0.00015216784159107708,C1_honest_unbiased;C2_oracle_within_bound;C3_regret_within_bound,True,SUCCESS,1040,
sim2,S2-040,10000,"{""K"": 8, ""sigma"": 0.005, ""rho"": 0.0, ""regime"": ""best=0.02""}",panel,winner_instability,0.01429999999999998,,0.01429999999999998,0.04289999999999994,C1_honest_unbiased;C2_oracle_within_bound;C3_regret_within_bound,True,SUCCESS,1040,
sim2,S2-040,10000,"{""K"": 8, ""sigma"": 0.005, ""rho"": 0.0, ""regime"": ""best=0.02""}",panel,one_se_regret_mean,1.8e-05,,,,C1_honest_unbiased;C2_oracle_within_bound;C3_regret_within_bound,True,SUCCESS,1040,
sim2,S2-040,10000,"{""K"": 8, ""sigma"": 0.005, ""rho"": 0.0, ""regime"": ""best=0.02""}",panel,oracle_bound_ratio,-0.004684352490340442,,-0.004684352490340442,0.0001,C1_honest_unbiased;C2_oracle_within_bound;C3_regret_within_bound,True,SUCCESS,1040,
sim2,S2-041,10000,"{""K"": 8, ""sigma"": 0.005, ""rho"": 0.5, ""regime"": ""all_equal""}",panel,oracle_optimism_mean,0.005015710873717883,0.010196669901688089,4.2013247858051546e-05,0.00012603974357415463,C1_honest_unbiased;C2_oracle_within_bound;C3_regret_within_bound,True,SUCCESS,1041,
sim2,S2-041,10000,"{""K"": 8, ""sigma"": 0.005, ""rho"": 0.5, ""regime"": ""all_equal""}",panel,regret_mean,0.0,,0.0,0.0001,C1_honest_unbiased;C2_oracle_within_bound;C3_regret_within_bound,True,SUCCESS,1041,
sim2,S2-041,10000,"{""K"": 8, ""sigma"": 0.005, ""rho"": 0.5, ""regime"": ""all_equal""}",panel,p_select_best,1.0,,1.0,3.0,C1_honest_unbiased;C2_oracle_within_bound;C3_regret_within_bound,True,SUCCESS,1041,
sim2,S2-041,10000,"{""K"": 8, ""sigma"": 0.005, ""rho"": 0.5, ""regime"": ""all_equal""}",panel,reporting_bias_mean,-3.2959112902921334e-05,,5.0455895000357514e-05,0.00015136768500107254,C1_honest_unbiased;C2_oracle_within_bound;C3_regret_within_bound,True,SUCCESS,1041,
sim2,S2-041,10000,"{""K"": 8, ""sigma"": 0.005, ""rho"": 0.5, ""regime"": ""all_equal""}",panel,winner_instability,0.8706,,0.8706,2.6118,C1_honest_unbiased;C2_oracle_within_bound;C3_regret_within_bound,True,SUCCESS,1041,
sim2,S2-041,10000,"{""K"": 8, ""sigma"": 0.005, ""rho"": 0.5, ""regime"": ""all_equal""}",panel,one_se_regret_mean,0.0,,,,C1_honest_unbiased;C2_oracle_within_bound;C3_regret_within_bound,True,SUCCESS,1041,
sim2,S2-041,10000,"{""K"": 8, ""sigma"": 0.005, ""rho"": 0.5, ""regime"": ""all_equal""}",panel,oracle_bound_ratio,0.4918969547977146,,0.4918969547977146,1.475690864393144,C1_honest_unbiased;C2_oracle_within_bound;C3_regret_within_bound,True,SUCCESS,1041,
sim2,S2-042,10000,"{""K"": 8, ""sigma"": 0.005, ""rho"": 0.5, ""regime"": ""best=0.002""}",panel,oracle_optimism_mean,0.0035093219739368523,0.010196669901688089,4.1767855951533605e-05,0.0001253035678546008,C1_honest_unbiased;C2_oracle_within_bound;C3_regret_within_bound,True,SUCCESS,1042,
sim2,S2-042,10000,"{""K"": 8, ""sigma"": 0.005, ""rho"": 0.5, ""regime"": ""best=0.002""}",panel,regret_mean,0.0014922000000000002,,8.70525669635393e-06,0.0001,C1_honest_unbiased;C2_oracle_within_bound;C3_regret_within_bound,True,SUCCESS,1042,
sim2,S2-042,10000,"{""K"": 8, ""sigma"": 0.005, ""rho"": 0.5, ""regime"": ""best=0.002""}",panel,p_select_best,0.2539,,0.2539,0.7617,C1_honest_unbiased;C2_oracle_within_bound;C3_regret_within_bound,True,SUCCESS,1042,
sim2,S2-042,10000,"{""K"": 8, ""sigma"": 0.005, ""rho"": 0.5, ""regime"": ""best=0.002""}",panel,reporting_bias_mean,7.550396131803299e-05,,4.966052252669629e-05,0.00014898156758008887,C1_honest_unbiased;C2_oracle_within_bound;C3_regret_within_bound,True,SUCCESS,1042,
sim2,S2-042,10000,"{""K"": 8, ""sigma"": 0.005, ""rho"": 0.5, ""regime"": ""best=0.002""}",panel,winner_instability,0.7461,,0.7461,2.2382999999999997,C1_honest_unbiased;C2_oracle_within_bound;C3_regret_within_bound,True,SUCCESS,1042,
sim2,S2-042,10000,"{""K"": 8, ""sigma"": 0.005, ""rho"": 0.5, ""regime"": ""best=0.002""}",panel,one_se_regret_mean,0.0005978,,,,C1_honest_unbiased;C2_oracle_within_bound;C3_regret_within_bound,True,SUCCESS,1042,
sim2,S2-042,10000,"{""K"": 8, ""sigma"": 0.005, ""rho"": 0.5, ""regime"": ""best=0.002""}",panel,oracle_bound_ratio,0.34416353650478315,,0.34416353650478315,1.0324906095143493,C1_honest_unbiased;C2_oracle_within_bound;C3_regret_within_bound,True,SUCCESS,1042,
sim2,S2-043,10000,"{""K"": 8, ""sigma"": 0.005, ""rho"": 0.5, ""regime"": ""best=0.005""}",panel,oracle_optimism_mean,0.00157108106115789,0.010196669901688089,4.292095604693757e-05,0.0001287628681408127,C1_honest_unbiased;C2_oracle_within_bound;C3_regret_within_bound,True,SUCCESS,1043,
sim2,S2-043,10000,"{""K"": 8, ""sigma"": 0.005, ""rho"": 0.5, ""regime"": ""best=0.005""}",panel,regret_mean,0.00234,,2.494999499448893e-05,0.0001,C1_honest_unbiased;C2_oracle_within_bound;C3_regret_within_bound,True,SUCCESS,1043,
sim2,S2-043,10000,"{""K"": 8, ""sigma"": 0.005, ""rho"": 0.5, ""regime"": ""best=0.005""}",panel,p_select_best,0.532,,0.532,1.596,C1_honest_unbiased;C2_oracle_within_bound;C3_regret_within_bound,True,SUCCESS,1043,
sim2,S2-043,10000,"{""K"": 8, ""sigma"": 0.005, ""rho"": 0.5, ""regime"": ""best=0.005""}",panel,reporting_bias_mean,1.6815130689011127e-05,,4.9414788073311536e-05,0.0001482443642199346,C1_honest_unbiased;C2_oracle_within_bound;C3_regret_within_bound,True,SUCCESS,1043,
sim2,S2-043,10000,"{""K"": 8, ""sigma"": 0.005, ""rho"": 0.5, ""regime"": ""best=0.005""}",panel,winner_instability,0.46799999999999997,,0.46799999999999997,1.404,C1_honest_unbiased;C2_oracle_within_bound;C3_regret_within_bound,True,SUCCESS,1043,
sim2,S2-043,10000,"{""K"": 8, ""sigma"": 0.005, ""rho"": 0.5, ""regime"": ""best=0.005""}",panel,one_se_regret_mean,0.000514,,,,C1_honest_unbiased;C2_oracle_within_bound;C3_regret_within_bound,True,SUCCESS,1043,
sim2,S2-043,10000,"{""K"": 8, ""sigma"": 0.005, ""rho"": 0.5, ""regime"": ""best=0.005""}",panel,oracle_bound_ratio,0.1540778583896094,,0.1540778583896094,0.46223357516882824,C1_honest_unbiased;C2_oracle_within_bound;C3_regret_within_bound,True,SUCCESS,1043,
sim2,S2-044,10000,"{""K"": 8, ""sigma"": 0.005, ""rho"": 0.5, ""regime"": ""best=0.02""}",panel,oracle_optimism_mean,3.827675575033328e-05,0.010196669901688089,5.017464326699391e-05,0.00015052392980098171,C1_honest_unbiased;C2_oracle_within_bound;C3_regret_within_bound,True,SUCCESS,1044,
sim2,S2-044,10000,"{""K"": 8, ""sigma"": 0.005, ""rho"": 0.5, ""regime"": ""best=0.02""}",panel,regret_mean,0.0,,0.0,0.0001,C1_honest_unbiased;C2_oracle_within_bound;C3_regret_within_bound,True,SUCCESS,1044,
sim2,S2-044,10000,"{""K"": 8, ""sigma"": 0.005, ""rho"": 0.5, ""regime"": ""best=0.02""}",panel,p_select_best,1.0,,1.0,3.0,C1_honest_unbiased;C2_oracle_within_bound;C3_regret_within_bound,True,SUCCESS,1044,
sim2,S2-044,10000,"{""K"": 8, ""sigma"": 0.005, ""rho"": 0.5, ""regime"": ""best=0.02""}",panel,reporting_bias_mean,3.807883090490172e-05,,5.017642992987133e-05,0.00015052928978961399,C1_honest_unbiased;C2_oracle_within_bound;C3_regret_within_bound,True,SUCCESS,1044,
sim2,S2-044,10000,"{""K"": 8, ""sigma"": 0.005, ""rho"": 0.5, ""regime"": ""best=0.02""}",panel,winner_instability,0.0,,0.0,0.0001,C1_honest_unbiased;C2_oracle_within_bound;C3_regret_within_bound,True,SUCCESS,1044,
sim2,S2-044,10000,"{""K"": 8, ""sigma"": 0.005, ""rho"": 0.5, ""regime"": ""best=0.02""}",panel,one_se_regret_mean,0.0,,,,C1_honest_unbiased;C2_oracle_within_bound;C3_regret_within_bound,True,SUCCESS,1044,
sim2,S2-044,10000,"{""K"": 8, ""sigma"": 0.005, ""rho"": 0.5, ""regime"": ""best=0.02""}",panel,oracle_bound_ratio,0.00375384867014244,,0.00375384867014244,0.01126154601042732,C1_honest_unbiased;C2_oracle_within_bound;C3_regret_within_bound,True,SUCCESS,1044,
sim2,S2-045,10000,"{""K"": 8, ""sigma"": 0.005, ""rho"": 0.9, ""regime"": ""all_equal""}",panel,oracle_optimism_mean,0.0022868491393399394,0.010196669901688089,4.850327618995979e-05,0.00014550982856987937,C1_honest_unbiased;C2_oracle_within_bound;C3_regret_within_bound,True,SUCCESS,1045,
sim2,S2-045,10000,"{""K"": 8, ""sigma"": 0.005, ""rho"": 0.9, ""regime"": ""all_equal""}",panel,regret_mean,0.0,,0.0,0.0001,C1_honest_unbiased;C2_oracle_within_bound;C3_regret_within_bound,True,SUCCESS,1045,
sim2,S2-045,10000,"{""K"": 8, ""sigma"": 0.005, ""rho"": 0.9, ""regime"": ""all_equal""}",panel,p_select_best,1.0,,1.0,3.0,C1_honest_unbiased;C2_oracle_within_bound;C3_regret_within_bound,True,SUCCESS,1045,
sim2,S2-045,10000,"{""K"": 8, ""sigma"": 0.005, ""rho"": 0.9, ""regime"": ""all_equal""}",panel,reporting_bias_mean,4.1828835575494585e-05,,5.0202653516144335e-05,0.000150607960548433,C1_honest_unbiased;C2_oracle_within_bound;C3_regret_within_bound,True,SUCCESS,1045,
sim2,S2-045,10000,"{""K"": 8, ""sigma"": 0.005, ""rho"": 0.9, ""regime"": ""all_equal""}",panel,winner_instability,0.8723,,0.8723,2.6169,C1_honest_unbiased;C2_oracle_within_bound;C3_regret_within_bound,True,SUCCESS,1045,
sim2,S2-045,10000,"{""K"": 8, ""sigma"": 0.005, ""rho"": 0.9, ""regime"": ""all_equal""}",panel,one_se_regret_mean,0.0,,,,C1_honest_unbiased;C2_oracle_within_bound;C3_regret_within_bound,True,SUCCESS,1045,
sim2,S2-045,10000,"{""K"": 8, ""sigma"": 0.005, ""rho"": 0.9, ""regime"": ""all_equal""}",panel,oracle_bound_ratio,0.22427411707829678,,0.22427411707829678,0.6728223512348903,C1_honest_unbiased;C2_oracle_within_bound;C3_regret_within_bound,True,SUCCESS,1045,
sim2,S2-046,10000,"{""K"": 8, ""sigma"": 0.005, ""rho"": 0.9, ""regime"": ""best=0.002""}",panel,oracle_optimism_mean,0.0008184285566432675,0.010196669901688089,4.854051734446632e-05,0.00014562155203339894,C1_honest_unbiased;C2_oracle_within_bound;C3_regret_within_bound,True,SUCCESS,1046,
sim2,S2-046,10000,"{""K"": 8, ""sigma"": 0.005, ""rho"": 0.9, ""regime"": ""best=0.002""}",panel,regret_mean,0.0010558,,9.984918921082237e-06,0.0001,C1_honest_unbiased;C2_oracle_within_bound;C3_regret_within_bound,True,SUCCESS,1046,
sim2,S2-046,10000,"{""K"": 8, ""sigma"": 0.005, ""rho"": 0.9, ""regime"": ""best=0.002""}",panel,p_select_best,0.4721,,0.4721,1.4163000000000001,C1_honest_unbiased;C2_oracle_within_bound;C3_regret_within_bound,True,SUCCESS,1046,
sim2,S2-046,10000,"{""K"": 8, ""sigma"": 0.005, ""rho"": 0.9, ""regime"": ""best=0.002""}",panel,reporting_bias_mean,3.2697003939702375e-06,,4.9518380796958496e-05,0.0001485551423908755,C1_honest_unbiased;C2_oracle_within_bound;C3_regret_within_bound,True,SUCCESS,1046,
sim2,S2-046,10000,"{""K"": 8, ""sigma"": 0.005, ""rho"": 0.9, ""regime"": ""best=0.002""}",panel,winner_instability,0.5279,,0.5279,1.5837,C1_honest_unbiased;C2_oracle_within_bound;C3_regret_within_bound,True,SUCCESS,1046,
sim2,S2-046,10000,"{""K"": 8, ""sigma"": 0.005, ""rho"": 0.9, ""regime"": ""best=0.002""}",panel,one_se_regret_mean,1.18e-05,,,,C1_honest_unbiased;C2_oracle_within_bound;C3_regret_within_bound,True,SUCCESS,1046,
sim2,S2-046,10000,"{""K"": 8, ""sigma"": 0.005, ""rho"": 0.9, ""regime"": ""best=0.002""}",panel,oracle_bound_ratio,0.0802642984949208,,0.0802642984949208,0.2407928954847624,C1_honest_unbiased;C2_oracle_within_bound;C3_regret_within_bound,True,SUCCESS,1046,
sim2,S2-047,10000,"{""K"": 8, ""sigma"": 0.005, ""rho"": 0.9, ""regime"": ""best=0.005""}",panel,oracle_optimism_mean,1.262930086821954e-05,0.010196669901688089,4.990703362204735e-05,0.00014972110086614206,C1_honest_unbiased;C2_oracle_within_bound;C3_regret_within_bound,True,SUCCESS,1047,
sim2,S2-047,10000,"{""K"": 8, ""sigma"": 0.005, ""rho"": 0.9, ""regime"": ""best=0.005""}",panel,regret_mean,0.000314,,1.2130750822251322e-05,0.0001,C1_honest_unbiased;C2_oracle_within_bound;C3_regret_within_bound,True,SUCCESS,1047,
sim2,S2-047,10000,"{""K"": 8, ""sigma"": 0.005, ""rho"": 0.9, ""regime"": ""best=0.005""}",panel,p_select_best,0.9372,,0.9372,2.8116000000000003,C1_honest_unbiased;C2_oracle_within_bound;C3_regret_within_bound,True,SUCCESS,1047,
sim2,S2-047,10000,"{""K"": 8, ""sigma"": 0.005, ""rho"": 0.9, ""regime"": ""best=0.005""}",panel,reporting_bias_mean,-4.8740468917784665e-05,,5.0182288929786836e-05,0.0001505468667893605,C1_honest_unbiased;C2_oracle_within_bound;C3_regret_within_bound,True,SUCCESS,1047,
sim2,S2-047,10000,"{""K"": 8, ""sigma"": 0.005, ""rho"": 0.9, ""regime"": ""best=0.005""}",panel,winner_instability,0.06279999999999997,,0.06279999999999997,0.1883999999999999,C1_honest_unbiased;C2_oracle_within_bound;C3_regret_within_bound,True,SUCCESS,1047,
sim2,S2-047,10000,"{""K"": 8, ""sigma"": 0.005, ""rho"": 0.9, ""regime"": ""best=0.005""}",panel,one_se_regret_mean,0.0,,,,C1_honest_unbiased;C2_oracle_within_bound;C3_regret_within_bound,True,SUCCESS,1047,
sim2,S2-047,10000,"{""K"": 8, ""sigma"": 0.005, ""rho"": 0.9, ""regime"": ""best=0.005""}",panel,oracle_bound_ratio,0.0012385711207664693,,0.0012385711207664693,0.0037157133622994078,C1_honest_unbiased;C2_oracle_within_bound;C3_regret_within_bound,True,SUCCESS,1047,
sim2,S2-048,10000,"{""K"": 8, ""sigma"": 0.005, ""rho"": 0.9, ""regime"": ""best=0.02""}",panel,oracle_optimism_mean,-7.955182851254228e-05,0.010196669901688089,5.002044013647562e-05,0.00015006132040942685,C1_honest_unbiased;C2_oracle_within_bound;C3_regret_within_bound,True,SUCCESS,1048,
sim2,S2-048,10000,"{""K"": 8, ""sigma"": 0.005, ""rho"": 0.9, ""regime"": ""best=0.02""}",panel,regret_mean,0.0,,0.0,0.0001,C1_honest_unbiased;C2_oracle_within_bound;C3_regret_within_bound,True,SUCCESS,1048,
sim2,S2-048,10000,"{""K"": 8, ""sigma"": 0.005, ""rho"": 0.9, ""regime"": ""best=0.02""}",panel,p_select_best,1.0,,1.0,3.0,C1_honest_unbiased;C2_oracle_within_bound;C3_regret_within_bound,True,SUCCESS,1048,
sim2,S2-048,10000,"{""K"": 8, ""sigma"": 0.005, ""rho"": 0.9, ""regime"": ""best=0.02""}",panel,reporting_bias_mean,-7.955182851254228e-05,,5.002044013647562e-05,0.00015006132040942685,C1_honest_unbiased;C2_oracle_within_bound;C3_regret_within_bound,True,SUCCESS,1048,
sim2,S2-048,10000,"{""K"": 8, ""sigma"": 0.005, ""rho"": 0.9, ""regime"": ""best=0.02""}",panel,winner_instability,0.0,,0.0,0.0001,C1_honest_unbiased;C2_oracle_within_bound;C3_regret_within_bound,True,SUCCESS,1048,
sim2,S2-048,10000,"{""K"": 8, ""sigma"": 0.005, ""rho"": 0.9, ""regime"": ""best=0.02""}",panel,one_se_regret_mean,0.0,,,,C1_honest_unbiased;C2_oracle_within_bound;C3_regret_within_bound,True,SUCCESS,1048,
sim2,S2-048,10000,"{""K"": 8, ""sigma"": 0.005, ""rho"": 0.9, ""regime"": ""best=0.02""}",panel,oracle_bound_ratio,-0.007801745989577659,,-0.007801745989577659,0.0001,C1_honest_unbiased;C2_oracle_within_bound;C3_regret_within_bound,True,SUCCESS,1048,
sim2,S2-049,10000,"{""K"": 8, ""sigma"": 0.01, ""rho"": 0.0, ""regime"": ""all_equal""}",panel,oracle_optimism_mean,0.014275270587633964,0.020393339803376178,6.110070911030217e-05,0.0001833021273309065,C1_honest_unbiased;C2_oracle_within_bound;C3_regret_within_bound,True,SUCCESS,1049,
sim2,S2-049,10000,"{""K"": 8, ""sigma"": 0.01, ""rho"": 0.0, ""regime"": ""all_equal""}",panel,regret_mean,0.0,,0.0,0.0001,C1_honest_unbiased;C2_oracle_within_bound;C3_regret_within_bound,True,SUCCESS,1049,
sim2,S2-049,10000,"{""K"": 8, ""sigma"": 0.01, ""rho"": 0.0, ""regime"": ""all_equal""}",panel,p_select_best,1.0,,1.0,3.0,C1_honest_unbiased;C2_oracle_within_bound;C3_regret_within_bound,True,SUCCESS,1049,
sim2,S2-049,10000,"{""K"": 8, ""sigma"": 0.01, ""rho"": 0.0, ""regime"": ""all_equal""}",panel,reporting_bias_mean,7.509163261751376e-05,,0.00010012701728939227,0.0003003810518681768,C1_honest_unbiased;C2_oracle_within_bound;C3_regret_within_bound,True,SUCCESS,1049,
sim2,S2-049,10000,"{""K"": 8, ""sigma"": 0.01, ""rho"": 0.0, ""regime"": ""all_equal""}",panel,winner_instability,0.8681,,0.8681,2.6043,C1_honest_unbiased;C2_oracle_within_bound;C3_regret_within_bound,True,SUCCESS,1049,
sim2,S2-049,10000,"{""K"": 8, ""sigma"": 0.01, ""rho"": 0.0, ""regime"": ""all_equal""}",panel,one_se_regret_mean,0.0,,,,C1_honest_unbiased;C2_oracle_within_bound;C3_regret_within_bound,True,SUCCESS,1049,
sim2,S2-049,10000,"{""K"": 8, ""sigma"": 0.01, ""rho"": 0.0, ""regime"": ""all_equal""}",panel,oracle_bound_ratio,0.6999967011421371,,0.6999967011421371,2.0999901034264115,C1_honest_unbiased;C2_oracle_within_bound;C3_regret_within_bound,True,SUCCESS,1049,
sim2,S2-050,10000,"{""K"": 8, ""sigma"": 0.01, ""rho"": 0.0, ""regime"": ""best=0.002""}",panel,oracle_optimism_mean,0.012503214858264314,0.020393339803376178,6.0810260791292135e-05,0.0001824307823738764,C1_honest_unbiased;C2_oracle_within_bound;C3_regret_within_bound,True,SUCCESS,1050,
sim2,S2-050,10000,"{""K"": 8, ""sigma"": 0.01, ""rho"": 0.0, ""regime"": ""best=0.002""}",panel,regret_mean,0.0016732,,7.394974277470912e-06,0.0001,C1_honest_unbiased;C2_oracle_within_bound;C3_regret_within_bound,True,SUCCESS,1050,
sim2,S2-050,10000,"{""K"": 8, ""sigma"": 0.01, ""rho"": 0.0, ""regime"": ""best=0.002""}",panel,p_select_best,0.1634,,0.1634,0.49019999999999997,C1_honest_unbiased;C2_oracle_within_bound;C3_regret_within_bound,True,SUCCESS,1050,
sim2,S2-050,10000,"{""K"": 8, ""sigma"": 0.01, ""rho"": 0.0, ""regime"": ""best=0.002""}",panel,reporting_bias_mean,-8.781851327822429e-05,,0.00010070419048455185,0.00030211257145365555,C1_honest_unbiased;C2_oracle_within_bound;C3_regret_within_bound,True,SUCCESS,1050,
sim2,S2-050,10000,"{""K"": 8, ""sigma"": 0.01, ""rho"": 0.0, ""regime"": ""best=0.002""}",panel,winner_instability,0.8366,,0.8366,2.5098000000000003,C1_honest_unbiased;C2_oracle_within_bound;C3_regret_within_bound,True,SUCCESS,1050,
sim2,S2-050,10000,"{""K"": 8, ""sigma"": 0.01, ""rho"": 0.0, ""regime"": ""best=0.002""}",panel,one_se_regret_mean,0.0010974000000000001,,,,C1_honest_unbiased;C2_oracle_within_bound;C3_regret_within_bound,True,SUCCESS,1050,
sim2,S2-050,10000,"{""K"": 8, ""sigma"": 0.01, ""rho"": 0.0, ""regime"": ""best=0.002""}",panel,oracle_bound_ratio,0.613102855089698,,0.613102855089698,1.839308565269094,C1_honest_unbiased;C2_oracle_within_bound;C3_regret_within_bound,True,SUCCESS,1050,
sim2,S2-051,10000,"{""K"": 8, ""sigma"": 0.01, ""rho"": 0.0, ""regime"": ""best=0.005""}",panel,oracle_optimism_mean,0.010119701792493828,0.020393339803376178,6.177748384503396e-05,0.00018533245153510186,C1_honest_unbiased;C2_oracle_within_bound;C3_regret_within_bound,True,SUCCESS,1051,
sim2,S2-051,10000,"{""K"": 8, ""sigma"": 0.01, ""rho"": 0.0, ""regime"": ""best=0.005""}",panel,regret_mean,0.0038370000000000006,,2.1125523159743935e-05,0.0001,C1_honest_unbiased;C2_oracle_within_bound;C3_regret_within_bound,True,SUCCESS,1051,
sim2,S2-051,10000,"{""K"": 8, ""sigma"": 0.01, ""rho"": 0.0, ""regime"": ""best=0.005""}",panel,p_select_best,0.2326,,0.2326,0.6978,C1_honest_unbiased;C2_oracle_within_bound;C3_regret_within_bound,True,SUCCESS,1051,
sim2,S2-051,10000,"{""K"": 8, ""sigma"": 0.01, ""rho"": 0.0, ""regime"": ""best=0.005""}",panel,reporting_bias_mean,1.009879814841167e-05,,9.987393361746316e-05,0.0002996218008523895,C1_honest_unbiased;C2_oracle_within_bound;C3_regret_within_bound,True,SUCCESS,1051,
sim2,S2-051,10000,"{""K"": 8, ""sigma"": 0.01, ""rho"": 0.0, ""regime"": ""best=0.005""}",panel,winner_instability,0.7674,,0.7674,2.3022,C1_honest_unbiased;C2_oracle_within_bound;C3_regret_within_bound,True,SUCCESS,1051,
sim2,S2-051,10000,"{""K"": 8, ""sigma"": 0.01, ""rho"": 0.0, ""regime"": ""best=0.005""}",panel,one_se_regret_mean,0.002258,,,,C1_honest_unbiased;C2_oracle_within_bound;C3_regret_within_bound,True,SUCCESS,1051,
sim2,S2-051,10000,"{""K"": 8, ""sigma"": 0.01, ""rho"": 0.0, ""regime"": ""best=0.005""}",panel,oracle_bound_ratio,0.49622582127614434,,0.49622582127614434,1.488677463828433,C1_honest_unbiased;C2_oracle_within_bound;C3_regret_within_bound,True,SUCCESS,1051,
sim2,S2-052,10000,"{""K"": 8, ""sigma"": 0.01, ""rho"": 0.0, ""regime"": ""best=0.02""}",panel,oracle_optimism_mean,0.0021856179549842253,0.020393339803376178,8.176382496385046e-05,0.00024529147489155134,C1_honest_unbiased;C2_oracle_within_bound;C3_regret_within_bound,True,SUCCESS,1052,
sim2,S2-052,10000,"{""K"": 8, ""sigma"": 0.01, ""rho"": 0.0, ""regime"": ""best=0.02""}",panel,regret_mean,0.005766,,9.059881464192262e-05,0.0002717964439257679,C1_honest_unbiased;C2_oracle_within_bound;C3_regret_within_bound,True,SUCCESS,1052,
sim2,S2-052,10000,"{""K"": 8, ""sigma"": 0.01, ""rho"": 0.0, ""regime"": ""best=0.02""}",panel,p_select_best,0.7117,,0.7117,2.1351,C1_honest_unbiased;C2_oracle_within_bound;C3_regret_within_bound,True,SUCCESS,1052,
sim2,S2-052,10000,"{""K"": 8, ""sigma"": 0.01, ""rho"": 0.0, ""regime"": ""best=0.02""}",panel,reporting_bias_mean,-8.541882528032206e-05,,0.00010040423580891194,0.0003012127074267358,C1_honest_unbiased;C2_oracle_within_bound;C3_regret_within_bound,True,SUCCESS,1052,
sim2,S2-052,10000,"{""K"": 8, ""sigma"": 0.01, ""rho"": 0.0, ""regime"": ""best=0.02""}",panel,winner_instability,0.2883,,0.2883,0.8649,C1_honest_unbiased;C2_oracle_within_bound;C3_regret_within_bound,True,SUCCESS,1052,
sim2,S2-052,10000,"{""K"": 8, ""sigma"": 0.01, ""rho"": 0.0, ""regime"": ""best=0.02""}",panel,one_se_regret_mean,0.001604,,,,C1_honest_unbiased;C2_oracle_within_bound;C3_regret_within_bound,True,SUCCESS,1052,
sim2,S2-052,10000,"{""K"": 8, ""sigma"": 0.01, ""rho"": 0.0, ""regime"": ""best=0.02""}",panel,oracle_bound_ratio,0.10717312495437309,,0.10717312495437309,0.32151937486311927,C1_honest_unbiased;C2_oracle_within_bound;C3_regret_within_bound,True,SUCCESS,1052,
sim2,S2-053,10000,"{""K"": 8, ""sigma"": 0.01, ""rho"": 0.5, ""regime"": ""all_equal""}",panel,oracle_optimism_mean,0.010032782203515483,0.020393339803376178,8.227021493865335e-05,0.00024681064481596004,C1_honest_unbiased;C2_oracle_within_bound;C3_regret_within_bound,True,SUCCESS,1053,
sim2,S2-053,10000,"{""K"": 8, ""sigma"": 0.01, ""rho"": 0.5, ""regime"": ""all_equal""}",panel,regret_mean,0.0,,0.0,0.0001,C1_honest_unbiased;C2_oracle_within_bound;C3_regret_within_bound,True,SUCCESS,1053,
sim2,S2-053,10000,"{""K"": 8, ""sigma"": 0.01, ""rho"": 0.5, ""regime"": ""all_equal""}",panel,p_select_best,1.0,,1.0,3.0,C1_honest_unbiased;C2_oracle_within_bound;C3_regret_within_bound,True,SUCCESS,1053,
sim2,S2-053,10000,"{""K"": 8, ""sigma"": 0.01, ""rho"": 0.5, ""regime"": ""all_equal""}",panel,reporting_bias_mean,-8.953092828554974e-05,,0.0001000525582302741,0.0003001576746908223,C1_honest_unbiased;C2_oracle_within_bound;C3_regret_within_bound,True,SUCCESS,1053,
sim2,S2-053,10000,"{""K"": 8, ""sigma"": 0.01, ""rho"": 0.5, ""regime"": ""all_equal""}",panel,winner_instability,0.8697,,0.8697,2.6091,C1_honest_unbiased;C2_oracle_within_bound;C3_regret_within_bound,True,SUCCESS,1053,
sim2,S2-053,10000,"{""K"": 8, ""sigma"": 0.01, ""rho"": 0.5, ""regime"": ""all_equal""}",panel,one_se_regret_mean,0.0,,,,C1_honest_unbiased;C2_oracle_within_bound;C3_regret_within_bound,True,SUCCESS,1053,
sim2,S2-053,10000,"{""K"": 8, ""sigma"": 0.01, ""rho"": 0.5, ""regime"": ""all_equal""}",panel,oracle_bound_ratio,0.4919636656009883,,0.4919636656009883,1.475890996802965,C1_honest_unbiased;C2_oracle_within_bound;C3_regret_within_bound,True,SUCCESS,1053,
sim2,S2-054,10000,"{""K"": 8, ""sigma"": 0.01, ""rho"": 0.5, ""regime"": ""best=0.002""}",panel,oracle_optimism_mean,0.008286840358440272,0.020393339803376178,8.3504454378575e-05,0.000250513363135725,C1_honest_unbiased;C2_oracle_within_bound;C3_regret_within_bound,True,SUCCESS,1054,
sim2,S2-054,10000,"{""K"": 8, ""sigma"": 0.01, ""rho"": 0.5, ""regime"": ""best=0.002""}",panel,regret_mean,0.0016347999999999998,,7.727151278879473e-06,0.0001,C1_honest_unbiased;C2_oracle_within_bound;C3_regret_within_bound,True,SUCCESS,1054,
sim2,S2-054,10000,"{""K"": 8, ""sigma"": 0.01, ""rho"": 0.5, ""regime"": ""best=0.002""}",panel,p_select_best,0.1826,,0.1826,0.5478000000000001,C1_honest_unbiased;C2_oracle_within_bound;C3_regret_within_bound,True,SUCCESS,1054,
sim2,S2-054,10000,"{""K"": 8, ""sigma"": 0.01, ""rho"": 0.5, ""regime"": ""best=0.002""}",panel,reporting_bias_mean,-8.206363180317381e-05,,9.955714496920047e-05,0.0002986714349076014,C1_honest_unbiased;C2_oracle_within_bound;C3_regret_within_bound,True,SUCCESS,1054,
sim2,S2-054,10000,"{""K"": 8, ""sigma"": 0.01, ""rho"": 0.5, ""regime"": ""best=0.002""}",panel,winner_instability,0.8174,,0.8174,2.4522,C1_honest_unbiased;C2_oracle_within_bound;C3_regret_within_bound,True,SUCCESS,1054,
sim2,S2-054,10000,"{""K"": 8, ""sigma"": 0.01, ""rho"": 0.5, ""regime"": ""best=0.002""}",panel,one_se_regret_mean,0.0007718,,,,C1_honest_unbiased;C2_oracle_within_bound;C3_regret_within_bound,True,SUCCESS,1054,
sim2,S2-054,10000,"{""K"": 8, ""sigma"": 0.01, ""rho"": 0.5, ""regime"": ""best=0.002""}",panel,oracle_bound_ratio,0.4063503299772586,,0.4063503299772586,1.2190509899317759,C1_honest_unbiased;C2_oracle_within_bound;C3_regret_within_bound,True,SUCCESS,1054,
sim2,S2-055,10000,"{""K"": 8, ""sigma"": 0.01, ""rho"": 0.5, ""regime"": ""best=0.005""}",panel,oracle_optimism_mean,0.0060592543000767265,0.020393339803376178,8.269299740938305e-05,0.00024807899222814914,C1_honest_unbiased;C2_oracle_within_bound;C3_regret_within_bound,True,SUCCESS,1055,
sim2,S2-055,10000,"{""K"": 8, ""sigma"": 0.01, ""rho"": 0.5, ""regime"": ""best=0.005""}",panel,regret_mean,0.003549,,2.269386263155997e-05,0.0001,C1_honest_unbiased;C2_oracle_within_bound;C3_regret_within_bound,True,SUCCESS,1055,
sim2,S2-055,10000,"{""K"": 8, ""sigma"": 0.01, ""rho"": 0.5, ""regime"": ""best=0.005""}",panel,p_select_best,0.2902,,0.2902,0.8706,C1_honest_unbiased;C2_oracle_within_bound;C3_regret_within_bound,True,SUCCESS,1055,
sim2,S2-055,10000,"{""K"": 8, ""sigma"": 0.01, ""rho"": 0.5, ""regime"": ""best=0.005""}",panel,reporting_bias_mean,-0.00012953720619069374,,9.952961000851029e-05,0.00029858883002553086,C1_honest_unbiased;C2_oracle_within_bound;C3_regret_within_bound,True,SUCCESS,1055,
sim2,S2-055,10000,"{""K"": 8, ""sigma"": 0.01, ""rho"": 0.5, ""regime"": ""best=0.005""}",panel,winner_instability,0.7098,,0.7098,2.1294,C1_honest_unbiased;C2_oracle_within_bound;C3_regret_within_bound,True,SUCCESS,1055,
sim2,S2-055,10000,"{""K"": 8, ""sigma"": 0.01, ""rho"": 0.5, ""regime"": ""best=0.005""}",panel,one_se_regret_mean,0.00128,,,,C1_honest_unbiased;C2_oracle_within_bound;C3_regret_within_bound,True,SUCCESS,1055,
sim2,S2-055,10000,"{""K"": 8, ""sigma"": 0.01, ""rho"": 0.5, ""regime"": ""best=0.005""}",panel,oracle_bound_ratio,0.29711927317925624,,0.29711927317925624,0.8913578195377687,C1_honest_unbiased;C2_oracle_within_bound;C3_regret_within_bound,True,SUCCESS,1055,
sim2,S2-056,10000,"{""K"": 8, ""sigma"": 0.01, ""rho"": 0.5, ""regime"": ""best=0.02""}",panel,oracle_optimism_mean,0.0003519749230142779,0.020393339803376178,9.574474363339226e-05,0.0002872342309001768,C1_honest_unbiased;C2_oracle_within_bound;C3_regret_within_bound,True,SUCCESS,1056,
sim2,S2-056,10000,"{""K"": 8, ""sigma"": 0.01, ""rho"": 0.5, ""regime"": ""best=0.02""}",panel,regret_mean,0.0020880000000000004,,6.115880672449387e-05,0.00018347642017348164,C1_honest_unbiased;C2_oracle_within_bound;C3_regret_within_bound,True,SUCCESS,1056,
sim2,S2-056,10000,"{""K"": 8, ""sigma"": 0.01, ""rho"": 0.5, ""regime"": ""best=0.02""}",panel,p_select_best,0.8956,,0.8956,2.6868,C1_honest_unbiased;C2_oracle_within_bound;C3_regret_within_bound,True,SUCCESS,1056,
sim2,S2-056,10000,"{""K"": 8, ""sigma"": 0.01, ""rho"": 0.5, ""regime"": ""best=0.02""}",panel,reporting_bias_mean,-0.00015735957740155588,,9.944418219856555e-05,0.00029833254659569666,C1_honest_unbiased;C2_oracle_within_bound;C3_regret_within_bound,True,SUCCESS,1056,
sim2,S2-056,10000,"{""K"": 8, ""sigma"": 0.01, ""rho"": 0.5, ""regime"": ""best=0.02""}",panel,winner_instability,0.10440000000000005,,0.10440000000000005,0.31320000000000014,C1_honest_unbiased;C2_oracle_within_bound;C3_regret_within_bound,True,SUCCESS,1056,
sim2,S2-056,10000,"{""K"": 8, ""sigma"": 0.01, ""rho"": 0.5, ""regime"": ""best=0.02""}",panel,one_se_regret_mean,0.000164,,,,C1_honest_unbiased;C2_oracle_within_bound;C3_regret_within_bound,True,SUCCESS,1056,
sim2,S2-056,10000,"{""K"": 8, ""sigma"": 0.01, ""rho"": 0.5, ""regime"": ""best=0.02""}",panel,oracle_bound_ratio,0.017259307519409225,,0.017259307519409225,0.051777922558227676,C1_honest_unbiased;C2_oracle_within_bound;C3_regret_within_bound,True,SUCCESS,1056,
sim2,S2-057,10000,"{""K"": 8, ""sigma"": 0.01, ""rho"": 0.9, ""regime"": ""all_equal""}",panel,oracle_optimism_mean,0.004417400859564859,0.020393339803376178,9.659219435656697e-05,0.0002897765830697009,C1_honest_unbiased;C2_oracle_within_bound;C3_regret_within_bound,True,SUCCESS,1057,
sim2,S2-057,10000,"{""K"": 8, ""sigma"": 0.01, ""rho"": 0.9, ""regime"": ""all_equal""}",panel,regret_mean,0.0,,0.0,0.0001,C1_honest_unbiased;C2_oracle_within_bound;C3_regret_within_bound,True,SUCCESS,1057,
sim2,S2-057,10000,"{""K"": 8, ""sigma"": 0.01, ""rho"": 0.9, ""regime"": ""all_equal""}",panel,p_select_best,1.0,,1.0,3.0,C1_honest_unbiased;C2_oracle_within_bound;C3_regret_within_bound,True,SUCCESS,1057,
sim2,S2-057,10000,"{""K"": 8, ""sigma"": 0.01, ""rho"": 0.9, ""regime"": ""all_equal""}",panel,reporting_bias_mean,-9.123140543127753e-05,,9.924188607592824e-05,0.0002977256582277847,C1_honest_unbiased;C2_oracle_within_bound;C3_regret_within_bound,True,SUCCESS,1057,
sim2,S2-057,10000,"{""K"": 8, ""sigma"": 0.01, ""rho"": 0.9, ""regime"": ""all_equal""}",panel,winner_instability,0.8718,,0.8718,2.6154,C1_honest_unbiased;C2_oracle_within_bound;C3_regret_within_bound,True,SUCCESS,1057,
sim2,S2-057,10000,"{""K"": 8, ""sigma"": 0.01, ""rho"": 0.9, ""regime"": ""all_equal""}",panel,one_se_regret_mean,0.0,,,,C1_honest_unbiased;C2_oracle_within_bound;C3_regret_within_bound,True,SUCCESS,1057,
sim2,S2-057,10000,"{""K"": 8, ""sigma"": 0.01, ""rho"": 0.9, ""regime"": ""all_equal""}",panel,oracle_bound_ratio,0.2166099766960949,,0.2166099766960949,0.6498299300882847,C1_honest_unbiased;C2_oracle_within_bound;C3_regret_within_bound,True,SUCCESS,1057,
sim2,S2-058,10000,"{""K"": 8, ""sigma"": 0.01, ""rho"": 0.9, ""regime"": ""best=0.002""}",panel,oracle_optimism_mean,0.0028644440892961922,0.020393339803376178,9.613290751167881e-05,0.0002883987225350364,C1_honest_unbiased;C2_oracle_within_bound;C3_regret_within_bound,True,SUCCESS,1058,
sim2,S2-058,10000,"{""K"": 8, ""sigma"": 0.01, ""rho"": 0.9, ""regime"": ""best=0.002""}",panel,regret_mean,0.0014578,,8.890996624793995e-06,0.0001,C1_honest_unbiased;C2_oracle_within_bound;C3_regret_within_bound,True,SUCCESS,1058,
sim2,S2-058,10000,"{""K"": 8, ""sigma"": 0.01, ""rho"": 0.9, ""regime"": ""best=0.002""}",panel,p_select_best,0.2711,,0.2711,0.8133,C1_honest_unbiased;C2_oracle_within_bound;C3_regret_within_bound,True,SUCCESS,1058,
sim2,S2-058,10000,"{""K"": 8, ""sigma"": 0.01, ""rho"": 0.9, ""regime"": ""best=0.002""}",panel,reporting_bias_mean,2.0360809205025248e-05,,9.948797443324748e-05,0.00029846392329974244,C1_honest_unbiased;C2_oracle_within_bound;C3_regret_within_bound,True,SUCCESS,1058,
sim2,S2-058,10000,"{""K"": 8, ""sigma"": 0.01, ""rho"": 0.9, ""regime"": ""best=0.002""}",panel,winner_instability,0.7289,,0.7289,2.1867,C1_honest_unbiased;C2_oracle_within_bound;C3_regret_within_bound,True,SUCCESS,1058,
sim2,S2-058,10000,"{""K"": 8, ""sigma"": 0.01, ""rho"": 0.9, ""regime"": ""best=0.002""}",panel,one_se_regret_mean,3.96e-05,,,,C1_honest_unbiased;C2_oracle_within_bound;C3_regret_within_bound,True,SUCCESS,1058,
sim2,S2-058,10000,"{""K"": 8, ""sigma"": 0.01, ""rho"": 0.9, ""regime"": ""best=0.002""}",panel,oracle_bound_ratio,0.1404597832877759,,0.1404597832877759,0.4213793498633277,C1_honest_unbiased;C2_oracle_within_bound;C3_regret_within_bound,True,SUCCESS,1058,
sim2,S2-059,10000,"{""K"": 8, ""sigma"": 0.01, ""rho"": 0.9, ""regime"": ""best=0.005""}",panel,oracle_optimism_mean,0.0011784398296740338,0.020393339803376178,9.848060536278717e-05,0.0002954418160883615,C1_honest_unbiased;C2_oracle_within_bound;C3_regret_within_bound,True,SUCCESS,1059,
sim2,S2-059,10000,"{""K"": 8, ""sigma"": 0.01, ""rho"": 0.9, ""regime"": ""best=0.005""}",panel,regret_mean,0.0021155,,2.470378518972892e-05,0.0001,C1_honest_unbiased;C2_oracle_within_bound;C3_regret_within_bound,True,SUCCESS,1059,
sim2,S2-059,10000,"{""K"": 8, ""sigma"": 0.01, ""rho"": 0.9, ""regime"": ""best=0.005""}",panel,p_select_best,0.5769,,0.5769,1.7307,C1_honest_unbiased;C2_oracle_within_bound;C3_regret_within_bound,True,SUCCESS,1059,
sim2,S2-059,10000,"{""K"": 8, ""sigma"": 0.01, ""rho"": 0.9, ""regime"": ""best=0.005""}",panel,reporting_bias_mean,-2.2636861520338476e-06,,0.00010074559884728139,0.00030223679654184415,C1_honest_unbiased;C2_oracle_within_bound;C3_regret_within_bound,True,SUCCESS,1059,
sim2,S2-059,10000,"{""K"": 8, ""sigma"": 0.01, ""rho"": 0.9, ""regime"": ""best=0.005""}",panel,winner_instability,0.42310000000000003,,0.42310000000000003,1.2693,C1_honest_unbiased;C2_oracle_within_bound;C3_regret_within_bound,True,SUCCESS,1059,
sim2,S2-059,10000,"{""K"": 8, ""sigma"": 0.01, ""rho"": 0.9, ""regime"": ""best=0.005""}",panel,one_se_regret_mean,7.500000000000001e-06,,,,C1_honest_unbiased;C2_oracle_within_bound;C3_regret_within_bound,True,SUCCESS,1059,
sim2,S2-059,10000,"{""K"": 8, ""sigma"": 0.01, ""rho"": 0.9, ""regime"": ""best=0.005""}",panel,oracle_bound_ratio,0.05778552414837611,,0.05778552414837611,0.1733565724451283,C1_honest_unbiased;C2_oracle_within_bound;C3_regret_within_bound,True,SUCCESS,1059,
sim2,S2-060,10000,"{""K"": 8, ""sigma"": 0.01, ""rho"": 0.9, ""regime"": ""best=0.02""}",panel,oracle_optimism_mean,0.000266008213102442,0.020393339803376178,9.980061782270534e-05,0.000299401853468116,C1_honest_unbiased;C2_oracle_within_bound;C3_regret_within_bound,True,SUCCESS,1060,
sim2,S2-060,10000,"{""K"": 8, ""sigma"": 0.01, ""rho"": 0.9, ""regime"": ""best=0.02""}",panel,regret_mean,0.0,,0.0,0.0001,C1_honest_unbiased;C2_oracle_within_bound;C3_regret_within_bound,True,SUCCESS,1060,
sim2,S2-060,10000,"{""K"": 8, ""sigma"": 0.01, ""rho"": 0.9, ""regime"": ""best=0.02""}",panel,p_select_best,1.0,,1.0,3.0,C1_honest_unbiased;C2_oracle_within_bound;C3_regret_within_bound,True,SUCCESS,1060,
sim2,S2-060,10000,"{""K"": 8, ""sigma"": 0.01, ""rho"": 0.9, ""regime"": ""best=0.02""}",panel,reporting_bias_mean,0.000266008213102442,,9.980061782270534e-05,0.000299401853468116,C1_honest_unbiased;C2_oracle_within_bound;C3_regret_within_bound,True,SUCCESS,1060,
sim2,S2-060,10000,"{""K"": 8, ""sigma"": 0.01, ""rho"": 0.9, ""regime"": ""best=0.02""}",panel,winner_instability,0.0,,0.0,0.0001,C1_honest_unbiased;C2_oracle_within_bound;C3_regret_within_bound,True,SUCCESS,1060,
sim2,S2-060,10000,"{""K"": 8, ""sigma"": 0.01, ""rho"": 0.9, ""regime"": ""best=0.02""}",panel,one_se_regret_mean,0.0,,,,C1_honest_unbiased;C2_oracle_within_bound;C3_regret_within_bound,True,SUCCESS,1060,
sim2,S2-060,10000,"{""K"": 8, ""sigma"": 0.01, ""rho"": 0.9, ""regime"": ""best=0.02""}",panel,oracle_bound_ratio,0.013043876857208231,,0.013043876857208231,0.03913163057162469,C1_honest_unbiased;C2_oracle_within_bound;C3_regret_within_bound,True,SUCCESS,1060,
sim2,S2-061,10000,"{""K"": 8, ""sigma"": 0.03, ""rho"": 0.0, ""regime"": ""all_equal""}",panel,oracle_optimism_mean,0.04249147902553327,0.06118001941012853,0.00018504777372006266,0.000555143321160188,C1_honest_unbiased;C2_oracle_within_bound;C3_regret_within_bound,True,SUCCESS,1061,
sim2,S2-061,10000,"{""K"": 8, ""sigma"": 0.03, ""rho"": 0.0, ""regime"": ""all_equal""}",panel,regret_mean,0.0,,0.0,0.0001,C1_honest_unbiased;C2_oracle_within_bound;C3_regret_within_bound,True,SUCCESS,1061,
sim2,S2-061,10000,"{""K"": 8, ""sigma"": 0.03, ""rho"": 0.0, ""regime"": ""all_equal""}",panel,p_select_best,1.0,,1.0,3.0,C1_honest_unbiased;C2_oracle_within_bound;C3_regret_within_bound,True,SUCCESS,1061,
sim2,S2-061,10000,"{""K"": 8, ""sigma"": 0.03, ""rho"": 0.0, ""regime"": ""all_equal""}",panel,reporting_bias_mean,-0.0002354321432133255,,0.00029952598543404266,0.000898577956302128,C1_honest_unbiased;C2_oracle_within_bound;C3_regret_within_bound,True,SUCCESS,1061,
sim2,S2-061,10000,"{""K"": 8, ""sigma"": 0.03, ""rho"": 0.0, ""regime"": ""all_equal""}",panel,winner_instability,0.8705,,0.8705,2.6115000000000004,C1_honest_unbiased;C2_oracle_within_bound;C3_regret_within_bound,True,SUCCESS,1061,
sim2,S2-061,10000,"{""K"": 8, ""sigma"": 0.03, ""rho"": 0.0, ""regime"": ""all_equal""}",panel,one_se_regret_mean,0.0,,,,C1_honest_unbiased;C2_oracle_within_bound;C3_regret_within_bound,True,SUCCESS,1061,
sim2,S2-061,10000,"{""K"": 8, ""sigma"": 0.03, ""rho"": 0.0, ""regime"": ""all_equal""}",panel,oracle_bound_ratio,0.6945319637884698,,0.6945319637884698,2.0835958913654093,C1_honest_unbiased;C2_oracle_within_bound;C3_regret_within_bound,True,SUCCESS,1061,
sim2,S2-062,10000,"{""K"": 8, ""sigma"": 0.03, ""rho"": 0.0, ""regime"": ""best=0.002""}",panel,oracle_optimism_mean,0.040458625190230565,0.06118001941012853,0.00018115407380927596,0.0005434622214278279,C1_honest_unbiased;C2_oracle_within_bound;C3_regret_within_bound,True,SUCCESS,1062,
sim2,S2-062,10000,"{""K"": 8, ""sigma"": 0.03, ""rho"": 0.0, ""regime"": ""best=0.002""}",panel,regret_mean,0.001732,,6.813386986236906e-06,0.0001,C1_honest_unbiased;C2_oracle_within_bound;C3_regret_within_bound,True,SUCCESS,1062,
sim2,S2-062,10000,"{""K"": 8, ""sigma"": 0.03, ""rho"": 0.0, ""regime"": ""best=0.002""}",panel,p_select_best,0.134,,0.134,0.402,C1_honest_unbiased;C2_oracle_within_bound;C3_regret_within_bound,True,SUCCESS,1062,
sim2,S2-062,10000,"{""K"": 8, ""sigma"": 0.03, ""rho"": 0.0, ""regime"": ""best=0.002""}",panel,reporting_bias_mean,-0.0002536028307314378,,0.0002996378719826858,0.0008989136159480574,C1_honest_unbiased;C2_oracle_within_bound;C3_regret_within_bound,True,SUCCESS,1062,
sim2,S2-062,10000,"{""K"": 8, ""sigma"": 0.03, ""rho"": 0.0, ""regime"": ""best=0.002""}",panel,winner_instability,0.866,,0.866,2.598,C1_honest_unbiased;C2_oracle_within_bound;C3_regret_within_bound,True,SUCCESS,1062,
sim2,S2-062,10000,"{""K"": 8, ""sigma"": 0.03, ""rho"": 0.0, ""regime"": ""best=0.002""}",panel,one_se_regret_mean,0.0011944,,,,C1_honest_unbiased;C2_oracle_within_bound;C3_regret_within_bound,True,SUCCESS,1062,
sim2,S2-062,10000,"{""K"": 8, ""sigma"": 0.03, ""rho"": 0.0, ""regime"": ""best=0.002""}",panel,oracle_bound_ratio,0.6613045497584874,,0.6613045497584874,1.983913649275462,C1_honest_unbiased;C2_oracle_within_bound;C3_regret_within_bound,True,SUCCESS,1062,
sim2,S2-063,10000,"{""K"": 8, ""sigma"": 0.03, ""rho"": 0.0, ""regime"": ""best=0.005""}",panel,oracle_optimism_mean,0.03835794695870471,0.06118001941012853,0.00018369819887458983,0.0005510945966237695,C1_honest_unbiased;C2_oracle_within_bound;C3_regret_within_bound,True,SUCCESS,1063,
sim2,S2-063,10000,"{""K"": 8, ""sigma"": 0.03, ""rho"": 0.0, ""regime"": ""best=0.005""}",panel,regret_mean,0.0042305,,1.8043545437446473e-05,0.0001,C1_honest_unbiased;C2_oracle_within_bound;C3_regret_within_bound,True,SUCCESS,1063,
sim2,S2-063,10000,"{""K"": 8, ""sigma"": 0.03, ""rho"": 0.0, ""regime"": ""best=0.005""}",panel,p_select_best,0.1539,,0.1539,0.4617,C1_honest_unbiased;C2_oracle_within_bound;C3_regret_within_bound,True,SUCCESS,1063,
sim2,S2-063,10000,"{""K"": 8, ""sigma"": 0.03, ""rho"": 0.0, ""regime"": ""best=0.005""}",panel,reporting_bias_mean,-0.00037575947047046866,,0.0002988369901125918,0.0008965109703377755,C1_honest_unbiased;C2_oracle_within_bound;C3_regret_within_bound,True,SUCCESS,1063,
sim2,S2-063,10000,"{""K"": 8, ""sigma"": 0.03, ""rho"": 0.0, ""regime"": ""best=0.005""}",panel,winner_instability,0.8461,,0.8461,2.5383,C1_honest_unbiased;C2_oracle_within_bound;C3_regret_within_bound,True,SUCCESS,1063,
sim2,S2-063,10000,"{""K"": 8, ""sigma"": 0.03, ""rho"": 0.0, ""regime"": ""best=0.005""}",panel,one_se_regret_mean,0.002795,,,,C1_honest_unbiased;C2_oracle_within_bound;C3_regret_within_bound,True,SUCCESS,1063,
sim2,S2-063,10000,"{""K"": 8, ""sigma"": 0.03, ""rho"": 0.0, ""regime"": ""best=0.005""}",panel,oracle_bound_ratio,0.6269685320229637,,0.6269685320229637,1.880905596068891,C1_honest_unbiased;C2_oracle_within_bound;C3_regret_within_bound,True,SUCCESS,1063,
sim2,S2-064,10000,"{""K"": 8, ""sigma"": 0.03, ""rho"": 0.0, ""regime"": ""best=0.02""}",panel,oracle_optimism_mean,0.026313128786795197,0.06118001941012853,0.0001869394769807563,0.0005608184309422689,C1_honest_unbiased;C2_oracle_within_bound;C3_regret_within_bound,True,SUCCESS,1064,
sim2,S2-064,10000,"{""K"": 8, ""sigma"": 0.03, ""rho"": 0.0, ""regime"": ""best=0.02""}",panel,regret_mean,0.014424000000000001,,8.968626852911359e-05,0.00026905880558734073,C1_honest_unbiased;C2_oracle_within_bound;C3_regret_within_bound,True,SUCCESS,1064,
sim2,S2-064,10000,"{""K"": 8, ""sigma"": 0.03, ""rho"": 0.0, ""regime"": ""best=0.02""}",panel,p_select_best,0.2788,,0.2788,0.8364,C1_honest_unbiased;C2_oracle_within_bound;C3_regret_within_bound,True,SUCCESS,1064,
sim2,S2-064,10000,"{""K"": 8, ""sigma"": 0.03, ""rho"": 0.0, ""regime"": ""best=0.02""}",panel,reporting_bias_mean,-0.0004046382433497013,,0.0003017789004086497,0.0009053367012259491,C1_honest_unbiased;C2_oracle_within_bound;C3_regret_within_bound,True,SUCCESS,1064,
sim2,S2-064,10000,"{""K"": 8, ""sigma"": 0.03, ""rho"": 0.0, ""regime"": ""best=0.02""}",panel,winner_instability,0.7212000000000001,,0.7212000000000001,2.1636,C1_honest_unbiased;C2_oracle_within_bound;C3_regret_within_bound,True,SUCCESS,1064,
sim2,S2-064,10000,"{""K"": 8, ""sigma"": 0.03, ""rho"": 0.0, ""regime"": ""best=0.02""}",panel,one_se_regret_mean,0.007984,,,,C1_honest_unbiased;C2_oracle_within_bound;C3_regret_within_bound,True,SUCCESS,1064,
sim2,S2-064,10000,"{""K"": 8, ""sigma"": 0.03, ""rho"": 0.0, ""regime"": ""best=0.02""}",panel,oracle_bound_ratio,0.4300935017754993,,0.4300935017754993,1.290280505326498,C1_honest_unbiased;C2_oracle_within_bound;C3_regret_within_bound,True,SUCCESS,1064,
sim2,S2-065,10000,"{""K"": 8, ""sigma"": 0.03, ""rho"": 0.5, ""regime"": ""all_equal""}",panel,oracle_optimism_mean,0.02984047755849084,0.06118001941012853,0.00024944265511867567,0.000748327965356027,C1_honest_unbiased;C2_oracle_within_bound;C3_regret_within_bound,True,SUCCESS,1065,
sim2,S2-065,10000,"{""K"": 8, ""sigma"": 0.03, ""rho"": 0.5, ""regime"": ""all_equal""}",panel,regret_mean,0.0,,0.0,0.0001,C1_honest_unbiased;C2_oracle_within_bound;C3_regret_within_bound,True,SUCCESS,1065,
sim2,S2-065,10000,"{""K"": 8, ""sigma"": 0.03, ""rho"": 0.5, ""regime"": ""all_equal""}",panel,p_select_best,1.0,,1.0,3.0,C1_honest_unbiased;C2_oracle_within_bound;C3_regret_within_bound,True,SUCCESS,1065,
sim2,S2-065,10000,"{""K"": 8, ""sigma"": 0.03, ""rho"": 0.5, ""regime"": ""all_equal""}",panel,reporting_bias_mean,-0.0005468824460756502,,0.00030013214452936774,0.0009003964335881033,C1_honest_unbiased;C2_oracle_within_bound;C3_regret_within_bound,True,SUCCESS,1065,
sim2,S2-065,10000,"{""K"": 8, ""sigma"": 0.03, ""rho"": 0.5, ""regime"": ""all_equal""}",panel,winner_instability,0.8729,,0.8729,2.6187,C1_honest_unbiased;C2_oracle_within_bound;C3_regret_within_bound,True,SUCCESS,1065,
sim2,S2-065,10000,"{""K"": 8, ""sigma"": 0.03, ""rho"": 0.5, ""regime"": ""all_equal""}",panel,one_se_regret_mean,0.0,,,,C1_honest_unbiased;C2_oracle_within_bound;C3_regret_within_bound,True,SUCCESS,1065,
sim2,S2-065,10000,"{""K"": 8, ""sigma"": 0.03, ""rho"": 0.5, ""regime"": ""all_equal""}",panel,oracle_bound_ratio,0.487748742909857,,0.487748742909857,1.4632462287295709,C1_honest_unbiased;C2_oracle_within_bound;C3_regret_within_bound,True,SUCCESS,1065,
sim2,S2-066,10000,"{""K"": 8, ""sigma"": 0.03, ""rho"": 0.5, ""regime"": ""best=0.002""}",panel,oracle_optimism_mean,0.028501569493491682,0.06118001941012853,0.0002475510472699221,0.0007426531418097664,C1_honest_unbiased;C2_oracle_within_bound;C3_regret_within_bound,True,SUCCESS,1066,
sim2,S2-066,10000,"{""K"": 8, ""sigma"": 0.03, ""rho"": 0.5, ""regime"": ""best=0.002""}",panel,regret_mean,0.0017125999999999997,,7.016056335624057e-06,0.0001,C1_honest_unbiased;C2_oracle_within_bound;C3_regret_within_bound,True,SUCCESS,1066,
sim2,S2-066,10000,"{""K"": 8, ""sigma"": 0.03, ""rho"": 0.5, ""regime"": ""best=0.002""}",panel,p_select_best,0.1437,,0.1437,0.4311,C1_honest_unbiased;C2_oracle_within_bound;C3_regret_within_bound,True,SUCCESS,1066,
sim2,S2-066,10000,"{""K"": 8, ""sigma"": 0.03, ""rho"": 0.5, ""regime"": ""best=0.002""}",panel,reporting_bias_mean,-0.0001381517104071347,,0.0003028506057025517,0.0009085518171076551,C1_honest_unbiased;C2_oracle_within_bound;C3_regret_within_bound,True,SUCCESS,1066,
sim2,S2-066,10000,"{""K"": 8, ""sigma"": 0.03, ""rho"": 0.5, ""regime"": ""best=0.002""}",panel,winner_instability,0.8563000000000001,,0.8563000000000001,2.5689,C1_honest_unbiased;C2_oracle_within_bound;C3_regret_within_bound,True,SUCCESS,1066,
sim2,S2-066,10000,"{""K"": 8, ""sigma"": 0.03, ""rho"": 0.5, ""regime"": ""best=0.002""}",panel,one_se_regret_mean,0.0008792000000000001,,,,C1_honest_unbiased;C2_oracle_within_bound;C3_regret_within_bound,True,SUCCESS,1066,
sim2,S2-066,10000,"{""K"": 8, ""sigma"": 0.03, ""rho"": 0.5, ""regime"": ""best=0.002""}",panel,oracle_bound_ratio,0.4658640152175755,,0.4658640152175755,1.3975920456527264,C1_honest_unbiased;C2_oracle_within_bound;C3_regret_within_bound,True,SUCCESS,1066,
sim2,S2-067,10000,"{""K"": 8, ""sigma"": 0.03, ""rho"": 0.5, ""regime"": ""best=0.005""}",panel,oracle_optimism_mean,0.025827383267485685,0.06118001941012853,0.00024996413844521903,0.0007498924153356571,C1_honest_unbiased;C2_oracle_within_bound;C3_regret_within_bound,True,SUCCESS,1067,
sim2,S2-067,10000,"{""K"": 8, ""sigma"": 0.03, ""rho"": 0.5, ""regime"": ""best=0.005""}",panel,regret_mean,0.0041530000000000004,,1.875617976635815e-05,0.0001,C1_honest_unbiased;C2_oracle_within_bound;C3_regret_within_bound,True,SUCCESS,1067,
sim2,S2-067,10000,"{""K"": 8, ""sigma"": 0.03, ""rho"": 0.5, ""regime"": ""best=0.005""}",panel,p_select_best,0.1694,,0.1694,0.5082,C1_honest_unbiased;C2_oracle_within_bound;C3_regret_within_bound,True,SUCCESS,1067,
sim2,S2-067,10000,"{""K"": 8, ""sigma"": 0.03, ""rho"": 0.5, ""regime"": ""best=0.005""}",panel,reporting_bias_mean,1.5105156226767114e-05,,0.00029812793986075994,0.0008943838195822798,C1_honest_unbiased;C2_oracle_within_bound;C3_regret_within_bound,True,SUCCESS,1067,
sim2,S2-067,10000,"{""K"": 8, ""sigma"": 0.03, ""rho"": 0.5, ""regime"": ""best=0.005""}",panel,winner_instability,0.8306,,0.8306,2.4918,C1_honest_unbiased;C2_oracle_within_bound;C3_regret_within_bound,True,SUCCESS,1067,
sim2,S2-067,10000,"{""K"": 8, ""sigma"": 0.03, ""rho"": 0.5, ""regime"": ""best=0.005""}",panel,one_se_regret_mean,0.0020095,,,,C1_honest_unbiased;C2_oracle_within_bound;C3_regret_within_bound,True,SUCCESS,1067,
sim2,S2-067,10000,"{""K"": 8, ""sigma"": 0.03, ""rho"": 0.5, ""regime"": ""best=0.005""}",panel,oracle_bound_ratio,0.4221538913603203,,0.4221538913603203,1.2664616740809609,C1_honest_unbiased;C2_oracle_within_bound;C3_regret_within_bound,True,SUCCESS,1067,
sim2,S2-068,10000,"{""K"": 8, ""sigma"": 0.03, ""rho"": 0.5, ""regime"": ""best=0.02""}",panel,oracle_optimism_mean,0.014450649566453819,0.06118001941012853,0.0002516247915261631,0.0007548743745784893,C1_honest_unbiased;C2_oracle_within_bound;C3_regret_within_bound,True,SUCCESS,1068,
sim2,S2-068,10000,"{""K"": 8, ""sigma"": 0.03, ""rho"": 0.5, ""regime"": ""best=0.02""}",panel,regret_mean,0.012830000000000001,,9.591678686757756e-05,0.0002877503606027327,C1_honest_unbiased;C2_oracle_within_bound;C3_regret_within_bound,True,SUCCESS,1068,
sim2,S2-068,10000,"{""K"": 8, ""sigma"": 0.03, ""rho"": 0.5, ""regime"": ""best=0.02""}",panel,p_select_best,0.3585,,0.3585,1.0755,C1_honest_unbiased;C2_oracle_within_bound;C3_regret_within_bound,True,SUCCESS,1068,
sim2,S2-068,10000,"{""K"": 8, ""sigma"": 0.03, ""rho"": 0.5, ""regime"": ""best=0.02""}",panel,reporting_bias_mean,-0.0005347534965074892,,0.00029912604541221694,0.0008973781362366508,C1_honest_unbiased;C2_oracle_within_bound;C3_regret_within_bound,True,SUCCESS,1068,
sim2,S2-068,10000,"{""K"": 8, ""sigma"": 0.03, ""rho"": 0.5, ""regime"": ""best=0.02""}",panel,winner_instability,0.6415,,0.6415,1.9244999999999999,C1_honest_unbiased;C2_oracle_within_bound;C3_regret_within_bound,True,SUCCESS,1068,
sim2,S2-068,10000,"{""K"": 8, ""sigma"": 0.03, ""rho"": 0.5, ""regime"": ""best=0.02""}",panel,one_se_regret_mean,0.004066,,,,C1_honest_unbiased;C2_oracle_within_bound;C3_regret_within_bound,True,SUCCESS,1068,
sim2,S2-068,10000,"{""K"": 8, ""sigma"": 0.03, ""rho"": 0.5, ""regime"": ""best=0.02""}",panel,oracle_bound_ratio,0.23619883919261184,,0.23619883919261184,0.7085965175778355,C1_honest_unbiased;C2_oracle_within_bound;C3_regret_within_bound,True,SUCCESS,1068,
sim2,S2-069,10000,"{""K"": 8, ""sigma"": 0.03, ""rho"": 0.9, ""regime"": ""all_equal""}",panel,oracle_optimism_mean,0.01361830216051238,0.06118001941012853,0.00029230380071032064,0.000876911402130962,C1_honest_unbiased;C2_oracle_within_bound;C3_regret_within_bound,True,SUCCESS,1069,
sim2,S2-069,10000,"{""K"": 8, ""sigma"": 0.03, ""rho"": 0.9, ""regime"": ""all_equal""}",panel,regret_mean,0.0,,0.0,0.0001,C1_honest_unbiased;C2_oracle_within_bound;C3_regret_within_bound,True,SUCCESS,1069,
sim2,S2-069,10000,"{""K"": 8, ""sigma"": 0.03, ""rho"": 0.9, ""regime"": ""all_equal""}",panel,p_select_best,1.0,,1.0,3.0,C1_honest_unbiased;C2_oracle_within_bound;C3_regret_within_bound,True,SUCCESS,1069,
sim2,S2-069,10000,"{""K"": 8, ""sigma"": 0.03, ""rho"": 0.9, ""regime"": ""all_equal""}",panel,reporting_bias_mean,0.00011814374690124114,,0.0003014092745312341,0.0009042278235937023,C1_honest_unbiased;C2_oracle_within_bound;C3_regret_within_bound,True,SUCCESS,1069,
sim2,S2-069,10000,"{""K"": 8, ""sigma"": 0.03, ""rho"": 0.9, ""regime"": ""all_equal""}",panel,winner_instability,0.8674,,0.8674,2.6022,C1_honest_unbiased;C2_oracle_within_bound;C3_regret_within_bound,True,SUCCESS,1069,
sim2,S2-069,10000,"{""K"": 8, ""sigma"": 0.03, ""rho"": 0.9, ""regime"": ""all_equal""}",panel,one_se_regret_mean,0.0,,,,C1_honest_unbiased;C2_oracle_within_bound;C3_regret_within_bound,True,SUCCESS,1069,
sim2,S2-069,10000,"{""K"": 8, ""sigma"": 0.03, ""rho"": 0.9, ""regime"": ""all_equal""}",panel,oracle_bound_ratio,0.22259394965569151,,0.22259394965569151,0.6677818489670746,C1_honest_unbiased;C2_oracle_within_bound;C3_regret_within_bound,True,SUCCESS,1069,
sim2,S2-070,10000,"{""K"": 8, ""sigma"": 0.03, ""rho"": 0.9, ""regime"": ""best=0.002""}",panel,oracle_optimism_mean,0.011614809179767926,0.06118001941012853,0.00029332682394282874,0.0008799804718284863,C1_honest_unbiased;C2_oracle_within_bound;C3_regret_within_bound,True,SUCCESS,1070,
sim2,S2-070,10000,"{""K"": 8, ""sigma"": 0.03, ""rho"": 0.9, ""regime"": ""best=0.002""}",panel,regret_mean,0.0016732,,7.394974277470912e-06,0.0001,C1_honest_unbiased;C2_oracle_within_bound;C3_regret_within_bound,True,SUCCESS,1070,
sim2,S2-070,10000,"{""K"": 8, ""sigma"": 0.03, ""rho"": 0.9, ""regime"": ""best=0.002""}",panel,p_select_best,0.1634,,0.1634,0.49019999999999997,C1_honest_unbiased;C2_oracle_within_bound;C3_regret_within_bound,True,SUCCESS,1070,
sim2,S2-070,10000,"{""K"": 8, ""sigma"": 0.03, ""rho"": 0.9, ""regime"": ""best=0.002""}",panel,reporting_bias_mean,-0.00030860341539701096,,0.00030349722626554624,0.0009104916787966387,C1_honest_unbiased;C2_oracle_within_bound;C3_regret_within_bound,True,SUCCESS,1070,
sim2,S2-070,10000,"{""K"": 8, ""sigma"": 0.03, ""rho"": 0.9, ""regime"": ""best=0.002""}",panel,winner_instability,0.8366,,0.8366,2.5098000000000003,C1_honest_unbiased;C2_oracle_within_bound;C3_regret_within_bound,True,SUCCESS,1070,
sim2,S2-070,10000,"{""K"": 8, ""sigma"": 0.03, ""rho"": 0.9, ""regime"": ""best=0.002""}",panel,one_se_regret_mean,9.1e-05,,,,C1_honest_unbiased;C2_oracle_within_bound;C3_regret_within_bound,True,SUCCESS,1070,
sim2,S2-070,10000,"{""K"": 8, ""sigma"": 0.03, ""rho"": 0.9, ""regime"": ""best=0.002""}",panel,oracle_bound_ratio,0.18984644483203714,,0.18984644483203714,0.5695393344961114,C1_honest_unbiased;C2_oracle_within_bound;C3_regret_within_bound,True,SUCCESS,1070,
sim2,S2-071,10000,"{""K"": 8, ""sigma"": 0.03, ""rho"": 0.9, ""regime"": ""best=0.005""}",panel,oracle_optimism_mean,0.009730231239994537,0.06118001941012853,0.0002912381224110458,0.0008737143672331374,C1_honest_unbiased;C2_oracle_within_bound;C3_regret_within_bound,True,SUCCESS,1071,
sim2,S2-071,10000,"{""K"": 8, ""sigma"": 0.03, ""rho"": 0.9, ""regime"": ""best=0.005""}",panel,regret_mean,0.0037635000000000004,,2.157320827627484e-05,0.0001,C1_honest_unbiased;C2_oracle_within_bound;C3_regret_within_bound,True,SUCCESS,1071,
sim2,S2-071,10000,"{""K"": 8, ""sigma"": 0.03, ""rho"": 0.9, ""regime"": ""best=0.005""}",panel,p_select_best,0.2473,,0.2473,0.7419,C1_honest_unbiased;C2_oracle_within_bound;C3_regret_within_bound,True,SUCCESS,1071,
sim2,S2-071,10000,"{""K"": 8, ""sigma"": 0.03, ""rho"": 0.9, ""regime"": ""best=0.005""}",panel,reporting_bias_mean,0.00045041688530937033,,0.0003008913086871592,0.0009026739260614776,C1_honest_unbiased;C2_oracle_within_bound;C3_regret_within_bound,True,SUCCESS,1071,
sim2,S2-071,10000,"{""K"": 8, ""sigma"": 0.03, ""rho"": 0.9, ""regime"": ""best=0.005""}",panel,winner_instability,0.7527,,0.7527,2.2581,C1_honest_unbiased;C2_oracle_within_bound;C3_regret_within_bound,True,SUCCESS,1071,
sim2,S2-071,10000,"{""K"": 8, ""sigma"": 0.03, ""rho"": 0.9, ""regime"": ""best=0.005""}",panel,one_se_regret_mean,0.00013450000000000002,,,,C1_honest_unbiased;C2_oracle_within_bound;C3_regret_within_bound,True,SUCCESS,1071,
sim2,S2-071,10000,"{""K"": 8, ""sigma"": 0.03, ""rho"": 0.9, ""regime"": ""best=0.005""}",panel,oracle_bound_ratio,0.15904263081001357,,0.15904263081001357,0.4771278924300407,C1_honest_unbiased;C2_oracle_within_bound;C3_regret_within_bound,True,SUCCESS,1071,
sim2,S2-072,10000,"{""K"": 8, ""sigma"": 0.03, ""rho"": 0.9, ""regime"": ""best=0.02""}",panel,oracle_optimism_mean,0.001661015440302852,0.06118001941012853,0.0002973979077091204,0.0008921937231273613,C1_honest_unbiased;C2_oracle_within_bound;C3_regret_within_bound,True,SUCCESS,1072,
sim2,S2-072,10000,"{""K"": 8, ""sigma"": 0.03, ""rho"": 0.9, ""regime"": ""best=0.02""}",panel,regret_mean,0.00523,,8.78947242344774e-05,0.0002636841727034322,C1_honest_unbiased;C2_oracle_within_bound;C3_regret_within_bound,True,SUCCESS,1072,
sim2,S2-072,10000,"{""K"": 8, ""sigma"": 0.03, ""rho"": 0.9, ""regime"": ""best=0.02""}",panel,p_select_best,0.7385,,0.7385,2.2155,C1_honest_unbiased;C2_oracle_within_bound;C3_regret_within_bound,True,SUCCESS,1072,
sim2,S2-072,10000,"{""K"": 8, ""sigma"": 0.03, ""rho"": 0.9, ""regime"": ""best=0.02""}",panel,reporting_bias_mean,-0.00012315862675008713,,0.0003034667385044283,0.000910400215513285,C1_honest_unbiased;C2_oracle_within_bound;C3_regret_within_bound,True,SUCCESS,1072,
sim2,S2-072,10000,"{""K"": 8, ""sigma"": 0.03, ""rho"": 0.9, ""regime"": ""best=0.02""}",panel,winner_instability,0.26149999999999995,,0.26149999999999995,0.7844999999999999,C1_honest_unbiased;C2_oracle_within_bound;C3_regret_within_bound,True,SUCCESS,1072,
sim2,S2-072,10000,"{""K"": 8, ""sigma"": 0.03, ""rho"": 0.9, ""regime"": ""best=0.02""}",panel,one_se_regret_mean,4e-06,,,,C1_honest_unbiased;C2_oracle_within_bound;C3_regret_within_bound,True,SUCCESS,1072,
sim2,S2-072,10000,"{""K"": 8, ""sigma"": 0.03, ""rho"": 0.9, ""regime"": ""best=0.02""}",panel,oracle_bound_ratio,0.027149638988637946,,0.027149638988637946,0.08144891696591383,C1_honest_unbiased;C2_oracle_within_bound;C3_regret_within_bound,True,SUCCESS,1072,
sim2,S2-073,10000,"{""K"": 24, ""sigma"": 0.005, ""rho"": 0.0, ""regime"": ""all_equal""}",panel,oracle_optimism_mean,0.00973255286363956,0.012605661090057802,2.5804434054976924e-05,0.0001,C1_honest_unbiased;C2_oracle_within_bound;C3_regret_within_bound,True,SUCCESS,1073,
sim2,S2-073,10000,"{""K"": 24, ""sigma"": 0.005, ""rho"": 0.0, ""regime"": ""all_equal""}",panel,regret_mean,0.0,,0.0,0.0001,C1_honest_unbiased;C2_oracle_within_bound;C3_regret_within_bound,True,SUCCESS,1073,
sim2,S2-073,10000,"{""K"": 24, ""sigma"": 0.005, ""rho"": 0.0, ""regime"": ""all_equal""}",panel,p_select_best,1.0,,1.0,3.0,C1_honest_unbiased;C2_oracle_within_bound;C3_regret_within_bound,True,SUCCESS,1073,
sim2,S2-073,10000,"{""K"": 24, ""sigma"": 0.005, ""rho"": 0.0, ""regime"": ""all_equal""}",panel,reporting_bias_mean,-4.367558571e-05,,5.0567034446756156e-05,0.00015170110334026846,C1_honest_unbiased;C2_oracle_within_bound;C3_regret_within_bound,True,SUCCESS,1073,
sim2,S2-073,10000,"{""K"": 24, ""sigma"": 0.005, ""rho"": 0.0, ""regime"": ""all_equal""}",panel,winner_instability,0.9553,,0.9553,2.8659,C1_honest_unbiased;C2_oracle_within_bound;C3_regret_within_bound,True,SUCCESS,1073,
sim2,S2-073,10000,"{""K"": 24, ""sigma"": 0.005, ""rho"": 0.0, ""regime"": ""all_equal""}",panel,one_se_regret_mean,0.0,,,,C1_honest_unbiased;C2_oracle_within_bound;C3_regret_within_bound,True,SUCCESS,1073,
sim2,S2-073,10000,"{""K"": 24, ""sigma"": 0.005, ""rho"": 0.0, ""regime"": ""all_equal""}",panel,oracle_bound_ratio,0.7720779413398406,,0.7720779413398406,2.316233824019522,C1_honest_unbiased;C2_oracle_within_bound;C3_regret_within_bound,True,SUCCESS,1073,
sim2,S2-074,10000,"{""K"": 24, ""sigma"": 0.005, ""rho"": 0.0, ""regime"": ""best=0.002""}",panel,oracle_optimism_mean,0.007862490782257966,0.012605661090057802,2.5600329548595402e-05,0.0001,C1_honest_unbiased;C2_oracle_within_bound;C3_regret_within_bound,True,SUCCESS,1074,
sim2,S2-074,10000,"{""K"": 24, ""sigma"": 0.005, ""rho"": 0.0, ""regime"": ""best=0.002""}",panel,regret_mean,0.0018220000000000003,,5.695159653982357e-06,0.0001,C1_honest_unbiased;C2_oracle_within_bound;C3_regret_within_bound,True,SUCCESS,1074,
sim2,S2-074,10000,"{""K"": 24, ""sigma"": 0.005, ""rho"": 0.0, ""regime"": ""best=0.002""}",panel,p_select_best,0.089,,0.089,0.267,C1_honest_unbiased;C2_oracle_within_bound;C3_regret_within_bound,True,SUCCESS,1074,
sim2,S2-074,10000,"{""K"": 24, ""sigma"": 0.005, ""rho"": 0.0, ""regime"": ""best=0.002""}",panel,reporting_bias_mean,-5.808209265558871e-05,,5.0082139959966196e-05,0.00015024641987989857,C1_honest_unbiased;C2_oracle_within_bound;C3_regret_within_bound,True,SUCCESS,1074,
sim2,S2-074,10000,"{""K"": 24, ""sigma"": 0.005, ""rho"": 0.0, ""regime"": ""best=0.002""}",panel,winner_instability,0.911,,0.911,2.733,C1_honest_unbiased;C2_oracle_within_bound;C3_regret_within_bound,True,SUCCESS,1074,
sim2,S2-074,10000,"{""K"": 24, ""sigma"": 0.005, ""rho"": 0.0, ""regime"": ""best=0.002""}",panel,one_se_regret_mean,0.0013694000000000002,,,,C1_honest_unbiased;C2_oracle_within_bound;C3_regret_within_bound,True,SUCCESS,1074,
sim2,S2-074,10000,"{""K"": 24, ""sigma"": 0.005, ""rho"": 0.0, ""regime"": ""best=0.002""}",panel,oracle_bound_ratio,0.6237269688663282,,0.6237269688663282,1.8711809065989846,C1_honest_unbiased;C2_oracle_within_bound;C3_regret_within_bound,True,SUCCESS,1074,
sim2,S2-075,10000,"{""K"": 24, ""sigma"": 0.005, ""rho"": 0.0, ""regime"": ""best=0.005""}",panel,oracle_optimism_mean,0.005321384545675427,0.012605661090057802,2.7248919473322358e-05,0.0001,C1_honest_unbiased;C2_oracle_within_bound;C3_regret_within_bound,True,SUCCESS,1075,
sim2,S2-075,10000,"{""K"": 24, ""sigma"": 0.005, ""rho"": 0.0, ""regime"": ""best=0.005""}",panel,regret_mean,0.0039745,,2.0189743375629058e-05,0.0001,C1_honest_unbiased;C2_oracle_within_bound;C3_regret_within_bound,True,SUCCESS,1075,
sim2,S2-075,10000,"{""K"": 24, ""sigma"": 0.005, ""rho"": 0.0, ""regime"": ""best=0.005""}",panel,p_select_best,0.2051,,0.2051,0.6153,C1_honest_unbiased;C2_oracle_within_bound;C3_regret_within_bound,True,SUCCESS,1075,
sim2,S2-075,10000,"{""K"": 24, ""sigma"": 0.005, ""rho"": 0.0, ""regime"": ""best=0.005""}",panel,reporting_bias_mean,1.1513117613343292e-05,,5.0138789917796755e-05,0.00015041636975339026,C1_honest_unbiased;C2_oracle_within_bound;C3_regret_within_bound,True,SUCCESS,1075,
sim2,S2-075,10000,"{""K"": 24, ""sigma"": 0.005, ""rho"": 0.0, ""regime"": ""best=0.005""}",panel,winner_instability,0.7948999999999999,,0.7948999999999999,2.3846999999999996,C1_honest_unbiased;C2_oracle_within_bound;C3_regret_within_bound,True,SUCCESS,1075,
sim2,S2-075,10000,"{""K"": 24, ""sigma"": 0.005, ""rho"": 0.0, ""regime"": ""best=0.005""}",panel,one_se_regret_mean,0.0023575000000000002,,,,C1_honest_unbiased;C2_oracle_within_bound;C3_regret_within_bound,True,SUCCESS,1075,
sim2,S2-075,10000,"{""K"": 24, ""sigma"": 0.005, ""rho"": 0.0, ""regime"": ""best=0.005""}",panel,oracle_bound_ratio,0.4221424412141661,,0.4221424412141661,1.2664273236424983,C1_honest_unbiased;C2_oracle_within_bound;C3_regret_within_bound,True,SUCCESS,1075,
sim2,S2-076,10000,"{""K"": 24, ""sigma"": 0.005, ""rho"": 0.0, ""regime"": ""best=0.02""}",panel,oracle_optimism_mean,3.491087084966406e-05,0.012605661090057802,4.868901893099035e-05,0.00014606705679297104,C1_honest_unbiased;C2_oracle_within_bound;C3_regret_within_bound,True,SUCCESS,1076,
sim2,S2-076,10000,"{""K"": 24, ""sigma"": 0.005, ""rho"": 0.0, ""regime"": ""best=0.02""}",panel,regret_mean,0.0006900000000000001,,3.6503742990619915e-05,0.00010951122897185974,C1_honest_unbiased;C2_oracle_within_bound;C3_regret_within_bound,True,SUCCESS,1076,
sim2,S2-076,10000,"{""K"": 24, ""sigma"": 0.005, ""rho"": 0.0, ""regime"": ""best=0.02""}",panel,p_select_best,0.9655,,0.9655,2.8965,C1_honest_unbiased;C2_oracle_within_bound;C3_regret_within_bound,True,SUCCESS,1076,
sim2,S2-076,10000,"{""K"": 24, ""sigma"": 0.005, ""rho"": 0.0, ""regime"": ""best=0.02""}",panel,reporting_bias_mean,-2.8512858401539026e-05,,5.011349414551815e-05,0.00015034048243655446,C1_honest_unbiased;C2_oracle_within_bound;C3_regret_within_bound,True,SUCCESS,1076,
sim2,S2-076,10000,"{""K"": 24, ""sigma"": 0.005, ""rho"": 0.0, ""regime"": ""best=0.02""}",panel,winner_instability,0.034499999999999975,,0.034499999999999975,0.10349999999999993,C1_honest_unbiased;C2_oracle_within_bound;C3_regret_within_bound,True,SUCCESS,1076,
sim2,S2-076,10000,"{""K"": 24, ""sigma"": 0.005, ""rho"": 0.0, ""regime"": ""best=0.02""}",panel,one_se_regret_mean,7.2e-05,,,,C1_honest_unbiased;C2_oracle_within_bound;C3_regret_within_bound,True,SUCCESS,1076,
sim2,S2-076,10000,"{""K"": 24, ""sigma"": 0.005, ""rho"": 0.0, ""regime"": ""best=0.02""}",panel,oracle_bound_ratio,0.0027694597371968515,,0.0027694597371968515,0.008308379211590555,C1_honest_unbiased;C2_oracle_within_bound;C3_regret_within_bound,True,SUCCESS,1076,
sim2,S2-077,10000,"{""K"": 24, ""sigma"": 0.005, ""rho"": 0.5, ""regime"": ""all_equal""}",panel,oracle_optimism_mean,0.006932698410408094,0.012605661090057802,3.990638671428528e-05,0.00011971916014285585,C1_honest_unbiased;C2_oracle_within_bound;C3_regret_within_bound,True,SUCCESS,1077,
sim2,S2-077,10000,"{""K"": 24, ""sigma"": 0.005, ""rho"": 0.5, ""regime"": ""all_equal""}",panel,regret_mean,0.0,,0.0,0.0001,C1_honest_unbiased;C2_oracle_within_bound;C3_regret_within_bound,True,SUCCESS,1077,
sim2,S2-077,10000,"{""K"": 24, ""sigma"": 0.005, ""rho"": 0.5, ""regime"": ""all_equal""}",panel,p_select_best,1.0,,1.0,3.0,C1_honest_unbiased;C2_oracle_within_bound;C3_regret_within_bound,True,SUCCESS,1077,
sim2,S2-077,10000,"{""K"": 24, ""sigma"": 0.005, ""rho"": 0.5, ""regime"": ""all_equal""}",panel,reporting_bias_mean,5.379680532008037e-05,,4.987086503593585e-05,0.00014961259510780755,C1_honest_unbiased;C2_oracle_within_bound;C3_regret_within_bound,True,SUCCESS,1077,
sim2,S2-077,10000,"{""K"": 24, ""sigma"": 0.005, ""rho"": 0.5, ""regime"": ""all_equal""}",panel,winner_instability,0.9538,,0.9538,2.8613999999999997,C1_honest_unbiased;C2_oracle_within_bound;C3_regret_within_bound,True,SUCCESS,1077,
sim2,S2-077,10000,"{""K"": 24, ""sigma"": 0.005, ""rho"": 0.5, ""regime"": ""all_equal""}",panel,one_se_regret_mean,0.0,,,,C1_honest_unbiased;C2_oracle_within_bound;C3_regret_within_bound,True,SUCCESS,1077,
sim2,S2-077,10000,"{""K"": 24, ""sigma"": 0.005, ""rho"": 0.5, ""regime"": ""all_equal""}",panel,oracle_bound_ratio,0.5499670632804792,,0.5499670632804792,1.6499011898414375,C1_honest_unbiased;C2_oracle_within_bound;C3_regret_within_bound,True,SUCCESS,1077,
sim2,S2-078,10000,"{""K"": 24, ""sigma"": 0.005, ""rho"": 0.5, ""regime"": ""best=0.002""}",panel,oracle_optimism_mean,0.00503643042858877,0.012605661090057802,3.964565720523955e-05,0.00011893697161571864,C1_honest_unbiased;C2_oracle_within_bound;C3_regret_within_bound,True,SUCCESS,1078,
sim2,S2-078,10000,"{""K"": 24, ""sigma"": 0.005, ""rho"": 0.5, ""regime"": ""best=0.002""}",panel,regret_mean,0.0017748000000000004,,6.322380346778018e-06,0.0001,C1_honest_unbiased;C2_oracle_within_bound;C3_regret_within_bound,True,SUCCESS,1078,
sim2,S2-078,10000,"{""K"": 24, ""sigma"": 0.005, ""rho"": 0.5, ""regime"": ""best=0.002""}",panel,p_select_best,0.1126,,0.1126,0.3378,C1_honest_unbiased;C2_oracle_within_bound;C3_regret_within_bound,True,SUCCESS,1078,
sim2,S2-078,10000,"{""K"": 24, ""sigma"": 0.005, ""rho"": 0.5, ""regime"": ""best=0.002""}",panel,reporting_bias_mean,-3.114099256259401e-05,,5.035975915839288e-05,0.00015107927747517864,C1_honest_unbiased;C2_oracle_within_bound;C3_regret_within_bound,True,SUCCESS,1078,
sim2,S2-078,10000,"{""K"": 24, ""sigma"": 0.005, ""rho"": 0.5, ""regime"": ""best=0.002""}",panel,winner_instability,0.8874,,0.8874,2.6622,C1_honest_unbiased;C2_oracle_within_bound;C3_regret_within_bound,True,SUCCESS,1078,
sim2,S2-078,10000,"{""K"": 24, ""sigma"": 0.005, ""rho"": 0.5, ""regime"": ""best=0.002""}",panel,one_se_regret_mean,0.0009678000000000001,,,,C1_honest_unbiased;C2_oracle_within_bound;C3_regret_within_bound,True,SUCCESS,1078,
sim2,S2-078,10000,"{""K"": 24, ""sigma"": 0.005, ""rho"": 0.5, ""regime"": ""best=0.002""}",panel,oracle_bound_ratio,0.39953719147352357,,0.39953719147352357,1.1986115744205708,C1_honest_unbiased;C2_oracle_within_bound;C3_regret_within_bound,True,SUCCESS,1078,
sim2,S2-079,10000,"{""K"": 24, ""sigma"": 0.005, ""rho"": 0.5, ""regime"": ""best=0.005""}",panel,oracle_optimism_mean,0.0026582900186579218,0.012605661090057802,4.124598171915855e-05,0.00012373794515747565,C1_honest_unbiased;C2_oracle_within_bound;C3_regret_within_bound,True,SUCCESS,1079,
sim2,S2-079,10000,"{""K"": 24, ""sigma"": 0.005, ""rho"": 0.5, ""regime"": ""best=0.005""}",panel,regret_mean,0.0033575000000000002,,2.348455934125112e-05,0.0001,C1_honest_unbiased;C2_oracle_within_bound;C3_regret_within_bound,True,SUCCESS,1079,
sim2,S2-079,10000,"{""K"": 24, ""sigma"": 0.005, ""rho"": 0.5, ""regime"": ""best=0.005""}",panel,p_select_best,0.3285,,0.3285,0.9855,C1_honest_unbiased;C2_oracle_within_bound;C3_regret_within_bound,True,SUCCESS,1079,
sim2,S2-079,10000,"{""K"": 24, ""sigma"": 0.005, ""rho"": 0.5, ""regime"": ""best=0.005""}",panel,reporting_bias_mean,4.649416864489147e-05,,5.023510068469876e-05,0.00015070530205409628,C1_honest_unbiased;C2_oracle_within_bound;C3_regret_within_bound,True,SUCCESS,1079,
sim2,S2-079,10000,"{""K"": 24, ""sigma"": 0.005, ""rho"": 0.5, ""regime"": ""best=0.005""}",panel,winner_instability,0.6715,,0.6715,2.0145,C1_honest_unbiased;C2_oracle_within_bound;C3_regret_within_bound,True,SUCCESS,1079,
sim2,S2-079,10000,"{""K"": 24, ""sigma"": 0.005, ""rho"": 0.5, ""regime"": ""best=0.005""}",panel,one_se_regret_mean,0.0010600000000000002,,,,C1_honest_unbiased;C2_oracle_within_bound;C3_regret_within_bound,True,SUCCESS,1079,
sim2,S2-079,10000,"{""K"": 24, ""sigma"": 0.005, ""rho"": 0.5, ""regime"": ""best=0.005""}",panel,oracle_bound_ratio,0.2108806511349523,,0.2108806511349523,0.6326419534048568,C1_honest_unbiased;C2_oracle_within_bound;C3_regret_within_bound,True,SUCCESS,1079,
sim2,S2-080,10000,"{""K"": 24, ""sigma"": 0.005, ""rho"": 0.5, ""regime"": ""best=0.02""}",panel,oracle_optimism_mean,2.1547881722600777e-05,0.012605661090057802,5.0665613304229075e-05,0.00015199683991268722,C1_honest_unbiased;C2_oracle_within_bound;C3_regret_within_bound,True,SUCCESS,1080,
sim2,S2-080,10000,"{""K"": 24, ""sigma"": 0.005, ""rho"": 0.5, ""regime"": ""best=0.02""}",panel,regret_mean,1.4000000000000001e-05,,5.289914774344855e-06,0.0001,C1_honest_unbiased;C2_oracle_within_bound;C3_regret_within_bound,True,SUCCESS,1080,
sim2,S2-080,10000,"{""K"": 24, ""sigma"": 0.005, ""rho"": 0.5, ""regime"": ""best=0.02""}",panel,p_select_best,0.9993,,0.9993,2.9979,C1_honest_unbiased;C2_oracle_within_bound;C3_regret_within_bound,True,SUCCESS,1080,
sim2,S2-080,10000,"{""K"": 24, ""sigma"": 0.005, ""rho"": 0.5, ""regime"": ""best=0.02""}",panel,reporting_bias_mean,2.1137371890601008e-05,,5.0706778090655185e-05,0.00015212033427196555,C1_honest_unbiased;C2_oracle_within_bound;C3_regret_within_bound,True,SUCCESS,1080,
sim2,S2-080,10000,"{""K"": 24, ""sigma"": 0.005, ""rho"": 0.5, ""regime"": ""best=0.02""}",panel,winner_instability,0.0007000000000000339,,0.0007000000000000339,0.002100000000000102,C1_honest_unbiased;C2_oracle_within_bound;C3_regret_within_bound,True,SUCCESS,1080,
sim2,S2-080,10000,"{""K"": 24, ""sigma"": 0.005, ""rho"": 0.5, ""regime"": ""best=0.02""}",panel,one_se_regret_mean,0.0,,,,C1_honest_unbiased;C2_oracle_within_bound;C3_regret_within_bound,True,SUCCESS,1080,
sim2,S2-080,10000,"{""K"": 24, ""sigma"": 0.005, ""rho"": 0.5, ""regime"": ""best=0.02""}",panel,oracle_bound_ratio,0.0017093813302339045,,0.0017093813302339045,0.005128143990701713,C1_honest_unbiased;C2_oracle_within_bound;C3_regret_within_bound,True,SUCCESS,1080,
sim2,S2-081,10000,"{""K"": 24, ""sigma"": 0.005, ""rho"": 0.9, ""regime"": ""all_equal""}",panel,oracle_optimism_mean,0.003063976717990107,0.012605661090057802,4.783844481180534e-05,0.00014351533443541603,C1_honest_unbiased;C2_oracle_within_bound;C3_regret_within_bound,True,SUCCESS,1081,
sim2,S2-081,10000,"{""K"": 24, ""sigma"": 0.005, ""rho"": 0.9, ""regime"": ""all_equal""}",panel,regret_mean,0.0,,0.0,0.0001,C1_honest_unbiased;C2_oracle_within_bound;C3_regret_within_bound,True,SUCCESS,1081,
sim2,S2-081,10000,"{""K"": 24, ""sigma"": 0.005, ""rho"": 0.9, ""regime"": ""all_equal""}",panel,p_select_best,1.0,,1.0,3.0,C1_honest_unbiased;C2_oracle_within_bound;C3_regret_within_bound,True,SUCCESS,1081,
sim2,S2-081,10000,"{""K"": 24, ""sigma"": 0.005, ""rho"": 0.9, ""regime"": ""all_equal""}",panel,reporting_bias_mean,-2.2722610242684716e-05,,4.9835007135909146e-05,0.00014950502140772745,C1_honest_unbiased;C2_oracle_within_bound;C3_regret_within_bound,True,SUCCESS,1081,
sim2,S2-081,10000,"{""K"": 24, ""sigma"": 0.005, ""rho"": 0.9, ""regime"": ""all_equal""}",panel,winner_instability,0.9553,,0.9553,2.8659,C1_honest_unbiased;C2_oracle_within_bound;C3_regret_within_bound,True,SUCCESS,1081,
sim2,S2-081,10000,"{""K"": 24, ""sigma"": 0.005, ""rho"": 0.9, ""regime"": ""all_equal""}",panel,one_se_regret_mean,0.0,,,,C1_honest_unbiased;C2_oracle_within_bound;C3_regret_within_bound,True,SUCCESS,1081,
sim2,S2-081,10000,"{""K"": 24, ""sigma"": 0.005, ""rho"": 0.9, ""regime"": ""all_equal""}",panel,oracle_bound_ratio,0.24306354867867205,,0.24306354867867205,0.7291906460360161,C1_honest_unbiased;C2_oracle_within_bound;C3_regret_within_bound,True,SUCCESS,1081,
sim2,S2-082,10000,"{""K"": 24, ""sigma"": 0.005, ""rho"": 0.9, ""regime"": ""best=0.002""}",panel,oracle_optimism_mean,0.0013237631599774275,0.012605661090057802,4.849991627494911e-05,0.00014549974882484731,C1_honest_unbiased;C2_oracle_within_bound;C3_regret_within_bound,True,SUCCESS,1082,
sim2,S2-082,10000,"{""K"": 24, ""sigma"": 0.005, ""rho"": 0.9, ""regime"": ""best=0.002""}",panel,regret_mean,0.0014364,,8.997977570545284e-06,0.0001,C1_honest_unbiased;C2_oracle_within_bound;C3_regret_within_bound,True,SUCCESS,1082,
sim2,S2-082,10000,"{""K"": 24, ""sigma"": 0.005, ""rho"": 0.9, ""regime"": ""best=0.002""}",panel,p_select_best,0.2818,,0.2818,0.8453999999999999,C1_honest_unbiased;C2_oracle_within_bound;C3_regret_within_bound,True,SUCCESS,1082,
sim2,S2-082,10000,"{""K"": 24, ""sigma"": 0.005, ""rho"": 0.9, ""regime"": ""best=0.002""}",panel,reporting_bias_mean,-2.3134353449666988e-05,,5.0201621896655574e-05,0.00015060486568996672,C1_honest_unbiased;C2_oracle_within_bound;C3_regret_within_bound,True,SUCCESS,1082,
sim2,S2-082,10000,"{""K"": 24, ""sigma"": 0.005, ""rho"": 0.9, ""regime"": ""best=0.002""}",panel,winner_instability,0.7182,,0.7182,2.1546,C1_honest_unbiased;C2_oracle_within_bound;C3_regret_within_bound,True,SUCCESS,1082,
sim2,S2-082,10000,"{""K"": 24, ""sigma"": 0.005, ""rho"": 0.9, ""regime"": ""best=0.002""}",panel,one_se_regret_mean,2.8200000000000004e-05,,,,C1_honest_unbiased;C2_oracle_within_bound;C3_regret_within_bound,True,SUCCESS,1082,
sim2,S2-082,10000,"{""K"": 24, ""sigma"": 0.005, ""rho"": 0.9, ""regime"": ""best=0.002""}",panel,oracle_bound_ratio,0.10501338648724194,,0.10501338648724194,0.3150401594617258,C1_honest_unbiased;C2_oracle_within_bound;C3_regret_within_bound,True,SUCCESS,1082,
sim2,S2-083,10000,"{""K"": 24, ""sigma"": 0.005, ""rho"": 0.9, ""regime"": ""best=0.005""}",panel,oracle_optimism_mean,8.252494768566879e-05,0.012605661090057802,4.9339019279538235e-05,0.00014801705783861472,C1_honest_unbiased;C2_oracle_within_bound;C3_regret_within_bound,True,SUCCESS,1083,
sim2,S2-083,10000,"{""K"": 24, ""sigma"": 0.005, ""rho"": 0.9, ""regime"": ""best=0.005""}",panel,regret_mean,0.0006580000000000001,,1.6903614205764452e-05,0.0001,C1_honest_unbiased;C2_oracle_within_bound;C3_regret_within_bound,True,SUCCESS,1083,
sim2,S2-083,10000,"{""K"": 24, ""sigma"": 0.005, ""rho"": 0.9, ""regime"": ""best=0.005""}",panel,p_select_best,0.8684,,0.8684,2.6052,C1_honest_unbiased;C2_oracle_within_bound;C3_regret_within_bound,True,SUCCESS,1083,
sim2,S2-083,10000,"{""K"": 24, ""sigma"": 0.005, ""rho"": 0.9, ""regime"": ""best=0.005""}",panel,reporting_bias_mean,-5.2385730099486884e-05,,4.9940493451059215e-05,0.00014982148035317766,C1_honest_unbiased;C2_oracle_within_bound;C3_regret_within_bound,True,SUCCESS,1083,
sim2,S2-083,10000,"{""K"": 24, ""sigma"": 0.005, ""rho"": 0.9, ""regime"": ""best=0.005""}",panel,winner_instability,0.13160000000000005,,0.13160000000000005,0.39480000000000015,C1_honest_unbiased;C2_oracle_within_bound;C3_regret_within_bound,True,SUCCESS,1083,
sim2,S2-083,10000,"{""K"": 24, ""sigma"": 0.005, ""rho"": 0.9, ""regime"": ""best=0.005""}",panel,one_se_regret_mean,5e-07,,,,C1_honest_unbiased;C2_oracle_within_bound;C3_regret_within_bound,True,SUCCESS,1083,
sim2,S2-083,10000,"{""K"": 24, ""sigma"": 0.005, ""rho"": 0.9, ""regime"": ""best=0.005""}",panel,oracle_bound_ratio,0.006546657656119039,,0.006546657656119039,0.01963997296835712,C1_honest_unbiased;C2_oracle_within_bound;C3_regret_within_bound,True,SUCCESS,1083,
sim2,S2-084,10000,"{""K"": 24, ""sigma"": 0.005, ""rho"": 0.9, ""regime"": ""best=0.02""}",panel,oracle_optimism_mean,7.901047242743848e-05,0.012605661090057802,5.0065629995735487e-05,0.00015019688998720645,C1_honest_unbiased;C2_oracle_within_bound;C3_regret_within_bound,True,SUCCESS,1084,
sim2,S2-084,10000,"{""K"": 24, ""sigma"": 0.005, ""rho"": 0.9, ""regime"": ""best=0.02""}",panel,regret_mean,0.0,,0.0,0.0001,C1_honest_unbiased;C2_oracle_within_bound;C3_regret_within_bound,True,SUCCESS,1084,
sim2,S2-084,10000,"{""K"": 24, ""sigma"": 0.005, ""rho"": 0.9, ""regime"": ""best=0.02""}",panel,p_select_best,1.0,,1.0,3.0,C1_honest_unbiased;C2_oracle_within_bound;C3_regret_within_bound,True,SUCCESS,1084,
sim2,S2-084,10000,"{""K"": 24, ""sigma"": 0.005, ""rho"": 0.9, ""regime"": ""best=0.02""}",panel,reporting_bias_mean,7.901047242743848e-05,,5.0065629995735487e-05,0.00015019688998720645,C1_honest_unbiased;C2_oracle_within_bound;C3_regret_within_bound,True,SUCCESS,1084,
sim2,S2-084,10000,"{""K"": 24, ""sigma"": 0.005, ""rho"": 0.9, ""regime"": ""best=0.02""}",panel,winner_instability,0.0,,0.0,0.0001,C1_honest_unbiased;C2_oracle_within_bound;C3_regret_within_bound,True,SUCCESS,1084,
sim2,S2-084,10000,"{""K"": 24, ""sigma"": 0.005, ""rho"": 0.9, ""regime"": ""best=0.02""}",panel,one_se_regret_mean,0.0,,,,C1_honest_unbiased;C2_oracle_within_bound;C3_regret_within_bound,True,SUCCESS,1084,
sim2,S2-084,10000,"{""K"": 24, ""sigma"": 0.005, ""rho"": 0.9, ""regime"": ""best=0.02""}",panel,oracle_bound_ratio,0.0062678563117768375,,0.0062678563117768375,0.018803568935330514,C1_honest_unbiased;C2_oracle_within_bound;C3_regret_within_bound,True,SUCCESS,1084,
sim2,S2-085,10000,"{""K"": 24, ""sigma"": 0.01, ""rho"": 0.0, ""regime"": ""all_equal""}",panel,oracle_optimism_mean,0.01946151118926336,0.025211322180115604,5.179876390189271e-05,0.00015539629170567814,C1_honest_unbiased;C2_oracle_within_bound;C3_regret_within_bound,True,SUCCESS,1085,
sim2,S2-085,10000,"{""K"": 24, ""sigma"": 0.01, ""rho"": 0.0, ""regime"": ""all_equal""}",panel,regret_mean,0.0,,0.0,0.0001,C1_honest_unbiased;C2_oracle_within_bound;C3_regret_within_bound,True,SUCCESS,1085,
sim2,S2-085,10000,"{""K"": 24, ""sigma"": 0.01, ""rho"": 0.0, ""regime"": ""all_equal""}",panel,p_select_best,1.0,,1.0,3.0,C1_honest_unbiased;C2_oracle_within_bound;C3_regret_within_bound,True,SUCCESS,1085,
sim2,S2-085,10000,"{""K"": 24, ""sigma"": 0.01, ""rho"": 0.0, ""regime"": ""all_equal""}",panel,reporting_bias_mean,1.259692299177042e-05,,9.967794903557486e-05,0.0002990338471067246,C1_honest_unbiased;C2_oracle_within_bound;C3_regret_within_bound,True,SUCCESS,1085,
sim2,S2-085,10000,"{""K"": 24, ""sigma"": 0.01, ""rho"": 0.0, ""regime"": ""all_equal""}",panel,winner_instability,0.9529,,0.9529,2.8587,C1_honest_unbiased;C2_oracle_within_bound;C3_regret_within_bound,True,SUCCESS,1085,
sim2,S2-085,10000,"{""K"": 24, ""sigma"": 0.01, ""rho"": 0.0, ""regime"": ""all_equal""}",panel,one_se_regret_mean,0.0,,,,C1_honest_unbiased;C2_oracle_within_bound;C3_regret_within_bound,True,SUCCESS,1085,
sim2,S2-085,10000,"{""K"": 24, ""sigma"": 0.01, ""rho"": 0.0, ""regime"": ""all_equal""}",panel,oracle_bound_ratio,0.7719353650009212,,0.7719353650009212,2.3158060950027637,C1_honest_unbiased;C2_oracle_within_bound;C3_regret_within_bound,True,SUCCESS,1085,
sim2,S2-086,10000,"{""K"": 24, ""sigma"": 0.01, ""rho"": 0.0, ""regime"": ""best=0.002""}",panel,oracle_optimism_mean,0.0175923919037861,0.025211322180115604,5.168191966812896e-05,0.00015504575900438688,C1_honest_unbiased;C2_oracle_within_bound;C3_regret_within_bound,True,SUCCESS,1086,
sim2,S2-086,10000,"{""K"": 24, ""sigma"": 0.01, ""rho"": 0.0, ""regime"": ""best=0.002""}",panel,regret_mean,0.0018778000000000002,,4.790512592728476e-06,0.0001,C1_honest_unbiased;C2_oracle_within_bound;C3_regret_within_bound,True,SUCCESS,1086,
sim2,S2-086,10000,"{""K"": 24, ""sigma"": 0.01, ""rho"": 0.0, ""regime"": ""best=0.002""}",panel,p_select_best,0.0611,,0.0611,0.18330000000000002,C1_honest_unbiased;C2_oracle_within_bound;C3_regret_within_bound,True,SUCCESS,1086,
sim2,S2-086,10000,"{""K"": 24, ""sigma"": 0.01, ""rho"": 0.0, ""regime"": ""best=0.002""}",panel,reporting_bias_mean,8.236938042948272e-06,,0.00010086559317130598,0.00030259677951391796,C1_honest_unbiased;C2_oracle_within_bound;C3_regret_within_bound,True,SUCCESS,1086,
sim2,S2-086,10000,"{""K"": 24, ""sigma"": 0.01, ""rho"": 0.0, ""regime"": ""best=0.002""}",panel,winner_instability,0.9389,,0.9389,2.8167,C1_honest_unbiased;C2_oracle_within_bound;C3_regret_within_bound,True,SUCCESS,1086,
sim2,S2-086,10000,"{""K"": 24, ""sigma"": 0.01, ""rho"": 0.0, ""regime"": ""best=0.002""}",panel,one_se_regret_mean,0.0014868,,,,C1_honest_unbiased;C2_oracle_within_bound;C3_regret_within_bound,True,SUCCESS,1086,
sim2,S2-086,10000,"{""K"": 24, ""sigma"": 0.01, ""rho"": 0.0, ""regime"": ""best=0.002""}",panel,oracle_bound_ratio,0.6977972744984148,,0.6977972744984148,2.0933918234952444,C1_honest_unbiased;C2_oracle_within_bound;C3_regret_within_bound,True,SUCCESS,1086,
sim2,S2-087,10000,"{""K"": 24, ""sigma"": 0.01, ""rho"": 0.0, ""regime"": ""best=0.005""}",panel,oracle_optimism_mean,0.014834099464387794,0.025211322180115604,5.1869051375259164e-05,0.0001556071541257775,C1_honest_unbiased;C2_oracle_within_bound;C3_regret_within_bound,True,SUCCESS,1087,
sim2,S2-087,10000,"{""K"": 24, ""sigma"": 0.01, ""rho"": 0.0, ""regime"": ""best=0.005""}",panel,regret_mean,0.004495,,1.5067189585991213e-05,0.0001,C1_honest_unbiased;C2_oracle_within_bound;C3_regret_within_bound,True,SUCCESS,1087,
sim2,S2-087,10000,"{""K"": 24, ""sigma"": 0.01, ""rho"": 0.0, ""regime"": ""best=0.005""}",panel,p_select_best,0.101,,0.101,0.30300000000000005,C1_honest_unbiased;C2_oracle_within_bound;C3_regret_within_bound,True,SUCCESS,1087,
sim2,S2-087,10000,"{""K"": 24, ""sigma"": 0.01, ""rho"": 0.0, ""regime"": ""best=0.005""}",panel,reporting_bias_mean,7.941965971182895e-05,,9.998104574736304e-05,0.0002999431372420891,C1_honest_unbiased;C2_oracle_within_bound;C3_regret_within_bound,True,SUCCESS,1087,
sim2,S2-087,10000,"{""K"": 24, ""sigma"": 0.01, ""rho"": 0.0, ""regime"": ""best=0.005""}",panel,winner_instability,0.899,,0.899,2.697,C1_honest_unbiased;C2_oracle_within_bound;C3_regret_within_bound,True,SUCCESS,1087,
sim2,S2-087,10000,"{""K"": 24, ""sigma"": 0.01, ""rho"": 0.0, ""regime"": ""best=0.005""}",panel,one_se_regret_mean,0.003218000000000001,,,,C1_honest_unbiased;C2_oracle_within_bound;C3_regret_within_bound,True,SUCCESS,1087,
sim2,S2-087,10000,"{""K"": 24, ""sigma"": 0.01, ""rho"": 0.0, ""regime"": ""best=0.005""}",panel,oracle_bound_ratio,0.5883903810521918,,0.5883903810521918,1.7651711431565753,C1_honest_unbiased;C2_oracle_within_bound;C3_regret_within_bound,True,SUCCESS,1087,
sim2,S2-088,10000,"{""K"": 24, ""sigma"": 0.01, ""rho"": 0.0, ""regime"": ""best=0.02""}",panel,oracle_optimism_mean,0.004053336017172347,0.025211322180115604,6.816570894135943e-05,0.0002044971268240783,C1_honest_unbiased;C2_oracle_within_bound;C3_regret_within_bound,True,SUCCESS,1088,
sim2,S2-088,10000,"{""K"": 24, ""sigma"": 0.01, ""rho"": 0.0, ""regime"": ""best=0.02""}",panel,regret_mean,0.00966,,9.994718077011673e-05,0.0002998415423103502,C1_honest_unbiased;C2_oracle_within_bound;C3_regret_within_bound,True,SUCCESS,1088,
sim2,S2-088,10000,"{""K"": 24, ""sigma"": 0.01, ""rho"": 0.0, ""regime"": ""best=0.02""}",panel,p_select_best,0.517,,0.517,1.5510000000000002,C1_honest_unbiased;C2_oracle_within_bound;C3_regret_within_bound,True,SUCCESS,1088,
sim2,S2-088,10000,"{""K"": 24, ""sigma"": 0.01, ""rho"": 0.0, ""regime"": ""best=0.02""}",panel,reporting_bias_mean,-0.00010378659421003424,,9.964903331809514e-05,0.00029894709995428544,C1_honest_unbiased;C2_oracle_within_bound;C3_regret_within_bound,True,SUCCESS,1088,
sim2,S2-088,10000,"{""K"": 24, ""sigma"": 0.01, ""rho"": 0.0, ""regime"": ""best=0.02""}",panel,winner_instability,0.483,,0.483,1.4489999999999998,C1_honest_unbiased;C2_oracle_within_bound;C3_regret_within_bound,True,SUCCESS,1088,
sim2,S2-088,10000,"{""K"": 24, ""sigma"": 0.01, ""rho"": 0.0, ""regime"": ""best=0.02""}",panel,one_se_regret_mean,0.0034459999999999994,,,,C1_honest_unbiased;C2_oracle_within_bound;C3_regret_within_bound,True,SUCCESS,1088,
sim2,S2-088,10000,"{""K"": 24, ""sigma"": 0.01, ""rho"": 0.0, ""regime"": ""best=0.02""}",panel,oracle_bound_ratio,0.1607744325432186,,0.1607744325432186,0.4823232976296558,C1_honest_unbiased;C2_oracle_within_bound;C3_regret_within_bound,True,SUCCESS,1088,
sim2,S2-089,10000,"{""K"": 24, ""sigma"": 0.01, ""rho"": 0.5, ""regime"": ""all_equal""}",panel,oracle_optimism_mean,0.013697713498991522,0.025211322180115604,7.832691799993769e-05,0.00023498075399981306,C1_honest_unbiased;C2_oracle_within_bound;C3_regret_within_bound,True,SUCCESS,1089,
sim2,S2-089,10000,"{""K"": 24, ""sigma"": 0.01, ""rho"": 0.5, ""regime"": ""all_equal""}",panel,regret_mean,0.0,,0.0,0.0001,C1_honest_unbiased;C2_oracle_within_bound;C3_regret_within_bound,True,SUCCESS,1089,
sim2,S2-089,10000,"{""K"": 24, ""sigma"": 0.01, ""rho"": 0.5, ""regime"": ""all_equal""}",panel,p_select_best,1.0,,1.0,3.0,C1_honest_unbiased;C2_oracle_within_bound;C3_regret_within_bound,True,SUCCESS,1089,
sim2,S2-089,10000,"{""K"": 24, ""sigma"": 0.01, ""rho"": 0.5, ""regime"": ""all_equal""}",panel,reporting_bias_mean,-0.00012744047281981746,,9.872383220772624e-05,0.00029617149662317875,C1_honest_unbiased;C2_oracle_within_bound;C3_regret_within_bound,True,SUCCESS,1089,
sim2,S2-089,10000,"{""K"": 24, ""sigma"": 0.01, ""rho"": 0.5, ""regime"": ""all_equal""}",panel,winner_instability,0.9547,,0.9547,2.8641,C1_honest_unbiased;C2_oracle_within_bound;C3_regret_within_bound,True,SUCCESS,1089,
sim2,S2-089,10000,"{""K"": 24, ""sigma"": 0.01, ""rho"": 0.5, ""regime"": ""all_equal""}",panel,one_se_regret_mean,0.0,,,,C1_honest_unbiased;C2_oracle_within_bound;C3_regret_within_bound,True,SUCCESS,1089,
sim2,S2-089,10000,"{""K"": 24, ""sigma"": 0.01, ""rho"": 0.5, ""regime"": ""all_equal""}",panel,oracle_bound_ratio,0.5433159515051151,,0.5433159515051151,1.6299478545153454,C1_honest_unbiased;C2_oracle_within_bound;C3_regret_within_bound,True,SUCCESS,1089,
sim2,S2-090,10000,"{""K"": 24, ""sigma"": 0.01, ""rho"": 0.5, ""regime"": ""best=0.002""}",panel,oracle_optimism_mean,0.011998702695234245,0.025211322180115604,7.941383655829091e-05,0.0002382415096748727,C1_honest_unbiased;C2_oracle_within_bound;C3_regret_within_bound,True,SUCCESS,1090,
sim2,S2-090,10000,"{""K"": 24, ""sigma"": 0.01, ""rho"": 0.5, ""regime"": ""best=0.002""}",panel,regret_mean,0.0018656000000000002,,5.007611368423244e-06,0.0001,C1_honest_unbiased;C2_oracle_within_bound;C3_regret_within_bound,True,SUCCESS,1090,
sim2,S2-090,10000,"{""K"": 24, ""sigma"": 0.01, ""rho"": 0.5, ""regime"": ""best=0.002""}",panel,p_select_best,0.0672,,0.0672,0.2016,C1_honest_unbiased;C2_oracle_within_bound;C3_regret_within_bound,True,SUCCESS,1090,
sim2,S2-090,10000,"{""K"": 24, ""sigma"": 0.01, ""rho"": 0.5, ""regime"": ""best=0.002""}",panel,reporting_bias_mean,0.00011141946382360616,,9.948584012481229e-05,0.00029845752037443687,C1_honest_unbiased;C2_oracle_within_bound;C3_regret_within_bound,True,SUCCESS,1090,
sim2,S2-090,10000,"{""K"": 24, ""sigma"": 0.01, ""rho"": 0.5, ""regime"": ""best=0.002""}",panel,winner_instability,0.9328,,0.9328,2.7984,C1_honest_unbiased;C2_oracle_within_bound;C3_regret_within_bound,True,SUCCESS,1090,
sim2,S2-090,10000,"{""K"": 24, ""sigma"": 0.01, ""rho"": 0.5, ""regime"": ""best=0.002""}",panel,one_se_regret_mean,0.0011417999999999999,,,,C1_honest_unbiased;C2_oracle_within_bound;C3_regret_within_bound,True,SUCCESS,1090,
sim2,S2-090,10000,"{""K"": 24, ""sigma"": 0.01, ""rho"": 0.5, ""regime"": ""best=0.002""}",panel,oracle_bound_ratio,0.47592516606279894,,0.47592516606279894,1.4277754981883968,C1_honest_unbiased;C2_oracle_within_bound;C3_regret_within_bound,True,SUCCESS,1090,
sim2,S2-091,10000,"{""K"": 24, ""sigma"": 0.01, ""rho"": 0.5, ""regime"": ""best=0.005""}",panel,oracle_optimism_mean,0.009073909574791894,0.025211322180115604,8.009220702702116e-05,0.00024027662108106347,C1_honest_unbiased;C2_oracle_within_bound;C3_regret_within_bound,True,SUCCESS,1091,
sim2,S2-091,10000,"{""K"": 24, ""sigma"": 0.01, ""rho"": 0.5, ""regime"": ""best=0.005""}",panel,regret_mean,0.004331499999999999,,1.7017336277261415e-05,0.0001,C1_honest_unbiased;C2_oracle_within_bound;C3_regret_within_bound,True,SUCCESS,1091,
sim2,S2-091,10000,"{""K"": 24, ""sigma"": 0.01, ""rho"": 0.5, ""regime"": ""best=0.005""}",panel,p_select_best,0.1337,,0.1337,0.4011,C1_honest_unbiased;C2_oracle_within_bound;C3_regret_within_bound,True,SUCCESS,1091,
sim2,S2-091,10000,"{""K"": 24, ""sigma"": 0.01, ""rho"": 0.5, ""regime"": ""best=0.005""}",panel,reporting_bias_mean,2.503593341843846e-06,,0.00010004425296589177,0.0003001327588976753,C1_honest_unbiased;C2_oracle_within_bound;C3_regret_within_bound,True,SUCCESS,1091,
sim2,S2-091,10000,"{""K"": 24, ""sigma"": 0.01, ""rho"": 0.5, ""regime"": ""best=0.005""}",panel,winner_instability,0.8663,,0.8663,2.5989,C1_honest_unbiased;C2_oracle_within_bound;C3_regret_within_bound,True,SUCCESS,1091,
sim2,S2-091,10000,"{""K"": 24, ""sigma"": 0.01, ""rho"": 0.5, ""regime"": ""best=0.005""}",panel,one_se_regret_mean,0.0021745,,,,C1_honest_unbiased;C2_oracle_within_bound;C3_regret_within_bound,True,SUCCESS,1091,
sim2,S2-091,10000,"{""K"": 24, ""sigma"": 0.01, ""rho"": 0.5, ""regime"": ""best=0.005""}",panel,oracle_bound_ratio,0.35991406995498904,,0.35991406995498904,1.0797422098649672,C1_honest_unbiased;C2_oracle_within_bound;C3_regret_within_bound,True,SUCCESS,1091,
sim2,S2-092,10000,"{""K"": 24, ""sigma"": 0.01, ""rho"": 0.5, ""regime"": ""best=0.02""}",panel,oracle_optimism_mean,0.001015000551370178,0.025211322180115604,9.355421206189543e-05,0.0002806626361856863,C1_honest_unbiased;C2_oracle_within_bound;C3_regret_within_bound,True,SUCCESS,1092,
sim2,S2-092,10000,"{""K"": 24, ""sigma"": 0.01, ""rho"": 0.5, ""regime"": ""best=0.02""}",panel,regret_mean,0.004182,,8.133725576215055e-05,0.00024401176728645164,C1_honest_unbiased;C2_oracle_within_bound;C3_regret_within_bound,True,SUCCESS,1092,
sim2,S2-092,10000,"{""K"": 24, ""sigma"": 0.01, ""rho"": 0.5, ""regime"": ""best=0.02""}",panel,p_select_best,0.7909,,0.7909,2.3727,C1_honest_unbiased;C2_oracle_within_bound;C3_regret_within_bound,True,SUCCESS,1092,
sim2,S2-092,10000,"{""K"": 24, ""sigma"": 0.01, ""rho"": 0.5, ""regime"": ""best=0.02""}",panel,reporting_bias_mean,-3.995318864853267e-05,,0.00010072722135666892,0.0003021816640700068,C1_honest_unbiased;C2_oracle_within_bound;C3_regret_within_bound,True,SUCCESS,1092,
sim2,S2-092,10000,"{""K"": 24, ""sigma"": 0.01, ""rho"": 0.5, ""regime"": ""best=0.02""}",panel,winner_instability,0.20909999999999995,,0.20909999999999995,0.6272999999999999,C1_honest_unbiased;C2_oracle_within_bound;C3_regret_within_bound,True,SUCCESS,1092,
sim2,S2-092,10000,"{""K"": 24, ""sigma"": 0.01, ""rho"": 0.5, ""regime"": ""best=0.02""}",panel,one_se_regret_mean,0.000412,,,,C1_honest_unbiased;C2_oracle_within_bound;C3_regret_within_bound,True,SUCCESS,1092,
sim2,S2-092,10000,"{""K"": 24, ""sigma"": 0.01, ""rho"": 0.5, ""regime"": ""best=0.02""}",panel,oracle_bound_ratio,0.040259711256663805,,0.040259711256663805,0.12077913376999141,C1_honest_unbiased;C2_oracle_within_bound;C3_regret_within_bound,True,SUCCESS,1092,
sim2,S2-093,10000,"{""K"": 24, ""sigma"": 0.01, ""rho"": 0.9, ""regime"": ""all_equal""}",panel,oracle_optimism_mean,0.006129517338288402,0.025211322180115604,9.654519806401834e-05,0.00028963559419205504,C1_honest_unbiased;C2_oracle_within_bound;C3_regret_within_bound,True,SUCCESS,1093,
sim2,S2-093,10000,"{""K"": 24, ""sigma"": 0.01, ""rho"": 0.9, ""regime"": ""all_equal""}",panel,regret_mean,0.0,,0.0,0.0001,C1_honest_unbiased;C2_oracle_within_bound;C3_regret_within_bound,True,SUCCESS,1093,
sim2,S2-093,10000,"{""K"": 24, ""sigma"": 0.01, ""rho"": 0.9, ""regime"": ""all_equal""}",panel,p_select_best,1.0,,1.0,3.0,C1_honest_unbiased;C2_oracle_within_bound;C3_regret_within_bound,True,SUCCESS,1093,
sim2,S2-093,10000,"{""K"": 24, ""sigma"": 0.01, ""rho"": 0.9, ""regime"": ""all_equal""}",panel,reporting_bias_mean,-6.805862367247863e-05,,0.00010049157941886185,0.00030147473825658556,C1_honest_unbiased;C2_oracle_within_bound;C3_regret_within_bound,True,SUCCESS,1093,
sim2,S2-093,10000,"{""K"": 24, ""sigma"": 0.01, ""rho"": 0.9, ""regime"": ""all_equal""}",panel,winner_instability,0.9542,,0.9542,2.8626,C1_honest_unbiased;C2_oracle_within_bound;C3_regret_within_bound,True,SUCCESS,1093,
sim2,S2-093,10000,"{""K"": 24, ""sigma"": 0.01, ""rho"": 0.9, ""regime"": ""all_equal""}",panel,one_se_regret_mean,0.0,,,,C1_honest_unbiased;C2_oracle_within_bound;C3_regret_within_bound,True,SUCCESS,1093,
sim2,S2-093,10000,"{""K"": 24, ""sigma"": 0.01, ""rho"": 0.9, ""regime"": ""all_equal""}",panel,oracle_bound_ratio,0.24312558042365612,,0.24312558042365612,0.7293767412709684,C1_honest_unbiased;C2_oracle_within_bound;C3_regret_within_bound,True,SUCCESS,1093,
sim2,S2-094,10000,"{""K"": 24, ""sigma"": 0.01, ""rho"": 0.9, ""regime"": ""best=0.002""}",panel,oracle_optimism_mean,0.004368385317661986,0.025211322180115604,9.543581018217594e-05,0.0002863074305465278,C1_honest_unbiased;C2_oracle_within_bound;C3_regret_within_bound,True,SUCCESS,1094,
sim2,S2-094,10000,"{""K"": 24, ""sigma"": 0.01, ""rho"": 0.9, ""regime"": ""best=0.002""}",panel,regret_mean,0.0017546,,6.562178770730183e-06,0.0001,C1_honest_unbiased;C2_oracle_within_bound;C3_regret_within_bound,True,SUCCESS,1094,
sim2,S2-094,10000,"{""K"": 24, ""sigma"": 0.01, ""rho"": 0.9, ""regime"": ""best=0.002""}",panel,p_select_best,0.1227,,0.1227,0.3681,C1_honest_unbiased;C2_oracle_within_bound;C3_regret_within_bound,True,SUCCESS,1094,
sim2,S2-094,10000,"{""K"": 24, ""sigma"": 0.01, ""rho"": 0.9, ""regime"": ""best=0.002""}",panel,reporting_bias_mean,5.58586038210227e-06,,9.948867160922652e-05,0.00029846601482767956,C1_honest_unbiased;C2_oracle_within_bound;C3_regret_within_bound,True,SUCCESS,1094,
sim2,S2-094,10000,"{""K"": 24, ""sigma"": 0.01, ""rho"": 0.9, ""regime"": ""best=0.002""}",panel,winner_instability,0.8773,,0.8773,2.6319,C1_honest_unbiased;C2_oracle_within_bound;C3_regret_within_bound,True,SUCCESS,1094,
sim2,S2-094,10000,"{""K"": 24, ""sigma"": 0.01, ""rho"": 0.9, ""regime"": ""best=0.002""}",panel,one_se_regret_mean,0.00010180000000000001,,,,C1_honest_unbiased;C2_oracle_within_bound;C3_regret_within_bound,True,SUCCESS,1094,
sim2,S2-094,10000,"{""K"": 24, ""sigma"": 0.01, ""rho"": 0.9, ""regime"": ""best=0.002""}",panel,oracle_bound_ratio,0.17327077439466346,,0.17327077439466346,0.5198123231839904,C1_honest_unbiased;C2_oracle_within_bound;C3_regret_within_bound,True,SUCCESS,1094,
sim2,S2-095,10000,"{""K"": 24, ""sigma"": 0.01, ""rho"": 0.9, ""regime"": ""best=0.005""}",panel,oracle_optimism_mean,0.0020508136156630555,0.025211322180115604,9.743996420666858e-05,0.0002923198926200058,C1_honest_unbiased;C2_oracle_within_bound;C3_regret_within_bound,True,SUCCESS,1095,
sim2,S2-095,10000,"{""K"": 24, ""sigma"": 0.01, ""rho"": 0.9, ""regime"": ""best=0.005""}",panel,regret_mean,0.003084,,2.4309535070616528e-05,0.0001,C1_honest_unbiased;C2_oracle_within_bound;C3_regret_within_bound,True,SUCCESS,1095,
sim2,S2-095,10000,"{""K"": 24, ""sigma"": 0.01, ""rho"": 0.9, ""regime"": ""best=0.005""}",panel,p_select_best,0.3832,,0.3832,1.1496,C1_honest_unbiased;C2_oracle_within_bound;C3_regret_within_bound,True,SUCCESS,1095,
sim2,S2-095,10000,"{""K"": 24, ""sigma"": 0.01, ""rho"": 0.9, ""regime"": ""best=0.005""}",panel,reporting_bias_mean,5.411783700505416e-05,,0.00010107438118606007,0.0003032231435581802,C1_honest_unbiased;C2_oracle_within_bound;C3_regret_within_bound,True,SUCCESS,1095,
sim2,S2-095,10000,"{""K"": 24, ""sigma"": 0.01, ""rho"": 0.9, ""regime"": ""best=0.005""}",panel,winner_instability,0.6168,,0.6168,1.8504,C1_honest_unbiased;C2_oracle_within_bound;C3_regret_within_bound,True,SUCCESS,1095,
sim2,S2-095,10000,"{""K"": 24, ""sigma"": 0.01, ""rho"": 0.9, ""regime"": ""best=0.005""}",panel,one_se_regret_mean,3.65e-05,,,,C1_honest_unbiased;C2_oracle_within_bound;C3_regret_within_bound,True,SUCCESS,1095,
sim2,S2-095,10000,"{""K"": 24, ""sigma"": 0.01, ""rho"": 0.9, ""regime"": ""best=0.005""}",panel,oracle_bound_ratio,0.08134494498192366,,0.08134494498192366,0.24403483494577097,C1_honest_unbiased;C2_oracle_within_bound;C3_regret_within_bound,True,SUCCESS,1095,
sim2,S2-096,10000,"{""K"": 24, ""sigma"": 0.01, ""rho"": 0.9, ""regime"": ""best=0.02""}",panel,oracle_optimism_mean,-2.9566782406241183e-05,0.025211322180115604,9.877816216209416e-05,0.00029633448648628245,C1_honest_unbiased;C2_oracle_within_bound;C3_regret_within_bound,True,SUCCESS,1096,
sim2,S2-096,10000,"{""K"": 24, ""sigma"": 0.01, ""rho"": 0.9, ""regime"": ""best=0.02""}",panel,regret_mean,2e-06,,2e-06,0.0001,C1_honest_unbiased;C2_oracle_within_bound;C3_regret_within_bound,True,SUCCESS,1096,
sim2,S2-096,10000,"{""K"": 24, ""sigma"": 0.01, ""rho"": 0.9, ""regime"": ""best=0.02""}",panel,p_select_best,0.9999,,0.9999,2.9997,C1_honest_unbiased;C2_oracle_within_bound;C3_regret_within_bound,True,SUCCESS,1096,
sim2,S2-096,10000,"{""K"": 24, ""sigma"": 0.01, ""rho"": 0.9, ""regime"": ""best=0.02""}",panel,reporting_bias_mean,-2.9381333738604405e-05,,9.877779340221282e-05,0.00029633338020663844,C1_honest_unbiased;C2_oracle_within_bound;C3_regret_within_bound,True,SUCCESS,1096,
sim2,S2-096,10000,"{""K"": 24, ""sigma"": 0.01, ""rho"": 0.9, ""regime"": ""best=0.02""}",panel,winner_instability,9.999999999998899e-05,,9.999999999998899e-05,0.00029999999999996696,C1_honest_unbiased;C2_oracle_within_bound;C3_regret_within_bound,True,SUCCESS,1096,
sim2,S2-096,10000,"{""K"": 24, ""sigma"": 0.01, ""rho"": 0.9, ""regime"": ""best=0.02""}",panel,one_se_regret_mean,0.0,,,,C1_honest_unbiased;C2_oracle_within_bound;C3_regret_within_bound,True,SUCCESS,1096,
sim2,S2-096,10000,"{""K"": 24, ""sigma"": 0.01, ""rho"": 0.9, ""regime"": ""best=0.02""}",panel,oracle_bound_ratio,-0.0011727581042758942,,-0.0011727581042758942,0.0001,C1_honest_unbiased;C2_oracle_within_bound;C3_regret_within_bound,True,SUCCESS,1096,
sim2,S2-097,10000,"{""K"": 24, ""sigma"": 0.03, ""rho"": 0.0, ""regime"": ""all_equal""}",panel,oracle_optimism_mean,0.05861129994326942,0.0756339665403468,0.00015464664415122383,0.0004639399324536715,C1_honest_unbiased;C2_oracle_within_bound;C3_regret_within_bound,True,SUCCESS,1097,
sim2,S2-097,10000,"{""K"": 24, ""sigma"": 0.03, ""rho"": 0.0, ""regime"": ""all_equal""}",panel,regret_mean,0.0,,0.0,0.0001,C1_honest_unbiased;C2_oracle_within_bound;C3_regret_within_bound,True,SUCCESS,1097,
sim2,S2-097,10000,"{""K"": 24, ""sigma"": 0.03, ""rho"": 0.0, ""regime"": ""all_equal""}",panel,p_select_best,1.0,,1.0,3.0,C1_honest_unbiased;C2_oracle_within_bound;C3_regret_within_bound,True,SUCCESS,1097,
sim2,S2-097,10000,"{""K"": 24, ""sigma"": 0.03, ""rho"": 0.0, ""regime"": ""all_equal""}",panel,reporting_bias_mean,0.0005870773174786144,,0.0002965397109699334,0.0008896191329098002,C1_honest_unbiased;C2_oracle_within_bound;C3_regret_within_bound,True,SUCCESS,1097,
sim2,S2-097,10000,"{""K"": 24, ""sigma"": 0.03, ""rho"": 0.0, ""regime"": ""all_equal""}",panel,winner_instability,0.956,,0.956,2.868,C1_honest_unbiased;C2_oracle_within_bound;C3_regret_within_bound,True,SUCCESS,1097,
sim2,S2-097,10000,"{""K"": 24, ""sigma"": 0.03, ""rho"": 0.0, ""regime"": ""all_equal""}",panel,one_se_regret_mean,0.0,,,,C1_honest_unbiased;C2_oracle_within_bound;C3_regret_within_bound,True,SUCCESS,1097,
sim2,S2-097,10000,"{""K"": 24, ""sigma"": 0.03, ""rho"": 0.0, ""regime"": ""all_equal""}",panel,oracle_bound_ratio,0.7749335731586062,,0.7749335731586062,2.3248007194758187,C1_honest_unbiased;C2_oracle_within_bound;C3_regret_within_bound,True,SUCCESS,1097,
sim2,S2-098,10000,"{""K"": 24, ""sigma"": 0.03, ""rho"": 0.0, ""regime"": ""best=0.002""}",panel,oracle_optimism_mean,0.05669357838872586,0.0756339665403468,0.00015532168669869735,0.00046596506009609204,C1_honest_unbiased;C2_oracle_within_bound;C3_regret_within_bound,True,SUCCESS,1098,
sim2,S2-098,10000,"{""K"": 24, ""sigma"": 0.03, ""rho"": 0.0, ""regime"": ""best=0.002""}",panel,regret_mean,0.0019034000000000002,,4.288202755034658e-06,0.0001,C1_honest_unbiased;C2_oracle_within_bound;C3_regret_within_bound,True,SUCCESS,1098,
sim2,S2-098,10000,"{""K"": 24, ""sigma"": 0.03, ""rho"": 0.0, ""regime"": ""best=0.002""}",panel,p_select_best,0.0483,,0.0483,0.1449,C1_honest_unbiased;C2_oracle_within_bound;C3_regret_within_bound,True,SUCCESS,1098,
sim2,S2-098,10000,"{""K"": 24, ""sigma"": 0.03, ""rho"": 0.0, ""regime"": ""best=0.002""}",panel,reporting_bias_mean,0.0001563052061408676,,0.00029992333902347933,0.000899770017070438,C1_honest_unbiased;C2_oracle_within_bound;C3_regret_within_bound,True,SUCCESS,1098,
sim2,S2-098,10000,"{""K"": 24, ""sigma"": 0.03, ""rho"": 0.0, ""regime"": ""best=0.002""}",panel,winner_instability,0.9517,,0.9517,2.8551,C1_honest_unbiased;C2_oracle_within_bound;C3_regret_within_bound,True,SUCCESS,1098,
sim2,S2-098,10000,"{""K"": 24, ""sigma"": 0.03, ""rho"": 0.0, ""regime"": ""best=0.002""}",panel,one_se_regret_mean,0.0015522,,,,C1_honest_unbiased;C2_oracle_within_bound;C3_regret_within_bound,True,SUCCESS,1098,
sim2,S2-098,10000,"{""K"": 24, ""sigma"": 0.03, ""rho"": 0.0, ""regime"": ""best=0.002""}",panel,oracle_bound_ratio,0.7495782778823687,,0.7495782778823687,2.2487348336471062,C1_honest_unbiased;C2_oracle_within_bound;C3_regret_within_bound,True,SUCCESS,1098,
sim2,S2-099,10000,"{""K"": 24, ""sigma"": 0.03, ""rho"": 0.0, ""regime"": ""best=0.005""}",panel,oracle_optimism_mean,0.05362244203741956,0.0756339665403468,0.00015488037294634935,0.00046464111883904804,C1_honest_unbiased;C2_oracle_within_bound;C3_regret_within_bound,True,SUCCESS,1099,
sim2,S2-099,10000,"{""K"": 24, ""sigma"": 0.03, ""rho"": 0.0, ""regime"": ""best=0.005""}",panel,regret_mean,0.0047165,,1.1564002231699952e-05,0.0001,C1_honest_unbiased;C2_oracle_within_bound;C3_regret_within_bound,True,SUCCESS,1099,
sim2,S2-099,10000,"{""K"": 24, ""sigma"": 0.03, ""rho"": 0.0, ""regime"": ""best=0.005""}",panel,p_select_best,0.0567,,0.0567,0.1701,C1_honest_unbiased;C2_oracle_within_bound;C3_regret_within_bound,True,SUCCESS,1099,
sim2,S2-099,10000,"{""K"": 24, ""sigma"": 0.03, ""rho"": 0.0, ""regime"": ""best=0.005""}",panel,reporting_bias_mean,-0.0004952930302846972,,0.0003030554538079069,0.0009091663614237207,C1_honest_unbiased;C2_oracle_within_bound;C3_regret_within_bound,True,SUCCESS,1099,
sim2,S2-099,10000,"{""K"": 24, ""sigma"": 0.03, ""rho"": 0.0, ""regime"": ""best=0.005""}",panel,winner_instability,0.9433,,0.9433,2.8299000000000003,C1_honest_unbiased;C2_oracle_within_bound;C3_regret_within_bound,True,SUCCESS,1099,
sim2,S2-099,10000,"{""K"": 24, ""sigma"": 0.03, ""rho"": 0.0, ""regime"": ""best=0.005""}",panel,one_se_regret_mean,0.0037120000000000005,,,,C1_honest_unbiased;C2_oracle_within_bound;C3_regret_within_bound,True,SUCCESS,1099,
sim2,S2-099,10000,"{""K"": 24, ""sigma"": 0.03, ""rho"": 0.0, ""regime"": ""best=0.005""}",panel,oracle_bound_ratio,0.7089730248223166,,0.7089730248223166,2.12691907446695,C1_honest_unbiased;C2_oracle_within_bound;C3_regret_within_bound,True,SUCCESS,1099,
sim2,S2-100,10000,"{""K"": 24, ""sigma"": 0.03, ""rho"": 0.0, ""regime"": ""best=0.02""}",panel,oracle_optimism_mean,0.03999385126339255,0.0756339665403468,0.0001563311382170471,0.00046899341465114134,C1_honest_unbiased;C2_oracle_within_bound;C3_regret_within_bound,True,SUCCESS,1100,
sim2,S2-100,10000,"{""K"": 24, ""sigma"": 0.03, ""rho"": 0.0, ""regime"": ""best=0.02""}",panel,regret_mean,0.017376,,6.752716780555204e-05,0.00020258150341665612,C1_honest_unbiased;C2_oracle_within_bound;C3_regret_within_bound,True,SUCCESS,1100,
sim2,S2-100,10000,"{""K"": 24, ""sigma"": 0.03, ""rho"": 0.0, ""regime"": ""best=0.02""}",panel,p_select_best,0.1312,,0.1312,0.39360000000000006,C1_honest_unbiased;C2_oracle_within_bound;C3_regret_within_bound,True,SUCCESS,1100,
sim2,S2-100,10000,"{""K"": 24, ""sigma"": 0.03, ""rho"": 0.0, ""regime"": ""best=0.02""}",panel,reporting_bias_mean,0.00013291054163616281,,0.00029850498092490397,0.0008955149427747118,C1_honest_unbiased;C2_oracle_within_bound;C3_regret_within_bound,True,SUCCESS,1100,
sim2,S2-100,10000,"{""K"": 24, ""sigma"": 0.03, ""rho"": 0.0, ""regime"": ""best=0.02""}",panel,winner_instability,0.8688,,0.8688,2.6064,C1_honest_unbiased;C2_oracle_within_bound;C3_regret_within_bound,True,SUCCESS,1100,
sim2,S2-100,10000,"{""K"": 24, ""sigma"": 0.03, ""rho"": 0.0, ""regime"": ""best=0.02""}",panel,one_se_regret_mean,0.011668000000000001,,,,C1_honest_unbiased;C2_oracle_within_bound;C3_regret_within_bound,True,SUCCESS,1100,
sim2,S2-100,10000,"{""K"": 24, ""sigma"": 0.03, ""rho"": 0.0, ""regime"": ""best=0.02""}",panel,oracle_bound_ratio,0.528781618798981,,0.528781618798981,1.5863448563969431,C1_honest_unbiased;C2_oracle_within_bound;C3_regret_within_bound,True,SUCCESS,1100,
sim2,S2-101,10000,"{""K"": 24, ""sigma"": 0.03, ""rho"": 0.5, ""regime"": ""all_equal""}",panel,oracle_optimism_mean,0.041589661757124065,0.0756339665403468,0.00023878443983785605,0.0007163533195135681,C1_honest_unbiased;C2_oracle_within_bound;C3_regret_within_bound,True,SUCCESS,1101,
sim2,S2-101,10000,"{""K"": 24, ""sigma"": 0.03, ""rho"": 0.5, ""regime"": ""all_equal""}",panel,regret_mean,0.0,,0.0,0.0001,C1_honest_unbiased;C2_oracle_within_bound;C3_regret_within_bound,True,SUCCESS,1101,
sim2,S2-101,10000,"{""K"": 24, ""sigma"": 0.03, ""rho"": 0.5, ""regime"": ""all_equal""}",panel,p_select_best,1.0,,1.0,3.0,C1_honest_unbiased;C2_oracle_within_bound;C3_regret_within_bound,True,SUCCESS,1101,
sim2,S2-101,10000,"{""K"": 24, ""sigma"": 0.03, ""rho"": 0.5, ""regime"": ""all_equal""}",panel,reporting_bias_mean,-9.207640447435936e-05,,0.0002969615849279356,0.0008908847547838068,C1_honest_unbiased;C2_oracle_within_bound;C3_regret_within_bound,True,SUCCESS,1101,
sim2,S2-101,10000,"{""K"": 24, ""sigma"": 0.03, ""rho"": 0.5, ""regime"": ""all_equal""}",panel,winner_instability,0.9556,,0.9556,2.8668,C1_honest_unbiased;C2_oracle_within_bound;C3_regret_within_bound,True,SUCCESS,1101,
sim2,S2-101,10000,"{""K"": 24, ""sigma"": 0.03, ""rho"": 0.5, ""regime"": ""all_equal""}",panel,one_se_regret_mean,0.0,,,,C1_honest_unbiased;C2_oracle_within_bound;C3_regret_within_bound,True,SUCCESS,1101,
sim2,S2-101,10000,"{""K"": 24, ""sigma"": 0.03, ""rho"": 0.5, ""regime"": ""all_equal""}",panel,oracle_bound_ratio,0.5498807435272899,,0.5498807435272899,1.6496422305818697,C1_honest_unbiased;C2_oracle_within_bound;C3_regret_within_bound,True,SUCCESS,1101,
sim2,S2-102,10000,"{""K"": 24, ""sigma"": 0.03, ""rho"": 0.5, ""regime"": ""best=0.002""}",panel,oracle_optimism_mean,0.039286105673261205,0.0756339665403468,0.00023863089537447423,0.0007158926861234227,C1_honest_unbiased;C2_oracle_within_bound;C3_regret_within_bound,True,SUCCESS,1102,
sim2,S2-102,10000,"{""K"": 24, ""sigma"": 0.03, ""rho"": 0.5, ""regime"": ""best=0.002""}",panel,regret_mean,0.0019090000000000003,,4.168169545944164e-06,0.0001,C1_honest_unbiased;C2_oracle_within_bound;C3_regret_within_bound,True,SUCCESS,1102,
sim2,S2-102,10000,"{""K"": 24, ""sigma"": 0.03, ""rho"": 0.5, ""regime"": ""best=0.002""}",panel,p_select_best,0.0455,,0.0455,0.1365,C1_honest_unbiased;C2_oracle_within_bound;C3_regret_within_bound,True,SUCCESS,1102,
sim2,S2-102,10000,"{""K"": 24, ""sigma"": 0.03, ""rho"": 0.5, ""regime"": ""best=0.002""}",panel,reporting_bias_mean,-0.00017836163905192356,,0.0003006184333095415,0.0009018552999286245,C1_honest_unbiased;C2_oracle_within_bound;C3_regret_within_bound,True,SUCCESS,1102,
sim2,S2-102,10000,"{""K"": 24, ""sigma"": 0.03, ""rho"": 0.5, ""regime"": ""best=0.002""}",panel,winner_instability,0.9539,,0.9539,2.8617,C1_honest_unbiased;C2_oracle_within_bound;C3_regret_within_bound,True,SUCCESS,1102,
sim2,S2-102,10000,"{""K"": 24, ""sigma"": 0.03, ""rho"": 0.5, ""regime"": ""best=0.002""}",panel,one_se_regret_mean,0.0012882000000000002,,,,C1_honest_unbiased;C2_oracle_within_bound;C3_regret_within_bound,True,SUCCESS,1102,
sim2,S2-102,10000,"{""K"": 24, ""sigma"": 0.03, ""rho"": 0.5, ""regime"": ""best=0.002""}",panel,oracle_bound_ratio,0.5194241089062029,,0.5194241089062029,1.5582723267186087,C1_honest_unbiased;C2_oracle_within_bound;C3_regret_within_bound,True,SUCCESS,1102,
sim2,S2-103,10000,"{""K"": 24, ""sigma"": 0.03, ""rho"": 0.5, ""regime"": ""best=0.005""}",panel,oracle_optimism_mean,0.03740359172847563,0.0756339665403468,0.00023867255654787308,0.0007160176696436192,C1_honest_unbiased;C2_oracle_within_bound;C3_regret_within_bound,True,SUCCESS,1103,
sim2,S2-103,10000,"{""K"": 24, ""sigma"": 0.03, ""rho"": 0.5, ""regime"": ""best=0.005""}",panel,regret_mean,0.004673999999999999,,1.2344538823458591e-05,0.0001,C1_honest_unbiased;C2_oracle_within_bound;C3_regret_within_bound,True,SUCCESS,1103,
sim2,S2-103,10000,"{""K"": 24, ""sigma"": 0.03, ""rho"": 0.5, ""regime"": ""best=0.005""}",panel,p_select_best,0.0652,,0.0652,0.1956,C1_honest_unbiased;C2_oracle_within_bound;C3_regret_within_bound,True,SUCCESS,1103,
sim2,S2-103,10000,"{""K"": 24, ""sigma"": 0.03, ""rho"": 0.5, ""regime"": ""best=0.005""}",panel,reporting_bias_mean,0.0005632006178374082,,0.00030023863930611074,0.0009007159179183322,C1_honest_unbiased;C2_oracle_within_bound;C3_regret_within_bound,True,SUCCESS,1103,
sim2,S2-103,10000,"{""K"": 24, ""sigma"": 0.03, ""rho"": 0.5, ""regime"": ""best=0.005""}",panel,winner_instability,0.9348,,0.9348,2.8044,C1_honest_unbiased;C2_oracle_within_bound;C3_regret_within_bound,True,SUCCESS,1103,
sim2,S2-103,10000,"{""K"": 24, ""sigma"": 0.03, ""rho"": 0.5, ""regime"": ""best=0.005""}",panel,one_se_regret_mean,0.002983,,,,C1_honest_unbiased;C2_oracle_within_bound;C3_regret_within_bound,True,SUCCESS,1103,
sim2,S2-103,10000,"{""K"": 24, ""sigma"": 0.03, ""rho"": 0.5, ""regime"": ""best=0.005""}",panel,oracle_bound_ratio,0.494534313607931,,0.494534313607931,1.483602940823793,C1_honest_unbiased;C2_oracle_within_bound;C3_regret_within_bound,True,SUCCESS,1103,
sim2,S2-104,10000,"{""K"": 24, ""sigma"": 0.03, ""rho"": 0.5, ""regime"": ""best=0.02""}",panel,oracle_optimism_mean,0.02345172426791246,0.0756339665403468,0.00024095090001822534,0.0007228527000546761,C1_honest_unbiased;C2_oracle_within_bound;C3_regret_within_bound,True,SUCCESS,1104,
sim2,S2-104,10000,"{""K"": 24, ""sigma"": 0.03, ""rho"": 0.5, ""regime"": ""best=0.02""}",panel,regret_mean,0.016112,,7.915157671966949e-05,0.00023745473015900846,C1_honest_unbiased;C2_oracle_within_bound;C3_regret_within_bound,True,SUCCESS,1104,
sim2,S2-104,10000,"{""K"": 24, ""sigma"": 0.03, ""rho"": 0.5, ""regime"": ""best=0.02""}",panel,p_select_best,0.1944,,0.1944,0.5831999999999999,C1_honest_unbiased;C2_oracle_within_bound;C3_regret_within_bound,True,SUCCESS,1104,
sim2,S2-104,10000,"{""K"": 24, ""sigma"": 0.03, ""rho"": 0.5, ""regime"": ""best=0.02""}",panel,reporting_bias_mean,0.00042017972726281726,,0.00030098155066143417,0.0009029446519843025,C1_honest_unbiased;C2_oracle_within_bound;C3_regret_within_bound,True,SUCCESS,1104,
sim2,S2-104,10000,"{""K"": 24, ""sigma"": 0.03, ""rho"": 0.5, ""regime"": ""best=0.02""}",panel,winner_instability,0.8056,,0.8056,2.4168,C1_honest_unbiased;C2_oracle_within_bound;C3_regret_within_bound,True,SUCCESS,1104,
sim2,S2-104,10000,"{""K"": 24, ""sigma"": 0.03, ""rho"": 0.5, ""regime"": ""best=0.02""}",panel,one_se_regret_mean,0.007081999999999999,,,,C1_honest_unbiased;C2_oracle_within_bound;C3_regret_within_bound,True,SUCCESS,1104,
sim2,S2-104,10000,"{""K"": 24, ""sigma"": 0.03, ""rho"": 0.5, ""regime"": ""best=0.02""}",panel,oracle_bound_ratio,0.31006868131664334,,0.31006868131664334,0.93020604394993,C1_honest_unbiased;C2_oracle_within_bound;C3_regret_within_bound,True,SUCCESS,1104,
sim2,S2-105,10000,"{""K"": 24, ""sigma"": 0.03, ""rho"": 0.9, ""regime"": ""all_equal""}",panel,oracle_optimism_mean,0.018173190969567,0.0756339665403468,0.0002895282751284817,0.000868584825385445,C1_honest_unbiased;C2_oracle_within_bound;C3_regret_within_bound,True,SUCCESS,1105,
sim2,S2-105,10000,"{""K"": 24, ""sigma"": 0.03, ""rho"": 0.9, ""regime"": ""all_equal""}",panel,regret_mean,0.0,,0.0,0.0001,C1_honest_unbiased;C2_oracle_within_bound;C3_regret_within_bound,True,SUCCESS,1105,
sim2,S2-105,10000,"{""K"": 24, ""sigma"": 0.03, ""rho"": 0.9, ""regime"": ""all_equal""}",panel,p_select_best,1.0,,1.0,3.0,C1_honest_unbiased;C2_oracle_within_bound;C3_regret_within_bound,True,SUCCESS,1105,
sim2,S2-105,10000,"{""K"": 24, ""sigma"": 0.03, ""rho"": 0.9, ""regime"": ""all_equal""}",panel,reporting_bias_mean,-0.00023351425939218578,,0.000299246548208513,0.000897739644625539,C1_honest_unbiased;C2_oracle_within_bound;C3_regret_within_bound,True,SUCCESS,1105,
sim2,S2-105,10000,"{""K"": 24, ""sigma"": 0.03, ""rho"": 0.9, ""regime"": ""all_equal""}",panel,winner_instability,0.9539,,0.9539,2.8617,C1_honest_unbiased;C2_oracle_within_bound;C3_regret_within_bound,True,SUCCESS,1105,
sim2,S2-105,10000,"{""K"": 24, ""sigma"": 0.03, ""rho"": 0.9, ""regime"": ""all_equal""}",panel,one_se_regret_mean,0.0,,,,C1_honest_unbiased;C2_oracle_within_bound;C3_regret_within_bound,True,SUCCESS,1105,
sim2,S2-105,10000,"{""K"": 24, ""sigma"": 0.03, ""rho"": 0.9, ""regime"": ""all_equal""}",panel,oracle_bound_ratio,0.24027816867005833,,0.24027816867005833,0.720834506010175,C1_honest_unbiased;C2_oracle_within_bound;C3_regret_within_bound,True,SUCCESS,1105,
sim2,S2-106,10000,"{""K"": 24, ""sigma"": 0.03, ""rho"": 0.9, ""regime"": ""best=0.002""}",panel,oracle_optimism_mean,0.016800835041779576,0.0756339665403468,0.0002863530750937372,0.0008590592252812116,C1_honest_unbiased;C2_oracle_within_bound;C3_regret_within_bound,True,SUCCESS,1106,
sim2,S2-106,10000,"{""K"": 24, ""sigma"": 0.03, ""rho"": 0.9, ""regime"": ""best=0.002""}",panel,regret_mean,0.0018772000000000003,,4.801491584095844e-06,0.0001,C1_honest_unbiased;C2_oracle_within_bound;C3_regret_within_bound,True,SUCCESS,1106,
sim2,S2-106,10000,"{""K"": 24, ""sigma"": 0.03, ""rho"": 0.9, ""regime"": ""best=0.002""}",panel,p_select_best,0.0614,,0.0614,0.1842,C1_honest_unbiased;C2_oracle_within_bound;C3_regret_within_bound,True,SUCCESS,1106,
sim2,S2-106,10000,"{""K"": 24, ""sigma"": 0.03, ""rho"": 0.9, ""regime"": ""best=0.002""}",panel,reporting_bias_mean,0.00023793958553115497,,0.0002982560585289683,0.0008947681755869048,C1_honest_unbiased;C2_oracle_within_bound;C3_regret_within_bound,True,SUCCESS,1106,
sim2,S2-106,10000,"{""K"": 24, ""sigma"": 0.03, ""rho"": 0.9, ""regime"": ""best=0.002""}",panel,winner_instability,0.9386,,0.9386,2.8158,C1_honest_unbiased;C2_oracle_within_bound;C3_regret_within_bound,True,SUCCESS,1106,
sim2,S2-106,10000,"{""K"": 24, ""sigma"": 0.03, ""rho"": 0.9, ""regime"": ""best=0.002""}",panel,one_se_regret_mean,0.0002028,,,,C1_honest_unbiased;C2_oracle_within_bound;C3_regret_within_bound,True,SUCCESS,1106,
sim2,S2-106,10000,"{""K"": 24, ""sigma"": 0.03, ""rho"": 0.9, ""regime"": ""best=0.002""}",panel,oracle_bound_ratio,0.2221334647683353,,0.2221334647683353,0.6664003943050059,C1_honest_unbiased;C2_oracle_within_bound;C3_regret_within_bound,True,SUCCESS,1106,
sim2,S2-107,10000,"{""K"": 24, ""sigma"": 0.03, ""rho"": 0.9, ""regime"": ""best=0.005""}",panel,oracle_optimism_mean,0.013734216041434622,0.0756339665403468,0.00028474101553343384,0.0008542230466003015,C1_honest_unbiased;C2_oracle_within_bound;C3_regret_within_bound,True,SUCCESS,1107,
sim2,S2-107,10000,"{""K"": 24, ""sigma"": 0.03, ""rho"": 0.9, ""regime"": ""best=0.005""}",panel,regret_mean,0.004461,,1.550715793415155e-05,0.0001,C1_honest_unbiased;C2_oracle_within_bound;C3_regret_within_bound,True,SUCCESS,1107,
sim2,S2-107,10000,"{""K"": 24, ""sigma"": 0.03, ""rho"": 0.9, ""regime"": ""best=0.005""}",panel,p_select_best,0.1078,,0.1078,0.3234,C1_honest_unbiased;C2_oracle_within_bound;C3_regret_within_bound,True,SUCCESS,1107,
sim2,S2-107,10000,"{""K"": 24, ""sigma"": 0.03, ""rho"": 0.9, ""regime"": ""best=0.005""}",panel,reporting_bias_mean,6.517706279731523e-05,,0.0002952993857737135,0.0008858981573211405,C1_honest_unbiased;C2_oracle_within_bound;C3_regret_within_bound,True,SUCCESS,1107,
sim2,S2-107,10000,"{""K"": 24, ""sigma"": 0.03, ""rho"": 0.9, ""regime"": ""best=0.005""}",panel,winner_instability,0.8922,,0.8922,2.6766,C1_honest_unbiased;C2_oracle_within_bound;C3_regret_within_bound,True,SUCCESS,1107,
sim2,S2-107,10000,"{""K"": 24, ""sigma"": 0.03, ""rho"": 0.9, ""regime"": ""best=0.005""}",panel,one_se_regret_mean,0.000295,,,,C1_honest_unbiased;C2_oracle_within_bound;C3_regret_within_bound,True,SUCCESS,1107,
sim2,S2-107,10000,"{""K"": 24, ""sigma"": 0.03, ""rho"": 0.9, ""regime"": ""best=0.005""}",panel,oracle_bound_ratio,0.1815879381931943,,0.1815879381931943,0.5447638145795829,C1_honest_unbiased;C2_oracle_within_bound;C3_regret_within_bound,True,SUCCESS,1107,
sim2,S2-108,10000,"{""K"": 24, ""sigma"": 0.03, ""rho"": 0.9, ""regime"": ""best=0.02""}",panel,oracle_optimism_mean,0.0035273619222100762,0.0756339665403468,0.0002962813305762607,0.0008888439917287822,C1_honest_unbiased;C2_oracle_within_bound;C3_regret_within_bound,True,SUCCESS,1108,
sim2,S2-108,10000,"{""K"": 24, ""sigma"": 0.03, ""rho"": 0.9, ""regime"": ""best=0.02""}",panel,regret_mean,0.0088,,9.928235340970648e-05,0.00029784706022911944,C1_honest_unbiased;C2_oracle_within_bound;C3_regret_within_bound,True,SUCCESS,1108,
sim2,S2-108,10000,"{""K"": 24, ""sigma"": 0.03, ""rho"": 0.9, ""regime"": ""best=0.02""}",panel,p_select_best,0.56,,0.56,1.6800000000000002,C1_honest_unbiased;C2_oracle_within_bound;C3_regret_within_bound,True,SUCCESS,1108,
sim2,S2-108,10000,"{""K"": 24, ""sigma"": 0.03, ""rho"": 0.9, ""regime"": ""best=0.02""}",panel,reporting_bias_mean,6.0429449642041625e-05,,0.0003036948205002833,0.0009110844615008498,C1_honest_unbiased;C2_oracle_within_bound;C3_regret_within_bound,True,SUCCESS,1108,
sim2,S2-108,10000,"{""K"": 24, ""sigma"": 0.03, ""rho"": 0.9, ""regime"": ""best=0.02""}",panel,winner_instability,0.43999999999999995,,0.43999999999999995,1.3199999999999998,C1_honest_unbiased;C2_oracle_within_bound;C3_regret_within_bound,True,SUCCESS,1108,
sim2,S2-108,10000,"{""K"": 24, ""sigma"": 0.03, ""rho"": 0.9, ""regime"": ""best=0.02""}",panel,one_se_regret_mean,3.0000000000000004e-05,,,,C1_honest_unbiased;C2_oracle_within_bound;C3_regret_within_bound,True,SUCCESS,1108,
sim2,S2-108,10000,"{""K"": 24, ""sigma"": 0.03, ""rho"": 0.9, ""regime"": ""best=0.02""}",panel,oracle_bound_ratio,0.04663727269054984,,0.04663727269054984,0.1399118180716495,C1_honest_unbiased;C2_oracle_within_bound;C3_regret_within_bound,True,SUCCESS,1108,
sim2,S2-109,10000,"{""K"": 72, ""sigma"": 0.005, ""rho"": 0.0, ""regime"": ""all_equal""}",panel,oracle_optimism_mean,0.011944571122457724,0.014623040243082242,2.2398505152593178e-05,0.0001,C1_honest_unbiased;C2_oracle_within_bound;C3_regret_within_bound,True,SUCCESS,1109,
sim2,S2-109,10000,"{""K"": 72, ""sigma"": 0.005, ""rho"": 0.0, ""regime"": ""all_equal""}",panel,regret_mean,0.0,,0.0,0.0001,C1_honest_unbiased;C2_oracle_within_bound;C3_regret_within_bound,True,SUCCESS,1109,
sim2,S2-109,10000,"{""K"": 72, ""sigma"": 0.005, ""rho"": 0.0, ""regime"": ""all_equal""}",panel,p_select_best,1.0,,1.0,3.0,C1_honest_unbiased;C2_oracle_within_bound;C3_regret_within_bound,True,SUCCESS,1109,
sim2,S2-109,10000,"{""K"": 72, ""sigma"": 0.005, ""rho"": 0.0, ""regime"": ""all_equal""}",panel,reporting_bias_mean,2.5600966681803367e-05,,4.990134611167545e-05,0.00014970403833502636,C1_honest_unbiased;C2_oracle_within_bound;C3_regret_within_bound,True,SUCCESS,1109,
sim2,S2-109,10000,"{""K"": 72, ""sigma"": 0.005, ""rho"": 0.0, ""regime"": ""all_equal""}",panel,winner_instability,0.984,,0.984,2.952,C1_honest_unbiased;C2_oracle_within_bound;C3_regret_within_bound,True,SUCCESS,1109,
sim2,S2-109,10000,"{""K"": 72, ""sigma"": 0.005, ""rho"": 0.0, ""regime"": ""all_equal""}",panel,one_se_regret_mean,0.0,,,,C1_honest_unbiased;C2_oracle_within_bound;C3_regret_within_bound,True,SUCCESS,1109,
sim2,S2-109,10000,"{""K"": 72, ""sigma"": 0.005, ""rho"": 0.0, ""regime"": ""all_equal""}",panel,oracle_bound_ratio,0.8168322677022223,,0.8168322677022223,2.4504968031066667,C1_honest_unbiased;C2_oracle_within_bound;C3_regret_within_bound,True,SUCCESS,1109,
sim2,S2-110,10000,"{""K"": 72, ""sigma"": 0.005, ""rho"": 0.0, ""regime"": ""best=0.002""}",panel,oracle_optimism_mean,0.009972136106410352,0.014623040243082242,2.2377379792522063e-05,0.0001,C1_honest_unbiased;C2_oracle_within_bound;C3_regret_within_bound,True,SUCCESS,1110,
sim2,S2-110,10000,"{""K"": 72, ""sigma"": 0.005, ""rho"": 0.0, ""regime"": ""best=0.002""}",panel,regret_mean,0.0019298000000000002,,3.6808356191339906e-06,0.0001,C1_honest_unbiased;C2_oracle_within_bound;C3_regret_within_bound,True,SUCCESS,1110,
sim2,S2-110,10000,"{""K"": 72, ""sigma"": 0.005, ""rho"": 0.0, ""regime"": ""best=0.002""}",panel,p_select_best,0.0351,,0.0351,0.1053,C1_honest_unbiased;C2_oracle_within_bound;C3_regret_within_bound,True,SUCCESS,1110,
sim2,S2-110,10000,"{""K"": 72, ""sigma"": 0.005, ""rho"": 0.0, ""regime"": ""best=0.002""}",panel,reporting_bias_mean,6.192332312818388e-06,,4.998487152551209e-05,0.00014995461457653628,C1_honest_unbiased;C2_oracle_within_bound;C3_regret_within_bound,True,SUCCESS,1110,
sim2,S2-110,10000,"{""K"": 72, ""sigma"": 0.005, ""rho"": 0.0, ""regime"": ""best=0.002""}",panel,winner_instability,0.9649,,0.9649,2.8947,C1_honest_unbiased;C2_oracle_within_bound;C3_regret_within_bound,True,SUCCESS,1110,
sim2,S2-110,10000,"{""K"": 72, ""sigma"": 0.005, ""rho"": 0.0, ""regime"": ""best=0.002""}",panel,one_se_regret_mean,0.0016309999999999999,,,,C1_honest_unbiased;C2_oracle_within_bound;C3_regret_within_bound,True,SUCCESS,1110,
sim2,S2-110,10000,"{""K"": 72, ""sigma"": 0.005, ""rho"": 0.0, ""regime"": ""best=0.002""}",panel,oracle_bound_ratio,0.6819468414666982,,0.6819468414666982,2.0458405244000946,C1_honest_unbiased;C2_oracle_within_bound;C3_regret_within_bound,True,SUCCESS,1110,
sim2,S2-111,10000,"{""K"": 72, ""sigma"": 0.005, ""rho"": 0.0, ""regime"": ""best=0.005""}",panel,oracle_optimism_mean,0.007189876450834403,0.014623040243082242,2.316087025613211e-05,0.0001,C1_honest_unbiased;C2_oracle_within_bound;C3_regret_within_bound,True,SUCCESS,1111,
sim2,S2-111,10000,"{""K"": 72, ""sigma"": 0.005, ""rho"": 0.0, ""regime"": ""best=0.005""}",panel,regret_mean,0.004488,,1.5159438672262432e-05,0.0001,C1_honest_unbiased;C2_oracle_within_bound;C3_regret_within_bound,True,SUCCESS,1111,
sim2,S2-111,10000,"{""K"": 72, ""sigma"": 0.005, ""rho"": 0.0, ""regime"": ""best=0.005""}",panel,p_select_best,0.1024,,0.1024,0.30720000000000003,C1_honest_unbiased;C2_oracle_within_bound;C3_regret_within_bound,True,SUCCESS,1111,
sim2,S2-111,10000,"{""K"": 72, ""sigma"": 0.005, ""rho"": 0.0, ""regime"": ""best=0.005""}",panel,reporting_bias_mean,6.425865090656226e-05,,5.0075936152080976e-05,0.00015022780845624293,C1_honest_unbiased;C2_oracle_within_bound;C3_regret_within_bound,True,SUCCESS,1111,
sim2,S2-111,10000,"{""K"": 72, ""sigma"": 0.005, ""rho"": 0.0, ""regime"": ""best=0.005""}",panel,winner_instability,0.8976,,0.8976,2.6928,C1_honest_unbiased;C2_oracle_within_bound;C3_regret_within_bound,True,SUCCESS,1111,
sim2,S2-111,10000,"{""K"": 72, ""sigma"": 0.005, ""rho"": 0.0, ""regime"": ""best=0.005""}",panel,one_se_regret_mean,0.0031590000000000003,,,,C1_honest_unbiased;C2_oracle_within_bound;C3_regret_within_bound,True,SUCCESS,1111,
sim2,S2-111,10000,"{""K"": 72, ""sigma"": 0.005, ""rho"": 0.0, ""regime"": ""best=0.005""}",panel,oracle_bound_ratio,0.49168136935380014,,0.49168136935380014,1.4750441080614003,C1_honest_unbiased;C2_oracle_within_bound;C3_regret_within_bound,True,SUCCESS,1111,
sim2,S2-112,10000,"{""K"": 72, ""sigma"": 0.005, ""rho"": 0.0, ""regime"": ""best=0.02""}",panel,oracle_optimism_mean,0.00017550101586924675,0.014623040243082242,4.7161189404448225e-05,0.00014148356821334468,C1_honest_unbiased;C2_oracle_within_bound;C3_regret_within_bound,True,SUCCESS,1112,
sim2,S2-112,10000,"{""K"": 72, ""sigma"": 0.005, ""rho"": 0.0, ""regime"": ""best=0.02""}",panel,regret_mean,0.0014100000000000002,,5.120011860547318e-05,0.00015360035581641953,C1_honest_unbiased;C2_oracle_within_bound;C3_regret_within_bound,True,SUCCESS,1112,
sim2,S2-112,10000,"{""K"": 72, ""sigma"": 0.005, ""rho"": 0.0, ""regime"": ""best=0.02""}",panel,p_select_best,0.9295,,0.9295,2.7885,C1_honest_unbiased;C2_oracle_within_bound;C3_regret_within_bound,True,SUCCESS,1112,
sim2,S2-112,10000,"{""K"": 72, ""sigma"": 0.005, ""rho"": 0.0, ""regime"": ""best=0.02""}",panel,reporting_bias_mean,1.4717447490116068e-05,,4.965125682730531e-05,0.00014895377048191593,C1_honest_unbiased;C2_oracle_within_bound;C3_regret_within_bound,True,SUCCESS,1112,
sim2,S2-112,10000,"{""K"": 72, ""sigma"": 0.005, ""rho"": 0.0, ""regime"": ""best=0.02""}",panel,winner_instability,0.07050000000000001,,0.07050000000000001,0.21150000000000002,C1_honest_unbiased;C2_oracle_within_bound;C3_regret_within_bound,True,SUCCESS,1112,
sim2,S2-112,10000,"{""K"": 72, ""sigma"": 0.005, ""rho"": 0.0, ""regime"": ""best=0.02""}",panel,one_se_regret_mean,0.00018999999999999998,,,,C1_honest_unbiased;C2_oracle_within_bound;C3_regret_within_bound,True,SUCCESS,1112,
sim2,S2-112,10000,"{""K"": 72, ""sigma"": 0.005, ""rho"": 0.0, ""regime"": ""best=0.02""}",panel,oracle_bound_ratio,0.012001677691632658,,0.012001677691632658,0.036005033074897975,C1_honest_unbiased;C2_oracle_within_bound;C3_regret_within_bound,True,SUCCESS,1112,
sim2,S2-113,10000,"{""K"": 72, ""sigma"": 0.005, ""rho"": 0.5, ""regime"": ""all_equal""}",panel,oracle_optimism_mean,0.008461826308436475,0.014623040243082242,3.8705425752280595e-05,0.00011611627725684179,C1_honest_unbiased;C2_oracle_within_bound;C3_regret_within_bound,True,SUCCESS,1113,
sim2,S2-113,10000,"{""K"": 72, ""sigma"": 0.005, ""rho"": 0.5, ""regime"": ""all_equal""}",panel,regret_mean,0.0,,0.0,0.0001,C1_honest_unbiased;C2_oracle_within_bound;C3_regret_within_bound,True,SUCCESS,1113,
sim2,S2-113,10000,"{""K"": 72, ""sigma"": 0.005, ""rho"": 0.5, ""regime"": ""all_equal""}",panel,p_select_best,1.0,,1.0,3.0,C1_honest_unbiased;C2_oracle_within_bound;C3_regret_within_bound,True,SUCCESS,1113,
sim2,S2-113,10000,"{""K"": 72, ""sigma"": 0.005, ""rho"": 0.5, ""regime"": ""all_equal""}",panel,reporting_bias_mean,-7.032919527284619e-05,,5.012694409611555e-05,0.00015038083228834665,C1_honest_unbiased;C2_oracle_within_bound;C3_regret_within_bound,True,SUCCESS,1113,
sim2,S2-113,10000,"{""K"": 72, ""sigma"": 0.005, ""rho"": 0.5, ""regime"": ""all_equal""}",panel,winner_instability,0.9834,,0.9834,2.9502,C1_honest_unbiased;C2_oracle_within_bound;C3_regret_within_bound,True,SUCCESS,1113,
sim2,S2-113,10000,"{""K"": 72, ""sigma"": 0.005, ""rho"": 0.5, ""regime"": ""all_equal""}",panel,one_se_regret_mean,0.0,,,,C1_honest_unbiased;C2_oracle_within_bound;C3_regret_within_bound,True,SUCCESS,1113,
sim2,S2-113,10000,"{""K"": 72, ""sigma"": 0.005, ""rho"": 0.5, ""regime"": ""all_equal""}",panel,oracle_bound_ratio,0.5786639554958164,,0.5786639554958164,1.7359918664874492,C1_honest_unbiased;C2_oracle_within_bound;C3_regret_within_bound,True,SUCCESS,1113,
sim2,S2-114,10000,"{""K"": 72, ""sigma"": 0.005, ""rho"": 0.5, ""regime"": ""best=0.002""}",panel,oracle_optimism_mean,0.00650814227138024,0.014623040243082242,3.8787676073615555e-05,0.00011636302822084666,C1_honest_unbiased;C2_oracle_within_bound;C3_regret_within_bound,True,SUCCESS,1114,
sim2,S2-114,10000,"{""K"": 72, ""sigma"": 0.005, ""rho"": 0.5, ""regime"": ""best=0.002""}",panel,regret_mean,0.0019022000000000006,,4.313395012939781e-06,0.0001,C1_honest_unbiased;C2_oracle_within_bound;C3_regret_within_bound,True,SUCCESS,1114,
sim2,S2-114,10000,"{""K"": 72, ""sigma"": 0.005, ""rho"": 0.5, ""regime"": ""best=0.002""}",panel,p_select_best,0.0489,,0.0489,0.1467,C1_honest_unbiased;C2_oracle_within_bound;C3_regret_within_bound,True,SUCCESS,1114,
sim2,S2-114,10000,"{""K"": 72, ""sigma"": 0.005, ""rho"": 0.5, ""regime"": ""best=0.002""}",panel,reporting_bias_mean,-7.458774864074508e-05,,4.9739358739848814e-05,0.00014921807621954644,C1_honest_unbiased;C2_oracle_within_bound;C3_regret_within_bound,True,SUCCESS,1114,
sim2,S2-114,10000,"{""K"": 72, ""sigma"": 0.005, ""rho"": 0.5, ""regime"": ""best=0.002""}",panel,winner_instability,0.9511000000000001,,0.9511000000000001,2.8533,C1_honest_unbiased;C2_oracle_within_bound;C3_regret_within_bound,True,SUCCESS,1114,
sim2,S2-114,10000,"{""K"": 72, ""sigma"": 0.005, ""rho"": 0.5, ""regime"": ""best=0.002""}",panel,one_se_regret_mean,0.0012702,,,,C1_honest_unbiased;C2_oracle_within_bound;C3_regret_within_bound,True,SUCCESS,1114,
sim2,S2-114,10000,"{""K"": 72, ""sigma"": 0.005, ""rho"": 0.5, ""regime"": ""best=0.002""}",panel,oracle_bound_ratio,0.4450608193093815,,0.4450608193093815,1.3351824579281446,C1_honest_unbiased;C2_oracle_within_bound;C3_regret_within_bound,True,SUCCESS,1114,
sim2,S2-115,10000,"{""K"": 72, ""sigma"": 0.005, ""rho"": 0.5, ""regime"": ""best=0.005""}",panel,oracle_optimism_mean,0.003825974299934792,0.014623040243082242,3.888497093290824e-05,0.00011665491279872472,C1_honest_unbiased;C2_oracle_within_bound;C3_regret_within_bound,True,SUCCESS,1115,
sim2,S2-115,10000,"{""K"": 72, ""sigma"": 0.005, ""rho"": 0.5, ""regime"": ""best=0.005""}",panel,regret_mean,0.004106,,1.9160196014423527e-05,0.0001,C1_honest_unbiased;C2_oracle_within_bound;C3_regret_within_bound,True,SUCCESS,1115,
sim2,S2-115,10000,"{""K"": 72, ""sigma"": 0.005, ""rho"": 0.5, ""regime"": ""best=0.005""}",panel,p_select_best,0.1788,,0.1788,0.5364,C1_honest_unbiased;C2_oracle_within_bound;C3_regret_within_bound,True,SUCCESS,1115,
sim2,S2-115,10000,"{""K"": 72, ""sigma"": 0.005, ""rho"": 0.5, ""regime"": ""best=0.005""}",panel,reporting_bias_mean,-6.984415793354701e-05,,4.9647512622533e-05,0.00014894253786759898,C1_honest_unbiased;C2_oracle_within_bound;C3_regret_within_bound,True,SUCCESS,1115,
sim2,S2-115,10000,"{""K"": 72, ""sigma"": 0.005, ""rho"": 0.5, ""regime"": ""best=0.005""}",panel,winner_instability,0.8212,,0.8212,2.4636,C1_honest_unbiased;C2_oracle_within_bound;C3_regret_within_bound,True,SUCCESS,1115,
sim2,S2-115,10000,"{""K"": 72, ""sigma"": 0.005, ""rho"": 0.5, ""regime"": ""best=0.005""}",panel,one_se_regret_mean,0.0016595,,,,C1_honest_unbiased;C2_oracle_within_bound;C3_regret_within_bound,True,SUCCESS,1115,
sim2,S2-115,10000,"{""K"": 72, ""sigma"": 0.005, ""rho"": 0.5, ""regime"": ""best=0.005""}",panel,oracle_bound_ratio,0.261640140239972,,0.261640140239972,0.7849204207199161,C1_honest_unbiased;C2_oracle_within_bound;C3_regret_within_bound,True,SUCCESS,1115,
sim2,S2-116,10000,"{""K"": 72, ""sigma"": 0.005, ""rho"": 0.5, ""regime"": ""best=0.02""}",panel,oracle_optimism_mean,-1.6128940948256088e-05,0.014623040243082242,5.039346335044532e-05,0.00015118039005133596,C1_honest_unbiased;C2_oracle_within_bound;C3_regret_within_bound,True,SUCCESS,1116,
sim2,S2-116,10000,"{""K"": 72, ""sigma"": 0.005, ""rho"": 0.5, ""regime"": ""best=0.02""}",panel,regret_mean,2.8000000000000003e-05,,7.4784485502858105e-06,0.0001,C1_honest_unbiased;C2_oracle_within_bound;C3_regret_within_bound,True,SUCCESS,1116,
sim2,S2-116,10000,"{""K"": 72, ""sigma"": 0.005, ""rho"": 0.5, ""regime"": ""best=0.02""}",panel,p_select_best,0.9986,,0.9986,2.9958,C1_honest_unbiased;C2_oracle_within_bound;C3_regret_within_bound,True,SUCCESS,1116,
sim2,S2-116,10000,"{""K"": 72, ""sigma"": 0.005, ""rho"": 0.5, ""regime"": ""best=0.02""}",panel,reporting_bias_mean,-1.7494637747304357e-05,,5.043125612990018e-05,0.00015129376838970054,C1_honest_unbiased;C2_oracle_within_bound;C3_regret_within_bound,True,SUCCESS,1116,
sim2,S2-116,10000,"{""K"": 72, ""sigma"": 0.005, ""rho"": 0.5, ""regime"": ""best=0.02""}",panel,winner_instability,0.0013999999999999568,,0.0013999999999999568,0.0041999999999998705,C1_honest_unbiased;C2_oracle_within_bound;C3_regret_within_bound,True,SUCCESS,1116,
sim2,S2-116,10000,"{""K"": 72, ""sigma"": 0.005, ""rho"": 0.5, ""regime"": ""best=0.02""}",panel,one_se_regret_mean,0.0,,,,C1_honest_unbiased;C2_oracle_within_bound;C3_regret_within_bound,True,SUCCESS,1116,
sim2,S2-116,10000,"{""K"": 72, ""sigma"": 0.005, ""rho"": 0.5, ""regime"": ""best=0.02""}",panel,oracle_bound_ratio,-0.001102981369136712,,-0.001102981369136712,0.0001,C1_honest_unbiased;C2_oracle_within_bound;C3_regret_within_bound,True,SUCCESS,1116,
sim2,S2-117,10000,"{""K"": 72, ""sigma"": 0.005, ""rho"": 0.9, ""regime"": ""all_equal""}",panel,oracle_optimism_mean,0.0038650989712218477,0.014623040243082242,4.8315417685665556e-05,0.00014494625305699665,C1_honest_unbiased;C2_oracle_within_bound;C3_regret_within_bound,True,SUCCESS,1117,
sim2,S2-117,10000,"{""K"": 72, ""sigma"": 0.005, ""rho"": 0.9, ""regime"": ""all_equal""}",panel,regret_mean,0.0,,0.0,0.0001,C1_honest_unbiased;C2_oracle_within_bound;C3_regret_within_bound,True,SUCCESS,1117,
sim2,S2-117,10000,"{""K"": 72, ""sigma"": 0.005, ""rho"": 0.9, ""regime"": ""all_equal""}",panel,p_select_best,1.0,,1.0,3.0,C1_honest_unbiased;C2_oracle_within_bound;C3_regret_within_bound,True,SUCCESS,1117,
sim2,S2-117,10000,"{""K"": 72, ""sigma"": 0.005, ""rho"": 0.9, ""regime"": ""all_equal""}",panel,reporting_bias_mean,3.232974120404235e-05,,5.058896583526656e-05,0.00015176689750579967,C1_honest_unbiased;C2_oracle_within_bound;C3_regret_within_bound,True,SUCCESS,1117,
sim2,S2-117,10000,"{""K"": 72, ""sigma"": 0.005, ""rho"": 0.9, ""regime"": ""all_equal""}",panel,winner_instability,0.9835,,0.9835,2.9505,C1_honest_unbiased;C2_oracle_within_bound;C3_regret_within_bound,True,SUCCESS,1117,
sim2,S2-117,10000,"{""K"": 72, ""sigma"": 0.005, ""rho"": 0.9, ""regime"": ""all_equal""}",panel,one_se_regret_mean,0.0,,,,C1_honest_unbiased;C2_oracle_within_bound;C3_regret_within_bound,True,SUCCESS,1117,
sim2,S2-117,10000,"{""K"": 72, ""sigma"": 0.005, ""rho"": 0.9, ""regime"": ""all_equal""}",panel,oracle_bound_ratio,0.2643156899640155,,0.2643156899640155,0.7929470698920464,C1_honest_unbiased;C2_oracle_within_bound;C3_regret_within_bound,True,SUCCESS,1117,
sim2,S2-118,10000,"{""K"": 72, ""sigma"": 0.005, ""rho"": 0.9, ""regime"": ""best=0.002""}",panel,oracle_optimism_mean,0.0018902805657459994,0.014623040243082242,4.820743070074567e-05,0.00014462229210223702,C1_honest_unbiased;C2_oracle_within_bound;C3_regret_within_bound,True,SUCCESS,1118,
sim2,S2-118,10000,"{""K"": 72, ""sigma"": 0.005, ""rho"": 0.9, ""regime"": ""best=0.002""}",panel,regret_mean,0.0017050000000000001,,7.092427669918482e-06,0.0001,C1_honest_unbiased;C2_oracle_within_bound;C3_regret_within_bound,True,SUCCESS,1118,
sim2,S2-118,10000,"{""K"": 72, ""sigma"": 0.005, ""rho"": 0.9, ""regime"": ""best=0.002""}",panel,p_select_best,0.1475,,0.1475,0.4425,C1_honest_unbiased;C2_oracle_within_bound;C3_regret_within_bound,True,SUCCESS,1118,
sim2,S2-118,10000,"{""K"": 72, ""sigma"": 0.005, ""rho"": 0.9, ""regime"": ""best=0.002""}",panel,reporting_bias_mean,-1.0546461266001605e-05,,5.0371995030015816e-05,0.00015111598509004746,C1_honest_unbiased;C2_oracle_within_bound;C3_regret_within_bound,True,SUCCESS,1118,
sim2,S2-118,10000,"{""K"": 72, ""sigma"": 0.005, ""rho"": 0.9, ""regime"": ""best=0.002""}",panel,winner_instability,0.8525,,0.8525,2.5575,C1_honest_unbiased;C2_oracle_within_bound;C3_regret_within_bound,True,SUCCESS,1118,
sim2,S2-118,10000,"{""K"": 72, ""sigma"": 0.005, ""rho"": 0.9, ""regime"": ""best=0.002""}",panel,one_se_regret_mean,6.82e-05,,,,C1_honest_unbiased;C2_oracle_within_bound;C3_regret_within_bound,True,SUCCESS,1118,
sim2,S2-118,10000,"{""K"": 72, ""sigma"": 0.005, ""rho"": 0.9, ""regime"": ""best=0.002""}",panel,oracle_bound_ratio,0.12926727508940825,,0.12926727508940825,0.3878018252682247,C1_honest_unbiased;C2_oracle_within_bound;C3_regret_within_bound,True,SUCCESS,1118,
sim2,S2-119,10000,"{""K"": 72, ""sigma"": 0.005, ""rho"": 0.9, ""regime"": ""best=0.005""}",panel,oracle_optimism_mean,0.00023552545602912502,0.014623040243082242,4.9091156270269946e-05,0.00014727346881080985,C1_honest_unbiased;C2_oracle_within_bound;C3_regret_within_bound,True,SUCCESS,1119,
sim2,S2-119,10000,"{""K"": 72, ""sigma"": 0.005, ""rho"": 0.9, ""regime"": ""best=0.005""}",panel,regret_mean,0.001201,,2.136130919567093e-05,0.0001,C1_honest_unbiased;C2_oracle_within_bound;C3_regret_within_bound,True,SUCCESS,1119,
sim2,S2-119,10000,"{""K"": 72, ""sigma"": 0.005, ""rho"": 0.9, ""regime"": ""best=0.005""}",panel,p_select_best,0.7598,,0.7598,2.2794,C1_honest_unbiased;C2_oracle_within_bound;C3_regret_within_bound,True,SUCCESS,1119,
sim2,S2-119,10000,"{""K"": 72, ""sigma"": 0.005, ""rho"": 0.9, ""regime"": ""best=0.005""}",panel,reporting_bias_mean,-1.3613854578637886e-05,,4.9833874112013724e-05,0.00014950162233604117,C1_honest_unbiased;C2_oracle_within_bound;C3_regret_within_bound,True,SUCCESS,1119,
sim2,S2-119,10000,"{""K"": 72, ""sigma"": 0.005, ""rho"": 0.9, ""regime"": ""best=0.005""}",panel,winner_instability,0.24019999999999997,,0.24019999999999997,0.7205999999999999,C1_honest_unbiased;C2_oracle_within_bound;C3_regret_within_bound,True,SUCCESS,1119,
sim2,S2-119,10000,"{""K"": 72, ""sigma"": 0.005, ""rho"": 0.9, ""regime"": ""best=0.005""}",panel,one_se_regret_mean,2e-06,,,,C1_honest_unbiased;C2_oracle_within_bound;C3_regret_within_bound,True,SUCCESS,1119,
sim2,S2-119,10000,"{""K"": 72, ""sigma"": 0.005, ""rho"": 0.9, ""regime"": ""best=0.005""}",panel,oracle_bound_ratio,0.0161064629594072,,0.0161064629594072,0.048319388878221604,C1_honest_unbiased;C2_oracle_within_bound;C3_regret_within_bound,True,SUCCESS,1119,
sim2,S2-120,10000,"{""K"": 72, ""sigma"": 0.005, ""rho"": 0.9, ""regime"": ""best=0.02""}",panel,oracle_optimism_mean,2.2703784314798776e-05,0.014623040243082242,4.9559875080690125e-05,0.0001486796252420704,C1_honest_unbiased;C2_oracle_within_bound;C3_regret_within_bound,True,SUCCESS,1120,
sim2,S2-120,10000,"{""K"": 72, ""sigma"": 0.005, ""rho"": 0.9, ""regime"": ""best=0.02""}",panel,regret_mean,0.0,,0.0,0.0001,C1_honest_unbiased;C2_oracle_within_bound;C3_regret_within_bound,True,SUCCESS,1120,
sim2,S2-120,10000,"{""K"": 72, ""sigma"": 0.005, ""rho"": 0.9, ""regime"": ""best=0.02""}",panel,p_select_best,1.0,,1.0,3.0,C1_honest_unbiased;C2_oracle_within_bound;C3_regret_within_bound,True,SUCCESS,1120,
sim2,S2-120,10000,"{""K"": 72, ""sigma"": 0.005, ""rho"": 0.9, ""regime"": ""best=0.02""}",panel,reporting_bias_mean,2.2703784314798776e-05,,4.9559875080690125e-05,0.0001486796252420704,C1_honest_unbiased;C2_oracle_within_bound;C3_regret_within_bound,True,SUCCESS,1120,
sim2,S2-120,10000,"{""K"": 72, ""sigma"": 0.005, ""rho"": 0.9, ""regime"": ""best=0.02""}",panel,winner_instability,0.0,,0.0,0.0001,C1_honest_unbiased;C2_oracle_within_bound;C3_regret_within_bound,True,SUCCESS,1120,
sim2,S2-120,10000,"{""K"": 72, ""sigma"": 0.005, ""rho"": 0.9, ""regime"": ""best=0.02""}",panel,one_se_regret_mean,0.0,,,,C1_honest_unbiased;C2_oracle_within_bound;C3_regret_within_bound,True,SUCCESS,1120,
sim2,S2-120,10000,"{""K"": 72, ""sigma"": 0.005, ""rho"": 0.9, ""regime"": ""best=0.02""}",panel,oracle_bound_ratio,0.0015526035583153996,,0.0015526035583153996,0.004657810674946199,C1_honest_unbiased;C2_oracle_within_bound;C3_regret_within_bound,True,SUCCESS,1120,
sim2,S2-121,10000,"{""K"": 72, ""sigma"": 0.01, ""rho"": 0.0, ""regime"": ""all_equal""}",panel,oracle_optimism_mean,0.023895227427874914,0.029246080486164484,4.458615152481882e-05,0.00013375845457445646,C1_honest_unbiased;C2_oracle_within_bound;C3_regret_within_bound,True,SUCCESS,1121,
sim2,S2-121,10000,"{""K"": 72, ""sigma"": 0.01, ""rho"": 0.0, ""regime"": ""all_equal""}",panel,regret_mean,0.0,,0.0,0.0001,C1_honest_unbiased;C2_oracle_within_bound;C3_regret_within_bound,True,SUCCESS,1121,
sim2,S2-121,10000,"{""K"": 72, ""sigma"": 0.01, ""rho"": 0.0, ""regime"": ""all_equal""}",panel,p_select_best,1.0,,1.0,3.0,C1_honest_unbiased;C2_oracle_within_bound;C3_regret_within_bound,True,SUCCESS,1121,
sim2,S2-121,10000,"{""K"": 72, ""sigma"": 0.01, ""rho"": 0.0, ""regime"": ""all_equal""}",panel,reporting_bias_mean,-7.039269126030732e-05,,0.00010018287228688989,0.0003005486168606697,C1_honest_unbiased;C2_oracle_within_bound;C3_regret_within_bound,True,SUCCESS,1121,
sim2,S2-121,10000,"{""K"": 72, ""sigma"": 0.01, ""rho"": 0.0, ""regime"": ""all_equal""}",panel,winner_instability,0.9835,,0.9835,2.9505,C1_honest_unbiased;C2_oracle_within_bound;C3_regret_within_bound,True,SUCCESS,1121,
sim2,S2-121,10000,"{""K"": 72, ""sigma"": 0.01, ""rho"": 0.0, ""regime"": ""all_equal""}",panel,one_se_regret_mean,0.0,,,,C1_honest_unbiased;C2_oracle_within_bound;C3_regret_within_bound,True,SUCCESS,1121,
sim2,S2-121,10000,"{""K"": 72, ""sigma"": 0.01, ""rho"": 0.0, ""regime"": ""all_equal""}",panel,oracle_bound_ratio,0.8170403360265348,,0.8170403360265348,2.451121008079604,C1_honest_unbiased;C2_oracle_within_bound;C3_regret_within_bound,True,SUCCESS,1121,
sim2,S2-122,10000,"{""K"": 72, ""sigma"": 0.01, ""rho"": 0.0, ""regime"": ""best=0.002""}",panel,oracle_optimism_mean,0.02194293911141834,0.029246080486164484,4.4363504998336546e-05,0.00013309051499500962,C1_honest_unbiased;C2_oracle_within_bound;C3_regret_within_bound,True,SUCCESS,1122,
sim2,S2-122,10000,"{""K"": 72, ""sigma"": 0.01, ""rho"": 0.0, ""regime"": ""best=0.002""}",panel,regret_mean,0.0019562000000000004,,2.927287635557895e-06,0.0001,C1_honest_unbiased;C2_oracle_within_bound;C3_regret_within_bound,True,SUCCESS,1122,
sim2,S2-122,10000,"{""K"": 72, ""sigma"": 0.01, ""rho"": 0.0, ""regime"": ""best=0.002""}",panel,p_select_best,0.0219,,0.0219,0.0657,C1_honest_unbiased;C2_oracle_within_bound;C3_regret_within_bound,True,SUCCESS,1122,
sim2,S2-122,10000,"{""K"": 72, ""sigma"": 0.01, ""rho"": 0.0, ""regime"": ""best=0.002""}",panel,reporting_bias_mean,-2.2302460283004105e-05,,9.93854730971472e-05,0.0002981564192914416,C1_honest_unbiased;C2_oracle_within_bound;C3_regret_within_bound,True,SUCCESS,1122,
sim2,S2-122,10000,"{""K"": 72, ""sigma"": 0.01, ""rho"": 0.0, ""regime"": ""best=0.002""}",panel,winner_instability,0.9781,,0.9781,2.9343,C1_honest_unbiased;C2_oracle_within_bound;C3_regret_within_bound,True,SUCCESS,1122,
sim2,S2-122,10000,"{""K"": 72, ""sigma"": 0.01, ""rho"": 0.0, ""regime"": ""best=0.002""}",panel,one_se_regret_mean,0.0017170000000000002,,,,C1_honest_unbiased;C2_oracle_within_bound;C3_regret_within_bound,True,SUCCESS,1122,
sim2,S2-122,10000,"{""K"": 72, ""sigma"": 0.01, ""rho"": 0.0, ""regime"": ""best=0.002""}",panel,oracle_bound_ratio,0.7502864912718455,,0.7502864912718455,2.2508594738155367,C1_honest_unbiased;C2_oracle_within_bound;C3_regret_within_bound,True,SUCCESS,1122,
sim2,S2-123,10000,"{""K"": 72, ""sigma"": 0.01, ""rho"": 0.0, ""regime"": ""best=0.005""}",panel,oracle_optimism_mean,0.01902577269180398,0.029246080486164484,4.47039829688327e-05,0.0001341119489064981,C1_honest_unbiased;C2_oracle_within_bound;C3_regret_within_bound,True,SUCCESS,1123,
sim2,S2-123,10000,"{""K"": 72, ""sigma"": 0.01, ""rho"": 0.0, ""regime"": ""best=0.005""}",panel,regret_mean,0.0047975000000000005,,9.856931110091564e-06,0.0001,C1_honest_unbiased;C2_oracle_within_bound;C3_regret_within_bound,True,SUCCESS,1123,
sim2,S2-123,10000,"{""K"": 72, ""sigma"": 0.01, ""rho"": 0.0, ""regime"": ""best=0.005""}",panel,p_select_best,0.0405,,0.0405,0.1215,C1_honest_unbiased;C2_oracle_within_bound;C3_regret_within_bound,True,SUCCESS,1123,
sim2,S2-123,10000,"{""K"": 72, ""sigma"": 0.01, ""rho"": 0.0, ""regime"": ""best=0.005""}",panel,reporting_bias_mean,-2.2306223582361836e-05,,9.907413368416094e-05,0.0002972224010524828,C1_honest_unbiased;C2_oracle_within_bound;C3_regret_within_bound,True,SUCCESS,1123,
sim2,S2-123,10000,"{""K"": 72, ""sigma"": 0.01, ""rho"": 0.0, ""regime"": ""best=0.005""}",panel,winner_instability,0.9595,,0.9595,2.8785,C1_honest_unbiased;C2_oracle_within_bound;C3_regret_within_bound,True,SUCCESS,1123,
sim2,S2-123,10000,"{""K"": 72, ""sigma"": 0.01, ""rho"": 0.0, ""regime"": ""best=0.005""}",panel,one_se_regret_mean,0.003949500000000001,,,,C1_honest_unbiased;C2_oracle_within_bound;C3_regret_within_bound,True,SUCCESS,1123,
sim2,S2-123,10000,"{""K"": 72, ""sigma"": 0.01, ""rho"": 0.0, ""regime"": ""best=0.005""}",panel,oracle_bound_ratio,0.6505409400348381,,0.6505409400348381,1.9516228201045143,C1_honest_unbiased;C2_oracle_within_bound;C3_regret_within_bound,True,SUCCESS,1123,
sim2,S2-124,10000,"{""K"": 72, ""sigma"": 0.01, ""rho"": 0.0, ""regime"": ""best=0.02""}",panel,oracle_optimism_mean,0.006563089446893713,0.029246080486164484,5.71753261377397e-05,0.0001715259784132191,C1_honest_unbiased;C2_oracle_within_bound;C3_regret_within_bound,True,SUCCESS,1124,
sim2,S2-124,10000,"{""K"": 72, ""sigma"": 0.01, ""rho"": 0.0, ""regime"": ""best=0.02""}",panel,regret_mean,0.012642000000000002,,9.645161424978401e-05,0.00028935484274935204,C1_honest_unbiased;C2_oracle_within_bound;C3_regret_within_bound,True,SUCCESS,1124,
sim2,S2-124,10000,"{""K"": 72, ""sigma"": 0.01, ""rho"": 0.0, ""regime"": ""best=0.02""}",panel,p_select_best,0.3679,,0.3679,1.1037,C1_honest_unbiased;C2_oracle_within_bound;C3_regret_within_bound,True,SUCCESS,1124,
sim2,S2-124,10000,"{""K"": 72, ""sigma"": 0.01, ""rho"": 0.0, ""regime"": ""best=0.02""}",panel,reporting_bias_mean,0.0001361704224756209,,0.00010031312342926334,0.00030093937028779,C1_honest_unbiased;C2_oracle_within_bound;C3_regret_within_bound,True,SUCCESS,1124,
sim2,S2-124,10000,"{""K"": 72, ""sigma"": 0.01, ""rho"": 0.0, ""regime"": ""best=0.02""}",panel,winner_instability,0.6321,,0.6321,1.8963,C1_honest_unbiased;C2_oracle_within_bound;C3_regret_within_bound,True,SUCCESS,1124,
sim2,S2-124,10000,"{""K"": 72, ""sigma"": 0.01, ""rho"": 0.0, ""regime"": ""best=0.02""}",panel,one_se_regret_mean,0.005582000000000001,,,,C1_honest_unbiased;C2_oracle_within_bound;C3_regret_within_bound,True,SUCCESS,1124,
sim2,S2-124,10000,"{""K"": 72, ""sigma"": 0.01, ""rho"": 0.0, ""regime"": ""best=0.02""}",panel,oracle_bound_ratio,0.2244091973281182,,0.2244091973281182,0.6732275919843547,C1_honest_unbiased;C2_oracle_within_bound;C3_regret_within_bound,True,SUCCESS,1124,
sim2,S2-125,10000,"{""K"": 72, ""sigma"": 0.01, ""rho"": 0.5, ""regime"": ""all_equal""}",panel,oracle_optimism_mean,0.016750127942039204,0.029246080486164484,7.76491833969594e-05,0.0002329475501908782,C1_honest_unbiased;C2_oracle_within_bound;C3_regret_within_bound,True,SUCCESS,1125,
sim2,S2-125,10000,"{""K"": 72, ""sigma"": 0.01, ""rho"": 0.5, ""regime"": ""all_equal""}",panel,regret_mean,0.0,,0.0,0.0001,C1_honest_unbiased;C2_oracle_within_bound;C3_regret_within_bound,True,SUCCESS,1125,
sim2,S2-125,10000,"{""K"": 72, ""sigma"": 0.01, ""rho"": 0.5, ""regime"": ""all_equal""}",panel,p_select_best,1.0,,1.0,3.0,C1_honest_unbiased;C2_oracle_within_bound;C3_regret_within_bound,True,SUCCESS,1125,
sim2,S2-125,10000,"{""K"": 72, ""sigma"": 0.01, ""rho"": 0.5, ""regime"": ""all_equal""}",panel,reporting_bias_mean,-0.000221572226095964,,0.00010019112064703784,0.0003005733619411135,C1_honest_unbiased;C2_oracle_within_bound;C3_regret_within_bound,True,SUCCESS,1125,
sim2,S2-125,10000,"{""K"": 72, ""sigma"": 0.01, ""rho"": 0.5, ""regime"": ""all_equal""}",panel,winner_instability,0.9838,,0.9838,2.9514,C1_honest_unbiased;C2_oracle_within_bound;C3_regret_within_bound,True,SUCCESS,1125,
sim2,S2-125,10000,"{""K"": 72, ""sigma"": 0.01, ""rho"": 0.5, ""regime"": ""all_equal""}",panel,one_se_regret_mean,0.0,,,,C1_honest_unbiased;C2_oracle_within_bound;C3_regret_within_bound,True,SUCCESS,1125,
sim2,S2-125,10000,"{""K"": 72, ""sigma"": 0.01, ""rho"": 0.5, ""regime"": ""all_equal""}",panel,oracle_bound_ratio,0.5727306929201411,,0.5727306929201411,1.7181920787604232,C1_honest_unbiased;C2_oracle_within_bound;C3_regret_within_bound,True,SUCCESS,1125,
sim2,S2-126,10000,"{""K"": 72, ""sigma"": 0.01, ""rho"": 0.5, ""regime"": ""best=0.002""}",panel,oracle_optimism_mean,0.015002316350914936,0.029246080486164484,7.708785041570533e-05,0.00023126355124711599,C1_honest_unbiased;C2_oracle_within_bound;C3_regret_within_bound,True,SUCCESS,1126,
sim2,S2-126,10000,"{""K"": 72, ""sigma"": 0.01, ""rho"": 0.5, ""regime"": ""best=0.002""}",panel,regret_mean,0.0019444000000000002,,3.288152246250081e-06,0.0001,C1_honest_unbiased;C2_oracle_within_bound;C3_regret_within_bound,True,SUCCESS,1126,
sim2,S2-126,10000,"{""K"": 72, ""sigma"": 0.01, ""rho"": 0.5, ""regime"": ""best=0.002""}",panel,p_select_best,0.0278,,0.0278,0.0834,C1_honest_unbiased;C2_oracle_within_bound;C3_regret_within_bound,True,SUCCESS,1126,
sim2,S2-126,10000,"{""K"": 72, ""sigma"": 0.01, ""rho"": 0.5, ""regime"": ""best=0.002""}",panel,reporting_bias_mean,0.00023640731254977515,,9.928283233819509e-05,0.0002978484970145853,C1_honest_unbiased;C2_oracle_within_bound;C3_regret_within_bound,True,SUCCESS,1126,
sim2,S2-126,10000,"{""K"": 72, ""sigma"": 0.01, ""rho"": 0.5, ""regime"": ""best=0.002""}",panel,winner_instability,0.9722,,0.9722,2.9166,C1_honest_unbiased;C2_oracle_within_bound;C3_regret_within_bound,True,SUCCESS,1126,
sim2,S2-126,10000,"{""K"": 72, ""sigma"": 0.01, ""rho"": 0.5, ""regime"": ""best=0.002""}",panel,one_se_regret_mean,0.0014644,,,,C1_honest_unbiased;C2_oracle_within_bound;C3_regret_within_bound,True,SUCCESS,1126,
sim2,S2-126,10000,"{""K"": 72, ""sigma"": 0.01, ""rho"": 0.5, ""regime"": ""best=0.002""}",panel,oracle_bound_ratio,0.5129684423186935,,0.5129684423186935,1.5389053269560806,C1_honest_unbiased;C2_oracle_within_bound;C3_regret_within_bound,True,SUCCESS,1126,
sim2,S2-127,10000,"{""K"": 72, ""sigma"": 0.01, ""rho"": 0.5, ""regime"": ""best=0.005""}",panel,oracle_optimism_mean,0.01203120795305154,0.029246080486164484,7.805914671786285e-05,0.00023417744015358856,C1_honest_unbiased;C2_oracle_within_bound;C3_regret_within_bound,True,SUCCESS,1127,
sim2,S2-127,10000,"{""K"": 72, ""sigma"": 0.01, ""rho"": 0.5, ""regime"": ""best=0.005""}",panel,regret_mean,0.004697,,1.1930353445448854e-05,0.0001,C1_honest_unbiased;C2_oracle_within_bound;C3_regret_within_bound,True,SUCCESS,1127,
sim2,S2-127,10000,"{""K"": 72, ""sigma"": 0.01, ""rho"": 0.5, ""regime"": ""best=0.005""}",panel,p_select_best,0.0606,,0.0606,0.18180000000000002,C1_honest_unbiased;C2_oracle_within_bound;C3_regret_within_bound,True,SUCCESS,1127,
sim2,S2-127,10000,"{""K"": 72, ""sigma"": 0.01, ""rho"": 0.5, ""regime"": ""best=0.005""}",panel,reporting_bias_mean,-3.6974738259937716e-05,,0.00010059243224135775,0.00030177729672407324,C1_honest_unbiased;C2_oracle_within_bound;C3_regret_within_bound,True,SUCCESS,1127,
sim2,S2-127,10000,"{""K"": 72, ""sigma"": 0.01, ""rho"": 0.5, ""regime"": ""best=0.005""}",panel,winner_instability,0.9394,,0.9394,2.8182,C1_honest_unbiased;C2_oracle_within_bound;C3_regret_within_bound,True,SUCCESS,1127,
sim2,S2-127,10000,"{""K"": 72, ""sigma"": 0.01, ""rho"": 0.5, ""regime"": ""best=0.005""}",panel,one_se_regret_mean,0.0029015,,,,C1_honest_unbiased;C2_oracle_within_bound;C3_regret_within_bound,True,SUCCESS,1127,
sim2,S2-127,10000,"{""K"": 72, ""sigma"": 0.01, ""rho"": 0.5, ""regime"": ""best=0.005""}",panel,oracle_bound_ratio,0.41137847373234077,,0.41137847373234077,1.2341354211970224,C1_honest_unbiased;C2_oracle_within_bound;C3_regret_within_bound,True,SUCCESS,1127,
sim2,S2-128,10000,"{""K"": 72, ""sigma"": 0.01, ""rho"": 0.5, ""regime"": ""best=0.02""}",panel,oracle_optimism_mean,0.0018513792811276325,0.029246080486164484,8.899700789973387e-05,0.0002669910236992016,C1_honest_unbiased;C2_oracle_within_bound;C3_regret_within_bound,True,SUCCESS,1128,
sim2,S2-128,10000,"{""K"": 72, ""sigma"": 0.01, ""rho"": 0.5, ""regime"": ""best=0.02""}",panel,regret_mean,0.0068860000000000015,,9.50326444983619e-05,0.0002850979334950857,C1_honest_unbiased;C2_oracle_within_bound;C3_regret_within_bound,True,SUCCESS,1128,
sim2,S2-128,10000,"{""K"": 72, ""sigma"": 0.01, ""rho"": 0.5, ""regime"": ""best=0.02""}",panel,p_select_best,0.6557,,0.6557,1.9670999999999998,C1_honest_unbiased;C2_oracle_within_bound;C3_regret_within_bound,True,SUCCESS,1128,
sim2,S2-128,10000,"{""K"": 72, ""sigma"": 0.01, ""rho"": 0.5, ""regime"": ""best=0.02""}",panel,reporting_bias_mean,1.668576707603495e-05,,0.00010161776816152901,0.00030485330448458707,C1_honest_unbiased;C2_oracle_within_bound;C3_regret_within_bound,True,SUCCESS,1128,
sim2,S2-128,10000,"{""K"": 72, ""sigma"": 0.01, ""rho"": 0.5, ""regime"": ""best=0.02""}",panel,winner_instability,0.34430000000000005,,0.34430000000000005,1.0329000000000002,C1_honest_unbiased;C2_oracle_within_bound;C3_regret_within_bound,True,SUCCESS,1128,
sim2,S2-128,10000,"{""K"": 72, ""sigma"": 0.01, ""rho"": 0.5, ""regime"": ""best=0.02""}",panel,one_se_regret_mean,0.0009660000000000001,,,,C1_honest_unbiased;C2_oracle_within_bound;C3_regret_within_bound,True,SUCCESS,1128,
sim2,S2-128,10000,"{""K"": 72, ""sigma"": 0.01, ""rho"": 0.5, ""regime"": ""best=0.02""}",panel,oracle_bound_ratio,0.06330350085726766,,0.06330350085726766,0.18991050257180297,C1_honest_unbiased;C2_oracle_within_bound;C3_regret_within_bound,True,SUCCESS,1128,
sim2,S2-129,10000,"{""K"": 72, ""sigma"": 0.01, ""rho"": 0.9, ""regime"": ""all_equal""}",panel,oracle_optimism_mean,0.0076535671965799355,0.029246080486164484,9.603905750380386e-05,0.0002881171725114116,C1_honest_unbiased;C2_oracle_within_bound;C3_regret_within_bound,True,SUCCESS,1129,
sim2,S2-129,10000,"{""K"": 72, ""sigma"": 0.01, ""rho"": 0.9, ""regime"": ""all_equal""}",panel,regret_mean,0.0,,0.0,0.0001,C1_honest_unbiased;C2_oracle_within_bound;C3_regret_within_bound,True,SUCCESS,1129,
sim2,S2-129,10000,"{""K"": 72, ""sigma"": 0.01, ""rho"": 0.9, ""regime"": ""all_equal""}",panel,p_select_best,1.0,,1.0,3.0,C1_honest_unbiased;C2_oracle_within_bound;C3_regret_within_bound,True,SUCCESS,1129,
sim2,S2-129,10000,"{""K"": 72, ""sigma"": 0.01, ""rho"": 0.9, ""regime"": ""all_equal""}",panel,reporting_bias_mean,6.899033300691889e-05,,9.999712089173973e-05,0.00029999136267521917,C1_honest_unbiased;C2_oracle_within_bound;C3_regret_within_bound,True,SUCCESS,1129,
sim2,S2-129,10000,"{""K"": 72, ""sigma"": 0.01, ""rho"": 0.9, ""regime"": ""all_equal""}",panel,winner_instability,0.9828,,0.9828,2.9484,C1_honest_unbiased;C2_oracle_within_bound;C3_regret_within_bound,True,SUCCESS,1129,
sim2,S2-129,10000,"{""K"": 72, ""sigma"": 0.01, ""rho"": 0.9, ""regime"": ""all_equal""}",panel,one_se_regret_mean,0.0,,,,C1_honest_unbiased;C2_oracle_within_bound;C3_regret_within_bound,True,SUCCESS,1129,
sim2,S2-129,10000,"{""K"": 72, ""sigma"": 0.01, ""rho"": 0.9, ""regime"": ""all_equal""}",panel,oracle_bound_ratio,0.2616954842957718,,0.2616954842957718,0.7850864528873154,C1_honest_unbiased;C2_oracle_within_bound;C3_regret_within_bound,True,SUCCESS,1129,
sim2,S2-130,10000,"{""K"": 72, ""sigma"": 0.01, ""rho"": 0.9, ""regime"": ""best=0.002""}",panel,oracle_optimism_mean,0.005484384283000479,0.029246080486164484,9.637130108427852e-05,0.00028911390325283556,C1_honest_unbiased;C2_oracle_within_bound;C3_regret_within_bound,True,SUCCESS,1130,
sim2,S2-130,10000,"{""K"": 72, ""sigma"": 0.01, ""rho"": 0.9, ""regime"": ""best=0.002""}",panel,regret_mean,0.0018952000000000005,,4.4568691217307274e-06,0.0001,C1_honest_unbiased;C2_oracle_within_bound;C3_regret_within_bound,True,SUCCESS,1130,
sim2,S2-130,10000,"{""K"": 72, ""sigma"": 0.01, ""rho"": 0.9, ""regime"": ""best=0.002""}",panel,p_select_best,0.0524,,0.0524,0.1572,C1_honest_unbiased;C2_oracle_within_bound;C3_regret_within_bound,True,SUCCESS,1130,
sim2,S2-130,10000,"{""K"": 72, ""sigma"": 0.01, ""rho"": 0.9, ""regime"": ""best=0.002""}",panel,reporting_bias_mean,-5.2041088329060244e-05,,0.00010036842796886205,0.00030110528390658615,C1_honest_unbiased;C2_oracle_within_bound;C3_regret_within_bound,True,SUCCESS,1130,
sim2,S2-130,10000,"{""K"": 72, ""sigma"": 0.01, ""rho"": 0.9, ""regime"": ""best=0.002""}",panel,winner_instability,0.9476,,0.9476,2.8428,C1_honest_unbiased;C2_oracle_within_bound;C3_regret_within_bound,True,SUCCESS,1130,
sim2,S2-130,10000,"{""K"": 72, ""sigma"": 0.01, ""rho"": 0.9, ""regime"": ""best=0.002""}",panel,one_se_regret_mean,0.000213,,,,C1_honest_unbiased;C2_oracle_within_bound;C3_regret_within_bound,True,SUCCESS,1130,
sim2,S2-130,10000,"{""K"": 72, ""sigma"": 0.01, ""rho"": 0.9, ""regime"": ""best=0.002""}",panel,oracle_bound_ratio,0.18752544586598502,,0.18752544586598502,0.5625763375979551,C1_honest_unbiased;C2_oracle_within_bound;C3_regret_within_bound,True,SUCCESS,1130,
sim2,S2-131,10000,"{""K"": 72, ""sigma"": 0.01, ""rho"": 0.9, ""regime"": ""best=0.005""}",panel,oracle_optimism_mean,0.0031050964323764488,0.029246080486164484,9.478078132626474e-05,0.0002843423439787942,C1_honest_unbiased;C2_oracle_within_bound;C3_regret_within_bound,True,SUCCESS,1131,
sim2,S2-131,10000,"{""K"": 72, ""sigma"": 0.01, ""rho"": 0.9, ""regime"": ""best=0.005""}",panel,regret_mean,0.0038245000000000006,,2.1204125459297996e-05,0.0001,C1_honest_unbiased;C2_oracle_within_bound;C3_regret_within_bound,True,SUCCESS,1131,
sim2,S2-131,10000,"{""K"": 72, ""sigma"": 0.01, ""rho"": 0.9, ""regime"": ""best=0.005""}",panel,p_select_best,0.2351,,0.2351,0.7053,C1_honest_unbiased;C2_oracle_within_bound;C3_regret_within_bound,True,SUCCESS,1131,
sim2,S2-131,10000,"{""K"": 72, ""sigma"": 0.01, ""rho"": 0.9, ""regime"": ""best=0.005""}",panel,reporting_bias_mean,0.00015037255932426655,,9.874242950339734e-05,0.000296227288510192,C1_honest_unbiased;C2_oracle_within_bound;C3_regret_within_bound,True,SUCCESS,1131,
sim2,S2-131,10000,"{""K"": 72, ""sigma"": 0.01, ""rho"": 0.9, ""regime"": ""best=0.005""}",panel,winner_instability,0.7649,,0.7649,2.2947,C1_honest_unbiased;C2_oracle_within_bound;C3_regret_within_bound,True,SUCCESS,1131,
sim2,S2-131,10000,"{""K"": 72, ""sigma"": 0.01, ""rho"": 0.9, ""regime"": ""best=0.005""}",panel,one_se_regret_mean,9.15e-05,,,,C1_honest_unbiased;C2_oracle_within_bound;C3_regret_within_bound,True,SUCCESS,1131,
sim2,S2-131,10000,"{""K"": 72, ""sigma"": 0.01, ""rho"": 0.9, ""regime"": ""best=0.005""}",panel,oracle_bound_ratio,0.10617137000102918,,0.10617137000102918,0.31851411000308755,C1_honest_unbiased;C2_oracle_within_bound;C3_regret_within_bound,True,SUCCESS,1131,
sim2,S2-132,10000,"{""K"": 72, ""sigma"": 0.01, ""rho"": 0.9, ""regime"": ""best=0.02""}",panel,oracle_optimism_mean,-6.31056754887728e-05,0.029246080486164484,0.00010031103328370348,0.0003009330998511104,C1_honest_unbiased;C2_oracle_within_bound;C3_regret_within_bound,True,SUCCESS,1132,
sim2,S2-132,10000,"{""K"": 72, ""sigma"": 0.01, ""rho"": 0.9, ""regime"": ""best=0.02""}",panel,regret_mean,4e-06,,2.8282856857099844e-06,0.0001,C1_honest_unbiased;C2_oracle_within_bound;C3_regret_within_bound,True,SUCCESS,1132,
sim2,S2-132,10000,"{""K"": 72, ""sigma"": 0.01, ""rho"": 0.9, ""regime"": ""best=0.02""}",panel,p_select_best,0.9998,,0.9998,2.9994,C1_honest_unbiased;C2_oracle_within_bound;C3_regret_within_bound,True,SUCCESS,1132,
sim2,S2-132,10000,"{""K"": 72, ""sigma"": 0.01, ""rho"": 0.9, ""regime"": ""best=0.02""}",panel,reporting_bias_mean,-6.353751287798188e-05,,0.0001003099751887254,0.00030092992556617624,C1_honest_unbiased;C2_oracle_within_bound;C3_regret_within_bound,True,SUCCESS,1132,
sim2,S2-132,10000,"{""K"": 72, ""sigma"": 0.01, ""rho"": 0.9, ""regime"": ""best=0.02""}",panel,winner_instability,0.00019999999999997797,,0.00019999999999997797,0.0005999999999999339,C1_honest_unbiased;C2_oracle_within_bound;C3_regret_within_bound,True,SUCCESS,1132,
sim2,S2-132,10000,"{""K"": 72, ""sigma"": 0.01, ""rho"": 0.9, ""regime"": ""best=0.02""}",panel,one_se_regret_mean,0.0,,,,C1_honest_unbiased;C2_oracle_within_bound;C3_regret_within_bound,True,SUCCESS,1132,
sim2,S2-132,10000,"{""K"": 72, ""sigma"": 0.01, ""rho"": 0.9, ""regime"": ""best=0.02""}",panel,oracle_bound_ratio,-0.0021577481303392556,,-0.0021577481303392556,0.0001,C1_honest_unbiased;C2_oracle_within_bound;C3_regret_within_bound,True,SUCCESS,1132,
sim2,S2-133,10000,"{""K"": 72, ""sigma"": 0.03, ""rho"": 0.0, ""regime"": ""all_equal""}",panel,oracle_optimism_mean,0.07139477814892377,0.08773824145849345,0.0001313745782736473,0.0003941237348209419,C1_honest_unbiased;C2_oracle_within_bound;C3_regret_within_bound,True,SUCCESS,1133,
sim2,S2-133,10000,"{""K"": 72, ""sigma"": 0.03, ""rho"": 0.0, ""regime"": ""all_equal""}",panel,regret_mean,0.0,,0.0,0.0001,C1_honest_unbiased;C2_oracle_within_bound;C3_regret_within_bound,True,SUCCESS,1133,
sim2,S2-133,10000,"{""K"": 72, ""sigma"": 0.03, ""rho"": 0.0, ""regime"": ""all_equal""}",panel,p_select_best,1.0,,1.0,3.0,C1_honest_unbiased;C2_oracle_within_bound;C3_regret_within_bound,True,SUCCESS,1133,
sim2,S2-133,10000,"{""K"": 72, ""sigma"": 0.03, ""rho"": 0.0, ""regime"": ""all_equal""}",panel,reporting_bias_mean,0.00024197100323231928,,0.0003012786277789439,0.0009038358833368316,C1_honest_unbiased;C2_oracle_within_bound;C3_regret_within_bound,True,SUCCESS,1133,
sim2,S2-133,10000,"{""K"": 72, ""sigma"": 0.03, ""rho"": 0.0, ""regime"": ""all_equal""}",panel,winner_instability,0.9833,,0.9833,2.9499,C1_honest_unbiased;C2_oracle_within_bound;C3_regret_within_bound,True,SUCCESS,1133,
sim2,S2-133,10000,"{""K"": 72, ""sigma"": 0.03, ""rho"": 0.0, ""regime"": ""all_equal""}",panel,one_se_regret_mean,0.0,,,,C1_honest_unbiased;C2_oracle_within_bound;C3_regret_within_bound,True,SUCCESS,1133,
sim2,S2-133,10000,"{""K"": 72, ""sigma"": 0.03, ""rho"": 0.0, ""regime"": ""all_equal""}",panel,oracle_bound_ratio,0.8137247449015568,,0.8137247449015568,2.44117423470467,C1_honest_unbiased;C2_oracle_within_bound;C3_regret_within_bound,True,SUCCESS,1133,
sim2,S2-134,10000,"{""K"": 72, ""sigma"": 0.03, ""rho"": 0.0, ""regime"": ""best=0.002""}",panel,oracle_optimism_mean,0.06955007192498631,0.08773824145849345,0.00013386614777560985,0.00040159844332682954,C1_honest_unbiased;C2_oracle_within_bound;C3_regret_within_bound,True,SUCCESS,1134,
sim2,S2-134,10000,"{""K"": 72, ""sigma"": 0.03, ""rho"": 0.0, ""regime"": ""best=0.002""}",panel,regret_mean,0.0019706000000000003,,2.407102701245095e-06,0.0001,C1_honest_unbiased;C2_oracle_within_bound;C3_regret_within_bound,True,SUCCESS,1134,
sim2,S2-134,10000,"{""K"": 72, ""sigma"": 0.03, ""rho"": 0.0, ""regime"": ""best=0.002""}",panel,p_select_best,0.0147,,0.0147,0.0441,C1_honest_unbiased;C2_oracle_within_bound;C3_regret_within_bound,True,SUCCESS,1134,
sim2,S2-134,10000,"{""K"": 72, ""sigma"": 0.03, ""rho"": 0.0, ""regime"": ""best=0.002""}",panel,reporting_bias_mean,-0.00021426916592842877,,0.00030087928285333547,0.0009026378485600064,C1_honest_unbiased;C2_oracle_within_bound;C3_regret_within_bound,True,SUCCESS,1134,
sim2,S2-134,10000,"{""K"": 72, ""sigma"": 0.03, ""rho"": 0.0, ""regime"": ""best=0.002""}",panel,winner_instability,0.9828,,0.9828,2.9484,C1_honest_unbiased;C2_oracle_within_bound;C3_regret_within_bound,True,SUCCESS,1134,
sim2,S2-134,10000,"{""K"": 72, ""sigma"": 0.03, ""rho"": 0.0, ""regime"": ""best=0.002""}",panel,one_se_regret_mean,0.0017836000000000002,,,,C1_honest_unbiased;C2_oracle_within_bound;C3_regret_within_bound,True,SUCCESS,1134,
sim2,S2-134,10000,"{""K"": 72, ""sigma"": 0.03, ""rho"": 0.0, ""regime"": ""best=0.002""}",panel,oracle_bound_ratio,0.7926996343765169,,0.7926996343765169,2.3780989031295507,C1_honest_unbiased;C2_oracle_within_bound;C3_regret_within_bound,True,SUCCESS,1134,
sim2,S2-135,10000,"{""K"": 72, ""sigma"": 0.03, ""rho"": 0.0, ""regime"": ""best=0.005""}",panel,oracle_optimism_mean,0.06680855975375691,0.08773824145849345,0.00013507813920695896,0.0004052344176208769,C1_honest_unbiased;C2_oracle_within_bound;C3_regret_within_bound,True,SUCCESS,1135,
sim2,S2-135,10000,"{""K"": 72, ""sigma"": 0.03, ""rho"": 0.0, ""regime"": ""best=0.005""}",panel,regret_mean,0.0048995,,7.017471018105383e-06,0.0001,C1_honest_unbiased;C2_oracle_within_bound;C3_regret_within_bound,True,SUCCESS,1135,
sim2,S2-135,10000,"{""K"": 72, ""sigma"": 0.03, ""rho"": 0.0, ""regime"": ""best=0.005""}",panel,p_select_best,0.0201,,0.0201,0.0603,C1_honest_unbiased;C2_oracle_within_bound;C3_regret_within_bound,True,SUCCESS,1135,
sim2,S2-135,10000,"{""K"": 72, ""sigma"": 0.03, ""rho"": 0.0, ""regime"": ""best=0.005""}",panel,reporting_bias_mean,0.0002280494876095902,,0.0003012058992476457,0.0009036176977429372,C1_honest_unbiased;C2_oracle_within_bound;C3_regret_within_bound,True,SUCCESS,1135,
sim2,S2-135,10000,"{""K"": 72, ""sigma"": 0.03, ""rho"": 0.0, ""regime"": ""best=0.005""}",panel,winner_instability,0.9799,,0.9799,2.9397,C1_honest_unbiased;C2_oracle_within_bound;C3_regret_within_bound,True,SUCCESS,1135,
sim2,S2-135,10000,"{""K"": 72, ""sigma"": 0.03, ""rho"": 0.0, ""regime"": ""best=0.005""}",panel,one_se_regret_mean,0.0043335,,,,C1_honest_unbiased;C2_oracle_within_bound;C3_regret_within_bound,True,SUCCESS,1135,
sim2,S2-135,10000,"{""K"": 72, ""sigma"": 0.03, ""rho"": 0.0, ""regime"": ""best=0.005""}",panel,oracle_bound_ratio,0.7614531433863101,,0.7614531433863101,2.28435943015893,C1_honest_unbiased;C2_oracle_within_bound;C3_regret_within_bound,True,SUCCESS,1135,
sim2,S2-136,10000,"{""K"": 72, ""sigma"": 0.03, ""rho"": 0.0, ""regime"": ""best=0.02""}",panel,oracle_optimism_mean,0.05237983605801218,0.08773824145849345,0.00013429576192104762,0.00040288728576314285,C1_honest_unbiased;C2_oracle_within_bound;C3_regret_within_bound,True,SUCCESS,1136,
sim2,S2-136,10000,"{""K"": 72, ""sigma"": 0.03, ""rho"": 0.0, ""regime"": ""best=0.02""}",panel,regret_mean,0.018864,,4.629432704416004e-05,0.0001388829811324801,C1_honest_unbiased;C2_oracle_within_bound;C3_regret_within_bound,True,SUCCESS,1136,
sim2,S2-136,10000,"{""K"": 72, ""sigma"": 0.03, ""rho"": 0.0, ""regime"": ""best=0.02""}",panel,p_select_best,0.0568,,0.0568,0.1704,C1_honest_unbiased;C2_oracle_within_bound;C3_regret_within_bound,True,SUCCESS,1136,
sim2,S2-136,10000,"{""K"": 72, ""sigma"": 0.03, ""rho"": 0.0, ""regime"": ""best=0.02""}",panel,reporting_bias_mean,0.0005814772498441092,,0.00029819123426804795,0.0008945737028041438,C1_honest_unbiased;C2_oracle_within_bound;C3_regret_within_bound,True,SUCCESS,1136,
sim2,S2-136,10000,"{""K"": 72, ""sigma"": 0.03, ""rho"": 0.0, ""regime"": ""best=0.02""}",panel,winner_instability,0.9432,,0.9432,2.8296,C1_honest_unbiased;C2_oracle_within_bound;C3_regret_within_bound,True,SUCCESS,1136,
sim2,S2-136,10000,"{""K"": 72, ""sigma"": 0.03, ""rho"": 0.0, ""regime"": ""best=0.02""}",panel,one_se_regret_mean,0.014818000000000001,,,,C1_honest_unbiased;C2_oracle_within_bound;C3_regret_within_bound,True,SUCCESS,1136,
sim2,S2-136,10000,"{""K"": 72, ""sigma"": 0.03, ""rho"": 0.0, ""regime"": ""best=0.02""}",panel,oracle_bound_ratio,0.5970012070824515,,0.5970012070824515,1.7910036212473546,C1_honest_unbiased;C2_oracle_within_bound;C3_regret_within_bound,True,SUCCESS,1136,
sim2,S2-137,10000,"{""K"": 72, ""sigma"": 0.03, ""rho"": 0.5, ""regime"": ""all_equal""}",panel,oracle_optimism_mean,0.050732202056967435,0.08773824145849345,0.00023004163385750896,0.0006901249015725269,C1_honest_unbiased;C2_oracle_within_bound;C3_regret_within_bound,True,SUCCESS,1137,
sim2,S2-137,10000,"{""K"": 72, ""sigma"": 0.03, ""rho"": 0.5, ""regime"": ""all_equal""}",panel,regret_mean,0.0,,0.0,0.0001,C1_honest_unbiased;C2_oracle_within_bound;C3_regret_within_bound,True,SUCCESS,1137,
sim2,S2-137,10000,"{""K"": 72, ""sigma"": 0.03, ""rho"": 0.5, ""regime"": ""all_equal""}",panel,p_select_best,1.0,,1.0,3.0,C1_honest_unbiased;C2_oracle_within_bound;C3_regret_within_bound,True,SUCCESS,1137,
sim2,S2-137,10000,"{""K"": 72, ""sigma"": 0.03, ""rho"": 0.5, ""regime"": ""all_equal""}",panel,reporting_bias_mean,0.0002411112058706279,,0.0002994724257712684,0.0008984172773138053,C1_honest_unbiased;C2_oracle_within_bound;C3_regret_within_bound,True,SUCCESS,1137,
sim2,S2-137,10000,"{""K"": 72, ""sigma"": 0.03, ""rho"": 0.5, ""regime"": ""all_equal""}",panel,winner_instability,0.9822,,0.9822,2.9466,C1_honest_unbiased;C2_oracle_within_bound;C3_regret_within_bound,True,SUCCESS,1137,
sim2,S2-137,10000,"{""K"": 72, ""sigma"": 0.03, ""rho"": 0.5, ""regime"": ""all_equal""}",panel,one_se_regret_mean,0.0,,,,C1_honest_unbiased;C2_oracle_within_bound;C3_regret_within_bound,True,SUCCESS,1137,
sim2,S2-137,10000,"{""K"": 72, ""sigma"": 0.03, ""rho"": 0.5, ""regime"": ""all_equal""}",panel,oracle_bound_ratio,0.5782222348389265,,0.5782222348389265,1.7346667045167796,C1_honest_unbiased;C2_oracle_within_bound;C3_regret_within_bound,True,SUCCESS,1137,
sim2,S2-138,10000,"{""K"": 72, ""sigma"": 0.03, ""rho"": 0.5, ""regime"": ""best=0.002""}",panel,oracle_optimism_mean,0.048770408155044666,0.08773824145849345,0.00023285527915016074,0.0006985658374504822,C1_honest_unbiased;C2_oracle_within_bound;C3_regret_within_bound,True,SUCCESS,1138,
sim2,S2-138,10000,"{""K"": 72, ""sigma"": 0.03, ""rho"": 0.5, ""regime"": ""best=0.002""}",panel,regret_mean,0.0019660000000000003,,2.5855499428266095e-06,0.0001,C1_honest_unbiased;C2_oracle_within_bound;C3_regret_within_bound,True,SUCCESS,1138,
sim2,S2-138,10000,"{""K"": 72, ""sigma"": 0.03, ""rho"": 0.5, ""regime"": ""best=0.002""}",panel,p_select_best,0.017,,0.017,0.051000000000000004,C1_honest_unbiased;C2_oracle_within_bound;C3_regret_within_bound,True,SUCCESS,1138,
sim2,S2-138,10000,"{""K"": 72, ""sigma"": 0.03, ""rho"": 0.5, ""regime"": ""best=0.002""}",panel,reporting_bias_mean,-0.00039088749365709575,,0.0002995111624151857,0.0008985334872455571,C1_honest_unbiased;C2_oracle_within_bound;C3_regret_within_bound,True,SUCCESS,1138,
sim2,S2-138,10000,"{""K"": 72, ""sigma"": 0.03, ""rho"": 0.5, ""regime"": ""best=0.002""}",panel,winner_instability,0.983,,0.983,2.949,C1_honest_unbiased;C2_oracle_within_bound;C3_regret_within_bound,True,SUCCESS,1138,
sim2,S2-138,10000,"{""K"": 72, ""sigma"": 0.03, ""rho"": 0.5, ""regime"": ""best=0.002""}",panel,one_se_regret_mean,0.001588,,,,C1_honest_unbiased;C2_oracle_within_bound;C3_regret_within_bound,True,SUCCESS,1138,
sim2,S2-138,10000,"{""K"": 72, ""sigma"": 0.03, ""rho"": 0.5, ""regime"": ""best=0.002""}",panel,oracle_bound_ratio,0.5558626129760831,,0.5558626129760831,1.6675878389282492,C1_honest_unbiased;C2_oracle_within_bound;C3_regret_within_bound,True,SUCCESS,1138,
sim2,S2-139,10000,"{""K"": 72, ""sigma"": 0.03, ""rho"": 0.5, ""regime"": ""best=0.005""}",panel,oracle_optimism_mean,0.04551685773338019,0.08773824145849345,0.00023188038857984472,0.0006956411657395342,C1_honest_unbiased;C2_oracle_within_bound;C3_regret_within_bound,True,SUCCESS,1139,
sim2,S2-139,10000,"{""K"": 72, ""sigma"": 0.03, ""rho"": 0.5, ""regime"": ""best=0.005""}",panel,regret_mean,0.004877,,7.745521241977907e-06,0.0001,C1_honest_unbiased;C2_oracle_within_bound;C3_regret_within_bound,True,SUCCESS,1139,
sim2,S2-139,10000,"{""K"": 72, ""sigma"": 0.03, ""rho"": 0.5, ""regime"": ""best=0.005""}",panel,p_select_best,0.0246,,0.0246,0.0738,C1_honest_unbiased;C2_oracle_within_bound;C3_regret_within_bound,True,SUCCESS,1139,
sim2,S2-139,10000,"{""K"": 72, ""sigma"": 0.03, ""rho"": 0.5, ""regime"": ""best=0.005""}",panel,reporting_bias_mean,-0.00013375858546009126,,0.00029975688270330415,0.0008992706481099125,C1_honest_unbiased;C2_oracle_within_bound;C3_regret_within_bound,True,SUCCESS,1139,
sim2,S2-139,10000,"{""K"": 72, ""sigma"": 0.03, ""rho"": 0.5, ""regime"": ""best=0.005""}",panel,winner_instability,0.9754,,0.9754,2.9262,C1_honest_unbiased;C2_oracle_within_bound;C3_regret_within_bound,True,SUCCESS,1139,
sim2,S2-139,10000,"{""K"": 72, ""sigma"": 0.03, ""rho"": 0.5, ""regime"": ""best=0.005""}",panel,one_se_regret_mean,0.0037649999999999997,,,,C1_honest_unbiased;C2_oracle_within_bound;C3_regret_within_bound,True,SUCCESS,1139,
sim2,S2-139,10000,"{""K"": 72, ""sigma"": 0.03, ""rho"": 0.5, ""regime"": ""best=0.005""}",panel,oracle_bound_ratio,0.5187801462252121,,0.5187801462252121,1.5563404386756363,C1_honest_unbiased;C2_oracle_within_bound;C3_regret_within_bound,True,SUCCESS,1139,
sim2,S2-140,10000,"{""K"": 72, ""sigma"": 0.03, ""rho"": 0.5, ""regime"": ""best=0.02""}",panel,oracle_optimism_mean,0.03161654553907597,0.08773824145849345,0.00023267719337061906,0.0006980315801118572,C1_honest_unbiased;C2_oracle_within_bound;C3_regret_within_bound,True,SUCCESS,1140,
sim2,S2-140,10000,"{""K"": 72, ""sigma"": 0.03, ""rho"": 0.5, ""regime"": ""best=0.02""}",panel,regret_mean,0.01813,,5.8229280133850966e-05,0.0001746878404015529,C1_honest_unbiased;C2_oracle_within_bound;C3_regret_within_bound,True,SUCCESS,1140,
sim2,S2-140,10000,"{""K"": 72, ""sigma"": 0.03, ""rho"": 0.5, ""regime"": ""best=0.02""}",panel,p_select_best,0.0935,,0.0935,0.28049999999999997,C1_honest_unbiased;C2_oracle_within_bound;C3_regret_within_bound,True,SUCCESS,1140,
sim2,S2-140,10000,"{""K"": 72, ""sigma"": 0.03, ""rho"": 0.5, ""regime"": ""best=0.02""}",panel,reporting_bias_mean,0.00035072286876344474,,0.0002996507205294753,0.000898952161588426,C1_honest_unbiased;C2_oracle_within_bound;C3_regret_within_bound,True,SUCCESS,1140,
sim2,S2-140,10000,"{""K"": 72, ""sigma"": 0.03, ""rho"": 0.5, ""regime"": ""best=0.02""}",panel,winner_instability,0.9065,,0.9065,2.7195,C1_honest_unbiased;C2_oracle_within_bound;C3_regret_within_bound,True,SUCCESS,1140,
sim2,S2-140,10000,"{""K"": 72, ""sigma"": 0.03, ""rho"": 0.5, ""regime"": ""best=0.02""}",panel,one_se_regret_mean,0.01014,,,,C1_honest_unbiased;C2_oracle_within_bound;C3_regret_within_bound,True,SUCCESS,1140,
sim2,S2-140,10000,"{""K"": 72, ""sigma"": 0.03, ""rho"": 0.5, ""regime"": ""best=0.02""}",panel,oracle_bound_ratio,0.3603508004435316,,0.3603508004435316,1.0810524013305949,C1_honest_unbiased;C2_oracle_within_bound;C3_regret_within_bound,True,SUCCESS,1140,
sim2,S2-141,10000,"{""K"": 72, ""sigma"": 0.03, ""rho"": 0.9, ""regime"": ""all_equal""}",panel,oracle_optimism_mean,0.02263146604143717,0.08773824145849345,0.0002859126105359803,0.000857737831607941,C1_honest_unbiased;C2_oracle_within_bound;C3_regret_within_bound,True,SUCCESS,1141,
sim2,S2-141,10000,"{""K"": 72, ""sigma"": 0.03, ""rho"": 0.9, ""regime"": ""all_equal""}",panel,regret_mean,0.0,,0.0,0.0001,C1_honest_unbiased;C2_oracle_within_bound;C3_regret_within_bound,True,SUCCESS,1141,
sim2,S2-141,10000,"{""K"": 72, ""sigma"": 0.03, ""rho"": 0.9, ""regime"": ""all_equal""}",panel,p_select_best,1.0,,1.0,3.0,C1_honest_unbiased;C2_oracle_within_bound;C3_regret_within_bound,True,SUCCESS,1141,
sim2,S2-141,10000,"{""K"": 72, ""sigma"": 0.03, ""rho"": 0.9, ""regime"": ""all_equal""}",panel,reporting_bias_mean,-4.5234349393882656e-05,,0.0002964691452118506,0.0008894074356355519,C1_honest_unbiased;C2_oracle_within_bound;C3_regret_within_bound,True,SUCCESS,1141,
sim2,S2-141,10000,"{""K"": 72, ""sigma"": 0.03, ""rho"": 0.9, ""regime"": ""all_equal""}",panel,winner_instability,0.9828,,0.9828,2.9484,C1_honest_unbiased;C2_oracle_within_bound;C3_regret_within_bound,True,SUCCESS,1141,
sim2,S2-141,10000,"{""K"": 72, ""sigma"": 0.03, ""rho"": 0.9, ""regime"": ""all_equal""}",panel,one_se_regret_mean,0.0,,,,C1_honest_unbiased;C2_oracle_within_bound;C3_regret_within_bound,True,SUCCESS,1141,
sim2,S2-141,10000,"{""K"": 72, ""sigma"": 0.03, ""rho"": 0.9, ""regime"": ""all_equal""}",panel,oracle_bound_ratio,0.25794300940193216,,0.25794300940193216,0.7738290282057965,C1_honest_unbiased;C2_oracle_within_bound;C3_regret_within_bound,True,SUCCESS,1141,
sim2,S2-142,10000,"{""K"": 72, ""sigma"": 0.03, ""rho"": 0.9, ""regime"": ""best=0.002""}",panel,oracle_optimism_mean,0.0206623967189758,0.08773824145849345,0.0002853234816738284,0.0008559704450214852,C1_honest_unbiased;C2_oracle_within_bound;C3_regret_within_bound,True,SUCCESS,1142,
sim2,S2-142,10000,"{""K"": 72, ""sigma"": 0.03, ""rho"": 0.9, ""regime"": ""best=0.002""}",panel,regret_mean,0.0019552000000000003,,2.9597587768603246e-06,0.0001,C1_honest_unbiased;C2_oracle_within_bound;C3_regret_within_bound,True,SUCCESS,1142,
sim2,S2-142,10000,"{""K"": 72, ""sigma"": 0.03, ""rho"": 0.9, ""regime"": ""best=0.002""}",panel,p_select_best,0.0224,,0.0224,0.0672,C1_honest_unbiased;C2_oracle_within_bound;C3_regret_within_bound,True,SUCCESS,1142,
sim2,S2-142,10000,"{""K"": 72, ""sigma"": 0.03, ""rho"": 0.9, ""regime"": ""best=0.002""}",panel,reporting_bias_mean,8.560764512954577e-05,,0.00029669986613438545,0.0008900995984031563,C1_honest_unbiased;C2_oracle_within_bound;C3_regret_within_bound,True,SUCCESS,1142,
sim2,S2-142,10000,"{""K"": 72, ""sigma"": 0.03, ""rho"": 0.9, ""regime"": ""best=0.002""}",panel,winner_instability,0.9776,,0.9776,2.9328000000000003,C1_honest_unbiased;C2_oracle_within_bound;C3_regret_within_bound,True,SUCCESS,1142,
sim2,S2-142,10000,"{""K"": 72, ""sigma"": 0.03, ""rho"": 0.9, ""regime"": ""best=0.002""}",panel,one_se_regret_mean,0.0003652,,,,C1_honest_unbiased;C2_oracle_within_bound;C3_regret_within_bound,True,SUCCESS,1142,
sim2,S2-142,10000,"{""K"": 72, ""sigma"": 0.03, ""rho"": 0.9, ""regime"": ""best=0.002""}",panel,oracle_bound_ratio,0.23550046565214794,,0.23550046565214794,0.7065013969564438,C1_honest_unbiased;C2_oracle_within_bound;C3_regret_within_bound,True,SUCCESS,1142,
sim2,S2-143,10000,"{""K"": 72, ""sigma"": 0.03, ""rho"": 0.9, ""regime"": ""best=0.005""}",panel,oracle_optimism_mean,0.01742571140328192,0.08773824145849345,0.00028971083864157593,0.0008691325159247277,C1_honest_unbiased;C2_oracle_within_bound;C3_regret_within_bound,True,SUCCESS,1143,
sim2,S2-143,10000,"{""K"": 72, ""sigma"": 0.03, ""rho"": 0.9, ""regime"": ""best=0.005""}",panel,regret_mean,0.004783,,1.0188301141407964e-05,0.0001,C1_honest_unbiased;C2_oracle_within_bound;C3_regret_within_bound,True,SUCCESS,1143,
sim2,S2-143,10000,"{""K"": 72, ""sigma"": 0.03, ""rho"": 0.9, ""regime"": ""best=0.005""}",panel,p_select_best,0.0434,,0.0434,0.1302,C1_honest_unbiased;C2_oracle_within_bound;C3_regret_within_bound,True,SUCCESS,1143,
sim2,S2-143,10000,"{""K"": 72, ""sigma"": 0.03, ""rho"": 0.9, ""regime"": ""best=0.005""}",panel,reporting_bias_mean,-0.00036953441027169685,,0.0003021879174335758,0.0009065637523007275,C1_honest_unbiased;C2_oracle_within_bound;C3_regret_within_bound,True,SUCCESS,1143,
sim2,S2-143,10000,"{""K"": 72, ""sigma"": 0.03, ""rho"": 0.9, ""regime"": ""best=0.005""}",panel,winner_instability,0.9566,,0.9566,2.8698,C1_honest_unbiased;C2_oracle_within_bound;C3_regret_within_bound,True,SUCCESS,1143,
sim2,S2-143,10000,"{""K"": 72, ""sigma"": 0.03, ""rho"": 0.9, ""regime"": ""best=0.005""}",panel,one_se_regret_mean,0.0005965,,,,C1_honest_unbiased;C2_oracle_within_bound;C3_regret_within_bound,True,SUCCESS,1143,
sim2,S2-143,10000,"{""K"": 72, ""sigma"": 0.03, ""rho"": 0.9, ""regime"": ""best=0.005""}",panel,oracle_bound_ratio,0.1986102195987772,,0.1986102195987772,0.5958306587963316,C1_honest_unbiased;C2_oracle_within_bound;C3_regret_within_bound,True,SUCCESS,1143,
sim2,S2-144,10000,"{""K"": 72, ""sigma"": 0.03, ""rho"": 0.9, ""regime"": ""best=0.02""}",panel,oracle_optimism_mean,0.00554931165252212,0.08773824145849345,0.00029195232492196433,0.000875856974765893,C1_honest_unbiased;C2_oracle_within_bound;C3_regret_within_bound,True,SUCCESS,1144,
sim2,S2-144,10000,"{""K"": 72, ""sigma"": 0.03, ""rho"": 0.9, ""regime"": ""best=0.02""}",panel,regret_mean,0.011874000000000001,,9.823328039792712e-05,0.00029469984119378134,C1_honest_unbiased;C2_oracle_within_bound;C3_regret_within_bound,True,SUCCESS,1144,
sim2,S2-144,10000,"{""K"": 72, ""sigma"": 0.03, ""rho"": 0.9, ""regime"": ""best=0.02""}",panel,p_select_best,0.4063,,0.4063,1.2189,C1_honest_unbiased;C2_oracle_within_bound;C3_regret_within_bound,True,SUCCESS,1144,
sim2,S2-144,10000,"{""K"": 72, ""sigma"": 0.03, ""rho"": 0.9, ""regime"": ""best=0.02""}",panel,reporting_bias_mean,5.80971304477178e-05,,0.00030277360190654993,0.0009083208057196499,C1_honest_unbiased;C2_oracle_within_bound;C3_regret_within_bound,True,SUCCESS,1144,
sim2,S2-144,10000,"{""K"": 72, ""sigma"": 0.03, ""rho"": 0.9, ""regime"": ""best=0.02""}",panel,winner_instability,0.5937,,0.5937,1.7811,C1_honest_unbiased;C2_oracle_within_bound;C3_regret_within_bound,True,SUCCESS,1144,
sim2,S2-144,10000,"{""K"": 72, ""sigma"": 0.03, ""rho"": 0.9, ""regime"": ""best=0.02""}",panel,one_se_regret_mean,0.000114,,,,C1_honest_unbiased;C2_oracle_within_bound;C3_regret_within_bound,True,SUCCESS,1144,
sim2,S2-144,10000,"{""K"": 72, ""sigma"": 0.03, ""rho"": 0.9, ""regime"": ""best=0.02""}",panel,oracle_bound_ratio,0.06324849416029552,,0.06324849416029552,0.18974548248088655,C1_honest_unbiased;C2_oracle_within_bound;C3_regret_within_bound,True,SUCCESS,1144,
sim2,S2-145,10000,"{""K"": 216, ""sigma"": 0.005, ""rho"": 0.0, ""regime"": ""all_equal""}",panel,oracle_optimism_mean,0.01386016392593863,0.016394020872995383,1.971460621645155e-05,0.0001,C1_honest_unbiased;C2_oracle_within_bound;C3_regret_within_bound,True,SUCCESS,1145,
sim2,S2-145,10000,"{""K"": 216, ""sigma"": 0.005, ""rho"": 0.0, ""regime"": ""all_equal""}",panel,regret_mean,0.0,,0.0,0.0001,C1_honest_unbiased;C2_oracle_within_bound;C3_regret_within_bound,True,SUCCESS,1145,
sim2,S2-145,10000,"{""K"": 216, ""sigma"": 0.005, ""rho"": 0.0, ""regime"": ""all_equal""}",panel,p_select_best,1.0,,1.0,3.0,C1_honest_unbiased;C2_oracle_within_bound;C3_regret_within_bound,True,SUCCESS,1145,
sim2,S2-145,10000,"{""K"": 216, ""sigma"": 0.005, ""rho"": 0.0, ""regime"": ""all_equal""}",panel,reporting_bias_mean,-4.7357692526070385e-05,,4.990078283592231e-05,0.00014970234850776693,C1_honest_unbiased;C2_oracle_within_bound;C3_regret_within_bound,True,SUCCESS,1145,
sim2,S2-145,10000,"{""K"": 216, ""sigma"": 0.005, ""rho"": 0.0, ""regime"": ""all_equal""}",panel,winner_instability,0.9934,,0.9934,2.9802,C1_honest_unbiased;C2_oracle_within_bound;C3_regret_within_bound,True,SUCCESS,1145,
sim2,S2-145,10000,"{""K"": 216, ""sigma"": 0.005, ""rho"": 0.0, ""regime"": ""all_equal""}",panel,one_se_regret_mean,0.0,,,,C1_honest_unbiased;C2_oracle_within_bound;C3_regret_within_bound,True,SUCCESS,1145,
sim2,S2-145,10000,"{""K"": 216, ""sigma"": 0.005, ""rho"": 0.0, ""regime"": ""all_equal""}",panel,oracle_bound_ratio,0.8454401780571975,,0.8454401780571975,2.5363205341715926,C1_honest_unbiased;C2_oracle_within_bound;C3_regret_within_bound,True,SUCCESS,1145,
sim2,S2-146,10000,"{""K"": 216, ""sigma"": 0.005, ""rho"": 0.0, ""regime"": ""best=0.002""}",panel,oracle_optimism_mean,0.011839302063156651,0.016394020872995383,1.9931571606808784e-05,0.0001,C1_honest_unbiased;C2_oracle_within_bound;C3_regret_within_bound,True,SUCCESS,1146,
sim2,S2-146,10000,"{""K"": 216, ""sigma"": 0.005, ""rho"": 0.0, ""regime"": ""best=0.002""}",panel,regret_mean,0.0019754000000000004,,2.2045339636757014e-06,0.0001,C1_honest_unbiased;C2_oracle_within_bound;C3_regret_within_bound,True,SUCCESS,1146,
sim2,S2-146,10000,"{""K"": 216, ""sigma"": 0.005, ""rho"": 0.0, ""regime"": ""best=0.002""}",panel,p_select_best,0.0123,,0.0123,0.0369,C1_honest_unbiased;C2_oracle_within_bound;C3_regret_within_bound,True,SUCCESS,1146,
sim2,S2-146,10000,"{""K"": 216, ""sigma"": 0.005, ""rho"": 0.0, ""regime"": ""best=0.002""}",panel,reporting_bias_mean,1.6309084884748094e-05,,4.9340713998005365e-05,0.0001480221419940161,C1_honest_unbiased;C2_oracle_within_bound;C3_regret_within_bound,True,SUCCESS,1146,
sim2,S2-146,10000,"{""K"": 216, ""sigma"": 0.005, ""rho"": 0.0, ""regime"": ""best=0.002""}",panel,winner_instability,0.9877,,0.9877,2.9631,C1_honest_unbiased;C2_oracle_within_bound;C3_regret_within_bound,True,SUCCESS,1146,
sim2,S2-146,10000,"{""K"": 216, ""sigma"": 0.005, ""rho"": 0.0, ""regime"": ""best=0.002""}",panel,one_se_regret_mean,0.0018044000000000005,,,,C1_honest_unbiased;C2_oracle_within_bound;C3_regret_within_bound,True,SUCCESS,1146,
sim2,S2-146,10000,"{""K"": 216, ""sigma"": 0.005, ""rho"": 0.0, ""regime"": ""best=0.002""}",panel,oracle_bound_ratio,0.7221719524987691,,0.7221719524987691,2.1665158574963073,C1_honest_unbiased;C2_oracle_within_bound;C3_regret_within_bound,True,SUCCESS,1146,
sim2,S2-147,10000,"{""K"": 216, ""sigma"": 0.005, ""rho"": 0.0, ""regime"": ""best=0.005""}",panel,oracle_optimism_mean,0.008952011142370545,0.016394020872995383,2.0183328564318534e-05,0.0001,C1_honest_unbiased;C2_oracle_within_bound;C3_regret_within_bound,True,SUCCESS,1147,
sim2,S2-147,10000,"{""K"": 216, ""sigma"": 0.005, ""rho"": 0.0, ""regime"": ""best=0.005""}",panel,regret_mean,0.0047435,,1.103099919745847e-05,0.0001,C1_honest_unbiased;C2_oracle_within_bound;C3_regret_within_bound,True,SUCCESS,1147,
sim2,S2-147,10000,"{""K"": 216, ""sigma"": 0.005, ""rho"": 0.0, ""regime"": ""best=0.005""}",panel,p_select_best,0.0513,,0.0513,0.15389999999999998,C1_honest_unbiased;C2_oracle_within_bound;C3_regret_within_bound,True,SUCCESS,1147,
sim2,S2-147,10000,"{""K"": 216, ""sigma"": 0.005, ""rho"": 0.0, ""regime"": ""best=0.005""}",panel,reporting_bias_mean,2.6576984913356416e-05,,4.9519890168486453e-05,0.00014855967050545935,C1_honest_unbiased;C2_oracle_within_bound;C3_regret_within_bound,True,SUCCESS,1147,
sim2,S2-147,10000,"{""K"": 216, ""sigma"": 0.005, ""rho"": 0.0, ""regime"": ""best=0.005""}",panel,winner_instability,0.9487,,0.9487,2.8461,C1_honest_unbiased;C2_oracle_within_bound;C3_regret_within_bound,True,SUCCESS,1147,
sim2,S2-147,10000,"{""K"": 216, ""sigma"": 0.005, ""rho"": 0.0, ""regime"": ""best=0.005""}",panel,one_se_regret_mean,0.003783,,,,C1_honest_unbiased;C2_oracle_within_bound;C3_regret_within_bound,True,SUCCESS,1147,
sim2,S2-147,10000,"{""K"": 216, ""sigma"": 0.005, ""rho"": 0.0, ""regime"": ""best=0.005""}",panel,oracle_bound_ratio,0.5460534186043711,,0.5460534186043711,1.6381602558131132,C1_honest_unbiased;C2_oracle_within_bound;C3_regret_within_bound,True,SUCCESS,1147,
sim2,S2-148,10000,"{""K"": 216, ""sigma"": 0.005, ""rho"": 0.0, ""regime"": ""best=0.02""}",panel,oracle_optimism_mean,0.00031056673580424416,0.016394020872995383,4.4847115482067966e-05,0.0001345413464462039,C1_honest_unbiased;C2_oracle_within_bound;C3_regret_within_bound,True,SUCCESS,1148,
sim2,S2-148,10000,"{""K"": 216, ""sigma"": 0.005, ""rho"": 0.0, ""regime"": ""best=0.02""}",panel,regret_mean,0.0024340000000000004,,6.539106972056597e-05,0.00019617320916169792,C1_honest_unbiased;C2_oracle_within_bound;C3_regret_within_bound,True,SUCCESS,1148,
sim2,S2-148,10000,"{""K"": 216, ""sigma"": 0.005, ""rho"": 0.0, ""regime"": ""best=0.02""}",panel,p_select_best,0.8783,,0.8783,2.6349,C1_honest_unbiased;C2_oracle_within_bound;C3_regret_within_bound,True,SUCCESS,1148,
sim2,S2-148,10000,"{""K"": 216, ""sigma"": 0.005, ""rho"": 0.0, ""regime"": ""best=0.02""}",panel,reporting_bias_mean,-2.1139850421658196e-06,,4.9957463814528515e-05,0.00014987239144358556,C1_honest_unbiased;C2_oracle_within_bound;C3_regret_within_bound,True,SUCCESS,1148,
sim2,S2-148,10000,"{""K"": 216, ""sigma"": 0.005, ""rho"": 0.0, ""regime"": ""best=0.02""}",panel,winner_instability,0.12170000000000003,,0.12170000000000003,0.3651000000000001,C1_honest_unbiased;C2_oracle_within_bound;C3_regret_within_bound,True,SUCCESS,1148,
sim2,S2-148,10000,"{""K"": 216, ""sigma"": 0.005, ""rho"": 0.0, ""regime"": ""best=0.02""}",panel,one_se_regret_mean,0.00039,,,,C1_honest_unbiased;C2_oracle_within_bound;C3_regret_within_bound,True,SUCCESS,1148,
sim2,S2-148,10000,"{""K"": 216, ""sigma"": 0.005, ""rho"": 0.0, ""regime"": ""best=0.02""}",panel,oracle_bound_ratio,0.018943902670992507,,0.018943902670992507,0.056831708012977517,C1_honest_unbiased;C2_oracle_within_bound;C3_regret_within_bound,True,SUCCESS,1148,
sim2,S2-149,10000,"{""K"": 216, ""sigma"": 0.005, ""rho"": 0.5, ""regime"": ""all_equal""}",panel,oracle_optimism_mean,0.00981301491664401,0.016394020872995383,3.8236176485212544e-05,0.00011470852945563763,C1_honest_unbiased;C2_oracle_within_bound;C3_regret_within_bound,True,SUCCESS,1149,
sim2,S2-149,10000,"{""K"": 216, ""sigma"": 0.005, ""rho"": 0.5, ""regime"": ""all_equal""}",panel,regret_mean,0.0,,0.0,0.0001,C1_honest_unbiased;C2_oracle_within_bound;C3_regret_within_bound,True,SUCCESS,1149,
sim2,S2-149,10000,"{""K"": 216, ""sigma"": 0.005, ""rho"": 0.5, ""regime"": ""all_equal""}",panel,p_select_best,1.0,,1.0,3.0,C1_honest_unbiased;C2_oracle_within_bound;C3_regret_within_bound,True,SUCCESS,1149,
sim2,S2-149,10000,"{""K"": 216, ""sigma"": 0.005, ""rho"": 0.5, ""regime"": ""all_equal""}",panel,reporting_bias_mean,1.782393595593303e-05,,5.029278996280467e-05,0.00015087836988841402,C1_honest_unbiased;C2_oracle_within_bound;C3_regret_within_bound,True,SUCCESS,1149,
sim2,S2-149,10000,"{""K"": 216, ""sigma"": 0.005, ""rho"": 0.5, ""regime"": ""all_equal""}",panel,winner_instability,0.9937,,0.9937,2.9811,C1_honest_unbiased;C2_oracle_within_bound;C3_regret_within_bound,True,SUCCESS,1149,
sim2,S2-149,10000,"{""K"": 216, ""sigma"": 0.005, ""rho"": 0.5, ""regime"": ""all_equal""}",panel,one_se_regret_mean,0.0,,,,C1_honest_unbiased;C2_oracle_within_bound;C3_regret_within_bound,True,SUCCESS,1149,
sim2,S2-149,10000,"{""K"": 216, ""sigma"": 0.005, ""rho"": 0.5, ""regime"": ""all_equal""}",panel,oracle_bound_ratio,0.5985727963057702,,0.5985727963057702,1.7957183889173107,C1_honest_unbiased;C2_oracle_within_bound;C3_regret_within_bound,True,SUCCESS,1149,
sim2,S2-150,10000,"{""K"": 216, ""sigma"": 0.005, ""rho"": 0.5, ""regime"": ""best=0.002""}",panel,oracle_optimism_mean,0.007856482015543804,0.016394020872995383,3.795879315176023e-05,0.00011387637945528069,C1_honest_unbiased;C2_oracle_within_bound;C3_regret_within_bound,True,SUCCESS,1150,
sim2,S2-150,10000,"{""K"": 216, ""sigma"": 0.005, ""rho"": 0.5, ""regime"": ""best=0.002""}",panel,regret_mean,0.0019624000000000004,,2.716498101636299e-06,0.0001,C1_honest_unbiased;C2_oracle_within_bound;C3_regret_within_bound,True,SUCCESS,1150,
sim2,S2-150,10000,"{""K"": 216, ""sigma"": 0.005, ""rho"": 0.5, ""regime"": ""best=0.002""}",panel,p_select_best,0.0188,,0.0188,0.056400000000000006,C1_honest_unbiased;C2_oracle_within_bound;C3_regret_within_bound,True,SUCCESS,1150,
sim2,S2-150,10000,"{""K"": 216, ""sigma"": 0.005, ""rho"": 0.5, ""regime"": ""best=0.002""}",panel,reporting_bias_mean,6.431315786632382e-05,,5.034990204162171e-05,0.00015104970612486512,C1_honest_unbiased;C2_oracle_within_bound;C3_regret_within_bound,True,SUCCESS,1150,
sim2,S2-150,10000,"{""K"": 216, ""sigma"": 0.005, ""rho"": 0.5, ""regime"": ""best=0.002""}",panel,winner_instability,0.9812,,0.9812,2.9436,C1_honest_unbiased;C2_oracle_within_bound;C3_regret_within_bound,True,SUCCESS,1150,
sim2,S2-150,10000,"{""K"": 216, ""sigma"": 0.005, ""rho"": 0.5, ""regime"": ""best=0.002""}",panel,one_se_regret_mean,0.001531,,,,C1_honest_unbiased;C2_oracle_within_bound;C3_regret_within_bound,True,SUCCESS,1150,
sim2,S2-150,10000,"{""K"": 216, ""sigma"": 0.005, ""rho"": 0.5, ""regime"": ""best=0.002""}",panel,oracle_bound_ratio,0.47922849900021697,,0.47922849900021697,1.437685497000651,C1_honest_unbiased;C2_oracle_within_bound;C3_regret_within_bound,True,SUCCESS,1150,
sim2,S2-151,10000,"{""K"": 216, ""sigma"": 0.005, ""rho"": 0.5, ""regime"": ""best=0.005""}",panel,oracle_optimism_mean,0.004990267268059091,0.016394020872995383,3.825076896239636e-05,0.00011475230688718907,C1_honest_unbiased;C2_oracle_within_bound;C3_regret_within_bound,True,SUCCESS,1151,
sim2,S2-151,10000,"{""K"": 216, ""sigma"": 0.005, ""rho"": 0.5, ""regime"": ""best=0.005""}",panel,regret_mean,0.0044659999999999995,,1.54437123394954e-05,0.0001,C1_honest_unbiased;C2_oracle_within_bound;C3_regret_within_bound,True,SUCCESS,1151,
sim2,S2-151,10000,"{""K"": 216, ""sigma"": 0.005, ""rho"": 0.5, ""regime"": ""best=0.005""}",panel,p_select_best,0.1068,,0.1068,0.3204,C1_honest_unbiased;C2_oracle_within_bound;C3_regret_within_bound,True,SUCCESS,1151,
sim2,S2-151,10000,"{""K"": 216, ""sigma"": 0.005, ""rho"": 0.5, ""regime"": ""best=0.005""}",panel,reporting_bias_mean,2.1066516961360483e-05,,4.998931080696916e-05,0.0001499679324209075,C1_honest_unbiased;C2_oracle_within_bound;C3_regret_within_bound,True,SUCCESS,1151,
sim2,S2-151,10000,"{""K"": 216, ""sigma"": 0.005, ""rho"": 0.5, ""regime"": ""best=0.005""}",panel,winner_instability,0.8932,,0.8932,2.6795999999999998,C1_honest_unbiased;C2_oracle_within_bound;C3_regret_within_bound,True,SUCCESS,1151,
sim2,S2-151,10000,"{""K"": 216, ""sigma"": 0.005, ""rho"": 0.5, ""regime"": ""best=0.005""}",panel,one_se_regret_mean,0.0023710000000000003,,,,C1_honest_unbiased;C2_oracle_within_bound;C3_regret_within_bound,True,SUCCESS,1151,
sim2,S2-151,10000,"{""K"": 216, ""sigma"": 0.005, ""rho"": 0.5, ""regime"": ""best=0.005""}",panel,oracle_bound_ratio,0.30439556632986703,,0.30439556632986703,0.9131866989896011,C1_honest_unbiased;C2_oracle_within_bound;C3_regret_within_bound,True,SUCCESS,1151,
sim2,S2-152,10000,"{""K"": 216, ""sigma"": 0.005, ""rho"": 0.5, ""regime"": ""best=0.02""}",panel,oracle_optimism_mean,-4.687539154196244e-06,0.016394020872995383,5.047924054373473e-05,0.00015143772163120418,C1_honest_unbiased;C2_oracle_within_bound;C3_regret_within_bound,True,SUCCESS,1152,
sim2,S2-152,10000,"{""K"": 216, ""sigma"": 0.005, ""rho"": 0.5, ""regime"": ""best=0.02""}",panel,regret_mean,8.2e-05,,1.2780607747421068e-05,0.0001,C1_honest_unbiased;C2_oracle_within_bound;C3_regret_within_bound,True,SUCCESS,1152,
sim2,S2-152,10000,"{""K"": 216, ""sigma"": 0.005, ""rho"": 0.5, ""regime"": ""best=0.02""}",panel,p_select_best,0.9959,,0.9959,2.9877000000000002,C1_honest_unbiased;C2_oracle_within_bound;C3_regret_within_bound,True,SUCCESS,1152,
sim2,S2-152,10000,"{""K"": 216, ""sigma"": 0.005, ""rho"": 0.5, ""regime"": ""best=0.02""}",panel,reporting_bias_mean,-6.5863415008291344e-06,,5.058067890477247e-05,0.00015174203671431742,C1_honest_unbiased;C2_oracle_within_bound;C3_regret_within_bound,True,SUCCESS,1152,
sim2,S2-152,10000,"{""K"": 216, ""sigma"": 0.005, ""rho"": 0.5, ""regime"": ""best=0.02""}",panel,winner_instability,0.0040999999999999925,,0.0040999999999999925,0.012299999999999978,C1_honest_unbiased;C2_oracle_within_bound;C3_regret_within_bound,True,SUCCESS,1152,
sim2,S2-152,10000,"{""K"": 216, ""sigma"": 0.005, ""rho"": 0.5, ""regime"": ""best=0.02""}",panel,one_se_regret_mean,2e-06,,,,C1_honest_unbiased;C2_oracle_within_bound;C3_regret_within_bound,True,SUCCESS,1152,
sim2,S2-152,10000,"{""K"": 216, ""sigma"": 0.005, ""rho"": 0.5, ""regime"": ""best=0.02""}",panel,oracle_bound_ratio,-0.0002859298027317794,,-0.0002859298027317794,0.0001,C1_honest_unbiased;C2_oracle_within_bound;C3_regret_within_bound,True,SUCCESS,1152,
sim2,S2-153,10000,"{""K"": 216, ""sigma"": 0.005, ""rho"": 0.9, ""regime"": ""all_equal""}",panel,oracle_optimism_mean,0.004374333957260602,0.016394020872995383,4.7823131762762836e-05,0.0001434693952882885,C1_honest_unbiased;C2_oracle_within_bound;C3_regret_within_bound,True,SUCCESS,1153,
sim2,S2-153,10000,"{""K"": 216, ""sigma"": 0.005, ""rho"": 0.9, ""regime"": ""all_equal""}",panel,regret_mean,0.0,,0.0,0.0001,C1_honest_unbiased;C2_oracle_within_bound;C3_regret_within_bound,True,SUCCESS,1153,
sim2,S2-153,10000,"{""K"": 216, ""sigma"": 0.005, ""rho"": 0.9, ""regime"": ""all_equal""}",panel,p_select_best,1.0,,1.0,3.0,C1_honest_unbiased;C2_oracle_within_bound;C3_regret_within_bound,True,SUCCESS,1153,
sim2,S2-153,10000,"{""K"": 216, ""sigma"": 0.005, ""rho"": 0.9, ""regime"": ""all_equal""}",panel,reporting_bias_mean,-1.182451505718585e-05,,5.0067094106620236e-05,0.00015020128231986072,C1_honest_unbiased;C2_oracle_within_bound;C3_regret_within_bound,True,SUCCESS,1153,
sim2,S2-153,10000,"{""K"": 216, ""sigma"": 0.005, ""rho"": 0.9, ""regime"": ""all_equal""}",panel,winner_instability,0.9933,,0.9933,2.9798999999999998,C1_honest_unbiased;C2_oracle_within_bound;C3_regret_within_bound,True,SUCCESS,1153,
sim2,S2-153,10000,"{""K"": 216, ""sigma"": 0.005, ""rho"": 0.9, ""regime"": ""all_equal""}",panel,one_se_regret_mean,0.0,,,,C1_honest_unbiased;C2_oracle_within_bound;C3_regret_within_bound,True,SUCCESS,1153,
sim2,S2-153,10000,"{""K"": 216, ""sigma"": 0.005, ""rho"": 0.9, ""regime"": ""all_equal""}",panel,oracle_bound_ratio,0.26682495960866487,,0.26682495960866487,0.8004748788259946,C1_honest_unbiased;C2_oracle_within_bound;C3_regret_within_bound,True,SUCCESS,1153,
sim2,S2-154,10000,"{""K"": 216, ""sigma"": 0.005, ""rho"": 0.9, ""regime"": ""best=0.002""}",panel,oracle_optimism_mean,0.0024618930817200345,0.016394020872995383,4.843545083662273e-05,0.0001453063525098682,C1_honest_unbiased;C2_oracle_within_bound;C3_regret_within_bound,True,SUCCESS,1154,
sim2,S2-154,10000,"{""K"": 216, ""sigma"": 0.005, ""rho"": 0.9, ""regime"": ""best=0.002""}",panel,regret_mean,0.0018390000000000001,,5.441586265613053e-06,0.0001,C1_honest_unbiased;C2_oracle_within_bound;C3_regret_within_bound,True,SUCCESS,1154,
sim2,S2-154,10000,"{""K"": 216, ""sigma"": 0.005, ""rho"": 0.9, ""regime"": ""best=0.002""}",panel,p_select_best,0.0805,,0.0805,0.2415,C1_honest_unbiased;C2_oracle_within_bound;C3_regret_within_bound,True,SUCCESS,1154,
sim2,S2-154,10000,"{""K"": 216, ""sigma"": 0.005, ""rho"": 0.9, ""regime"": ""best=0.002""}",panel,reporting_bias_mean,2.0225768550747054e-05,,5.057553674577812e-05,0.00015172661023733438,C1_honest_unbiased;C2_oracle_within_bound;C3_regret_within_bound,True,SUCCESS,1154,
sim2,S2-154,10000,"{""K"": 216, ""sigma"": 0.005, ""rho"": 0.9, ""regime"": ""best=0.002""}",panel,winner_instability,0.9195,,0.9195,2.7584999999999997,C1_honest_unbiased;C2_oracle_within_bound;C3_regret_within_bound,True,SUCCESS,1154,
sim2,S2-154,10000,"{""K"": 216, ""sigma"": 0.005, ""rho"": 0.9, ""regime"": ""best=0.002""}",panel,one_se_regret_mean,0.00012380000000000003,,,,C1_honest_unbiased;C2_oracle_within_bound;C3_regret_within_bound,True,SUCCESS,1154,
sim2,S2-154,10000,"{""K"": 216, ""sigma"": 0.005, ""rho"": 0.9, ""regime"": ""best=0.002""}",panel,oracle_bound_ratio,0.15017018099417714,,0.15017018099417714,0.45051054298253146,C1_honest_unbiased;C2_oracle_within_bound;C3_regret_within_bound,True,SUCCESS,1154,
sim2,S2-155,10000,"{""K"": 216, ""sigma"": 0.005, ""rho"": 0.9, ""regime"": ""best=0.005""}",panel,oracle_optimism_mean,0.0004186113362239297,0.016394020872995383,4.913398655165452e-05,0.00014740195965496356,C1_honest_unbiased;C2_oracle_within_bound;C3_regret_within_bound,True,SUCCESS,1155,
sim2,S2-155,10000,"{""K"": 216, ""sigma"": 0.005, ""rho"": 0.9, ""regime"": ""best=0.005""}",panel,regret_mean,0.0017755000000000002,,2.3928377122637723e-05,0.0001,C1_honest_unbiased;C2_oracle_within_bound;C3_regret_within_bound,True,SUCCESS,1155,
sim2,S2-155,10000,"{""K"": 216, ""sigma"": 0.005, ""rho"": 0.9, ""regime"": ""best=0.005""}",panel,p_select_best,0.6449,,0.6449,1.9347,C1_honest_unbiased;C2_oracle_within_bound;C3_regret_within_bound,True,SUCCESS,1155,
sim2,S2-155,10000,"{""K"": 216, ""sigma"": 0.005, ""rho"": 0.9, ""regime"": ""best=0.005""}",panel,reporting_bias_mean,-1.3046298046919291e-05,,5.01800368344376e-05,0.00015054011050331278,C1_honest_unbiased;C2_oracle_within_bound;C3_regret_within_bound,True,SUCCESS,1155,
sim2,S2-155,10000,"{""K"": 216, ""sigma"": 0.005, ""rho"": 0.9, ""regime"": ""best=0.005""}",panel,winner_instability,0.35509999999999997,,0.35509999999999997,1.0653,C1_honest_unbiased;C2_oracle_within_bound;C3_regret_within_bound,True,SUCCESS,1155,
sim2,S2-155,10000,"{""K"": 216, ""sigma"": 0.005, ""rho"": 0.9, ""regime"": ""best=0.005""}",panel,one_se_regret_mean,3e-06,,,,C1_honest_unbiased;C2_oracle_within_bound;C3_regret_within_bound,True,SUCCESS,1155,
sim2,S2-155,10000,"{""K"": 216, ""sigma"": 0.005, ""rho"": 0.9, ""regime"": ""best=0.005""}",panel,oracle_bound_ratio,0.025534390828639005,,0.025534390828639005,0.07660317248591701,C1_honest_unbiased;C2_oracle_within_bound;C3_regret_within_bound,True,SUCCESS,1155,
sim2,S2-156,10000,"{""K"": 216, ""sigma"": 0.005, ""rho"": 0.9, ""regime"": ""best=0.02""}",panel,oracle_optimism_mean,-4.9411081153576316e-05,0.016394020872995383,4.9931291877461863e-05,0.0001497938756323856,C1_honest_unbiased;C2_oracle_within_bound;C3_regret_within_bound,True,SUCCESS,1156,
sim2,S2-156,10000,"{""K"": 216, ""sigma"": 0.005, ""rho"": 0.9, ""regime"": ""best=0.02""}",panel,regret_mean,0.0,,0.0,0.0001,C1_honest_unbiased;C2_oracle_within_bound;C3_regret_within_bound,True,SUCCESS,1156,
sim2,S2-156,10000,"{""K"": 216, ""sigma"": 0.005, ""rho"": 0.9, ""regime"": ""best=0.02""}",panel,p_select_best,1.0,,1.0,3.0,C1_honest_unbiased;C2_oracle_within_bound;C3_regret_within_bound,True,SUCCESS,1156,
sim2,S2-156,10000,"{""K"": 216, ""sigma"": 0.005, ""rho"": 0.9, ""regime"": ""best=0.02""}",panel,reporting_bias_mean,-4.9411081153576316e-05,,4.9931291877461863e-05,0.0001497938756323856,C1_honest_unbiased;C2_oracle_within_bound;C3_regret_within_bound,True,SUCCESS,1156,
sim2,S2-156,10000,"{""K"": 216, ""sigma"": 0.005, ""rho"": 0.9, ""regime"": ""best=0.02""}",panel,winner_instability,0.0,,0.0,0.0001,C1_honest_unbiased;C2_oracle_within_bound;C3_regret_within_bound,True,SUCCESS,1156,
sim2,S2-156,10000,"{""K"": 216, ""sigma"": 0.005, ""rho"": 0.9, ""regime"": ""best=0.02""}",panel,one_se_regret_mean,0.0,,,,C1_honest_unbiased;C2_oracle_within_bound;C3_regret_within_bound,True,SUCCESS,1156,
sim2,S2-156,10000,"{""K"": 216, ""sigma"": 0.005, ""rho"": 0.9, ""regime"": ""best=0.02""}",panel,oracle_bound_ratio,-0.003013969637855434,,-0.003013969637855434,0.0001,C1_honest_unbiased;C2_oracle_within_bound;C3_regret_within_bound,True,SUCCESS,1156,
sim2,S2-157,10000,"{""K"": 216, ""sigma"": 0.01, ""rho"": 0.0, ""regime"": ""all_equal""}",panel,oracle_optimism_mean,0.02773325860620929,0.032788041745990766,3.939547500086846e-05,0.00011818642500260537,C1_honest_unbiased;C2_oracle_within_bound;C3_regret_within_bound,True,SUCCESS,1157,
sim2,S2-157,10000,"{""K"": 216, ""sigma"": 0.01, ""rho"": 0.0, ""regime"": ""all_equal""}",panel,regret_mean,0.0,,0.0,0.0001,C1_honest_unbiased;C2_oracle_within_bound;C3_regret_within_bound,True,SUCCESS,1157,
sim2,S2-157,10000,"{""K"": 216, ""sigma"": 0.01, ""rho"": 0.0, ""regime"": ""all_equal""}",panel,p_select_best,1.0,,1.0,3.0,C1_honest_unbiased;C2_oracle_within_bound;C3_regret_within_bound,True,SUCCESS,1157,
sim2,S2-157,10000,"{""K"": 216, ""sigma"": 0.01, ""rho"": 0.0, ""regime"": ""all_equal""}",panel,reporting_bias_mean,5.123590132453637e-05,,9.917106378311787e-05,0.0002975131913493536,C1_honest_unbiased;C2_oracle_within_bound;C3_regret_within_bound,True,SUCCESS,1157,
sim2,S2-157,10000,"{""K"": 216, ""sigma"": 0.01, ""rho"": 0.0, ""regime"": ""all_equal""}",panel,winner_instability,0.9936,,0.9936,2.9808000000000003,C1_honest_unbiased;C2_oracle_within_bound;C3_regret_within_bound,True,SUCCESS,1157,
sim2,S2-157,10000,"{""K"": 216, ""sigma"": 0.01, ""rho"": 0.0, ""regime"": ""all_equal""}",panel,one_se_regret_mean,0.0,,,,C1_honest_unbiased;C2_oracle_within_bound;C3_regret_within_bound,True,SUCCESS,1157,
sim2,S2-157,10000,"{""K"": 216, ""sigma"": 0.01, ""rho"": 0.0, ""regime"": ""all_equal""}",panel,oracle_bound_ratio,0.8458345521534674,,0.8458345521534674,2.537503656460402,C1_honest_unbiased;C2_oracle_within_bound;C3_regret_within_bound,True,SUCCESS,1157,
sim2,S2-158,10000,"{""K"": 216, ""sigma"": 0.01, ""rho"": 0.0, ""regime"": ""best=0.002""}",panel,oracle_optimism_mean,0.025698999391668826,0.032788041745990766,3.931054904016513e-05,0.00011793164712049539,C1_honest_unbiased;C2_oracle_within_bound;C3_regret_within_bound,True,SUCCESS,1158,
sim2,S2-158,10000,"{""K"": 216, ""sigma"": 0.01, ""rho"": 0.0, ""regime"": ""best=0.002""}",panel,regret_mean,0.0019860000000000004,,1.6675365266784358e-06,0.0001,C1_honest_unbiased;C2_oracle_within_bound;C3_regret_within_bound,True,SUCCESS,1158,
sim2,S2-158,10000,"{""K"": 216, ""sigma"": 0.01, ""rho"": 0.0, ""regime"": ""best=0.002""}",panel,p_select_best,0.007,,0.007,0.021,C1_honest_unbiased;C2_oracle_within_bound;C3_regret_within_bound,True,SUCCESS,1158,
sim2,S2-158,10000,"{""K"": 216, ""sigma"": 0.01, ""rho"": 0.0, ""regime"": ""best=0.002""}",panel,reporting_bias_mean,2.3093933702595615e-05,,9.991176751070851e-05,0.0002997353025321255,C1_honest_unbiased;C2_oracle_within_bound;C3_regret_within_bound,True,SUCCESS,1158,
sim2,S2-158,10000,"{""K"": 216, ""sigma"": 0.01, ""rho"": 0.0, ""regime"": ""best=0.002""}",panel,winner_instability,0.993,,0.993,2.979,C1_honest_unbiased;C2_oracle_within_bound;C3_regret_within_bound,True,SUCCESS,1158,
sim2,S2-158,10000,"{""K"": 216, ""sigma"": 0.01, ""rho"": 0.0, ""regime"": ""best=0.002""}",panel,one_se_regret_mean,0.0018590000000000004,,,,C1_honest_unbiased;C2_oracle_within_bound;C3_regret_within_bound,True,SUCCESS,1158,
sim2,S2-158,10000,"{""K"": 216, ""sigma"": 0.01, ""rho"": 0.0, ""regime"": ""best=0.002""}",panel,oracle_bound_ratio,0.7837918345584403,,0.7837918345584403,2.351375503675321,C1_honest_unbiased;C2_oracle_within_bound;C3_regret_within_bound,True,SUCCESS,1158,
sim2,S2-159,10000,"{""K"": 216, ""sigma"": 0.01, ""rho"": 0.0, ""regime"": ""best=0.005""}",panel,oracle_optimism_mean,0.02280974028562012,0.032788041745990766,3.983198222745165e-05,0.00011949594668235494,C1_honest_unbiased;C2_oracle_within_bound;C3_regret_within_bound,True,SUCCESS,1159,
sim2,S2-159,10000,"{""K"": 216, ""sigma"": 0.01, ""rho"": 0.0, ""regime"": ""best=0.005""}",panel,regret_mean,0.0049245,,6.09784333755279e-06,0.0001,C1_honest_unbiased;C2_oracle_within_bound;C3_regret_within_bound,True,SUCCESS,1159,
sim2,S2-159,10000,"{""K"": 216, ""sigma"": 0.01, ""rho"": 0.0, ""regime"": ""best=0.005""}",panel,p_select_best,0.0151,,0.0151,0.0453,C1_honest_unbiased;C2_oracle_within_bound;C3_regret_within_bound,True,SUCCESS,1159,
sim2,S2-159,10000,"{""K"": 216, ""sigma"": 0.01, ""rho"": 0.0, ""regime"": ""best=0.005""}",panel,reporting_bias_mean,-5.557556199725633e-05,,0.00010042049896615183,0.0003012614968984555,C1_honest_unbiased;C2_oracle_within_bound;C3_regret_within_bound,True,SUCCESS,1159,
sim2,S2-159,10000,"{""K"": 216, ""sigma"": 0.01, ""rho"": 0.0, ""regime"": ""best=0.005""}",panel,winner_instability,0.9849,,0.9849,2.9547,C1_honest_unbiased;C2_oracle_within_bound;C3_regret_within_bound,True,SUCCESS,1159,
sim2,S2-159,10000,"{""K"": 216, ""sigma"": 0.01, ""rho"": 0.0, ""regime"": ""best=0.005""}",panel,one_se_regret_mean,0.004415,,,,C1_honest_unbiased;C2_oracle_within_bound;C3_regret_within_bound,True,SUCCESS,1159,
sim2,S2-159,10000,"{""K"": 216, ""sigma"": 0.01, ""rho"": 0.0, ""regime"": ""best=0.005""}",panel,oracle_bound_ratio,0.6956725400780982,,0.6956725400780982,2.0870176202342945,C1_honest_unbiased;C2_oracle_within_bound;C3_regret_within_bound,True,SUCCESS,1159,
sim2,S2-160,10000,"{""K"": 216, ""sigma"": 0.01, ""rho"": 0.0, ""regime"": ""best=0.02""}",panel,oracle_optimism_mean,0.009276908565449438,0.032788041745990766,4.851101541332027e-05,0.0001455330462399608,C1_honest_unbiased;C2_oracle_within_bound;C3_regret_within_bound,True,SUCCESS,1160,
sim2,S2-160,10000,"{""K"": 216, ""sigma"": 0.01, ""rho"": 0.0, ""regime"": ""best=0.02""}",panel,regret_mean,0.015290000000000003,,8.486642581741677e-05,0.0002545992774522503,C1_honest_unbiased;C2_oracle_within_bound;C3_regret_within_bound,True,SUCCESS,1160,
sim2,S2-160,10000,"{""K"": 216, ""sigma"": 0.01, ""rho"": 0.0, ""regime"": ""best=0.02""}",panel,p_select_best,0.2355,,0.2355,0.7064999999999999,C1_honest_unbiased;C2_oracle_within_bound;C3_regret_within_bound,True,SUCCESS,1160,
sim2,S2-160,10000,"{""K"": 216, ""sigma"": 0.01, ""rho"": 0.0, ""regime"": ""best=0.02""}",panel,reporting_bias_mean,-5.8623429849061846e-05,,0.00010132553918881656,0.00030397661756644966,C1_honest_unbiased;C2_oracle_within_bound;C3_regret_within_bound,True,SUCCESS,1160,
sim2,S2-160,10000,"{""K"": 216, ""sigma"": 0.01, ""rho"": 0.0, ""regime"": ""best=0.02""}",panel,winner_instability,0.7645,,0.7645,2.2935,C1_honest_unbiased;C2_oracle_within_bound;C3_regret_within_bound,True,SUCCESS,1160,
sim2,S2-160,10000,"{""K"": 216, ""sigma"": 0.01, ""rho"": 0.0, ""regime"": ""best=0.02""}",panel,one_se_regret_mean,0.008298,,,,C1_honest_unbiased;C2_oracle_within_bound;C3_regret_within_bound,True,SUCCESS,1160,
sim2,S2-160,10000,"{""K"": 216, ""sigma"": 0.01, ""rho"": 0.0, ""regime"": ""best=0.02""}",panel,oracle_bound_ratio,0.2829357311826588,,0.2829357311826588,0.8488071935479764,C1_honest_unbiased;C2_oracle_within_bound;C3_regret_within_bound,True,SUCCESS,1160,
sim2,S2-161,10000,"{""K"": 216, ""sigma"": 0.01, ""rho"": 0.5, ""regime"": ""all_equal""}",panel,oracle_optimism_mean,0.019529825244308414,0.032788041745990766,7.762181600515855e-05,0.00023286544801547564,C1_honest_unbiased;C2_oracle_within_bound;C3_regret_within_bound,True,SUCCESS,1161,
sim2,S2-161,10000,"{""K"": 216, ""sigma"": 0.01, ""rho"": 0.5, ""regime"": ""all_equal""}",panel,regret_mean,0.0,,0.0,0.0001,C1_honest_unbiased;C2_oracle_within_bound;C3_regret_within_bound,True,SUCCESS,1161,
sim2,S2-161,10000,"{""K"": 216, ""sigma"": 0.01, ""rho"": 0.5, ""regime"": ""all_equal""}",panel,p_select_best,1.0,,1.0,3.0,C1_honest_unbiased;C2_oracle_within_bound;C3_regret_within_bound,True,SUCCESS,1161,
sim2,S2-161,10000,"{""K"": 216, ""sigma"": 0.01, ""rho"": 0.5, ""regime"": ""all_equal""}",panel,reporting_bias_mean,-7.883231940811986e-05,,0.00010089854669824869,0.00030269564009474605,C1_honest_unbiased;C2_oracle_within_bound;C3_regret_within_bound,True,SUCCESS,1161,
sim2,S2-161,10000,"{""K"": 216, ""sigma"": 0.01, ""rho"": 0.5, ""regime"": ""all_equal""}",panel,winner_instability,0.9936,,0.9936,2.9808000000000003,C1_honest_unbiased;C2_oracle_within_bound;C3_regret_within_bound,True,SUCCESS,1161,
sim2,S2-161,10000,"{""K"": 216, ""sigma"": 0.01, ""rho"": 0.5, ""regime"": ""all_equal""}",panel,one_se_regret_mean,0.0,,,,C1_honest_unbiased;C2_oracle_within_bound;C3_regret_within_bound,True,SUCCESS,1161,
sim2,S2-161,10000,"{""K"": 216, ""sigma"": 0.01, ""rho"": 0.5, ""regime"": ""all_equal""}",panel,oracle_bound_ratio,0.5956386598384293,,0.5956386598384293,1.786915979515288,C1_honest_unbiased;C2_oracle_within_bound;C3_regret_within_bound,True,SUCCESS,1161,
sim2,S2-162,10000,"{""K"": 216, ""sigma"": 0.01, ""rho"": 0.5, ""regime"": ""best=0.002""}",panel,oracle_optimism_mean,0.017654245192919738,0.032788041745990766,7.597920080507953e-05,0.00022793760241523857,C1_honest_unbiased;C2_oracle_within_bound;C3_regret_within_bound,True,SUCCESS,1162,
sim2,S2-162,10000,"{""K"": 216, ""sigma"": 0.01, ""rho"": 0.5, ""regime"": ""best=0.002""}",panel,regret_mean,0.0019800000000000004,,1.9900743804199785e-06,0.0001,C1_honest_unbiased;C2_oracle_within_bound;C3_regret_within_bound,True,SUCCESS,1162,
sim2,S2-162,10000,"{""K"": 216, ""sigma"": 0.01, ""rho"": 0.5, ""regime"": ""best=0.002""}",panel,p_select_best,0.01,,0.01,0.03,C1_honest_unbiased;C2_oracle_within_bound;C3_regret_within_bound,True,SUCCESS,1162,
sim2,S2-162,10000,"{""K"": 216, ""sigma"": 0.01, ""rho"": 0.5, ""regime"": ""best=0.002""}",panel,reporting_bias_mean,6.6542551498948384e-06,,9.997216143884643e-05,0.0002999164843165393,C1_honest_unbiased;C2_oracle_within_bound;C3_regret_within_bound,True,SUCCESS,1162,
sim2,S2-162,10000,"{""K"": 216, ""sigma"": 0.01, ""rho"": 0.5, ""regime"": ""best=0.002""}",panel,winner_instability,0.99,,0.99,2.9699999999999998,C1_honest_unbiased;C2_oracle_within_bound;C3_regret_within_bound,True,SUCCESS,1162,
sim2,S2-162,10000,"{""K"": 216, ""sigma"": 0.01, ""rho"": 0.5, ""regime"": ""best=0.002""}",panel,one_se_regret_mean,0.0016778,,,,C1_honest_unbiased;C2_oracle_within_bound;C3_regret_within_bound,True,SUCCESS,1162,
sim2,S2-162,10000,"{""K"": 216, ""sigma"": 0.01, ""rho"": 0.5, ""regime"": ""best=0.002""}",panel,oracle_bound_ratio,0.5384354860130813,,0.5384354860130813,1.615306458039244,C1_honest_unbiased;C2_oracle_within_bound;C3_regret_within_bound,True,SUCCESS,1162,
sim2,S2-163,10000,"{""K"": 216, ""sigma"": 0.01, ""rho"": 0.5, ""regime"": ""best=0.005""}",panel,oracle_optimism_mean,0.014575200172936249,0.032788041745990766,7.653946978933625e-05,0.00022961840936800874,C1_honest_unbiased;C2_oracle_within_bound;C3_regret_within_bound,True,SUCCESS,1163,
sim2,S2-163,10000,"{""K"": 216, ""sigma"": 0.01, ""rho"": 0.5, ""regime"": ""best=0.005""}",panel,regret_mean,0.004864,,8.133696312352099e-06,0.0001,C1_honest_unbiased;C2_oracle_within_bound;C3_regret_within_bound,True,SUCCESS,1163,
sim2,S2-163,10000,"{""K"": 216, ""sigma"": 0.01, ""rho"": 0.5, ""regime"": ""best=0.005""}",panel,p_select_best,0.0272,,0.0272,0.08159999999999999,C1_honest_unbiased;C2_oracle_within_bound;C3_regret_within_bound,True,SUCCESS,1163,
sim2,S2-163,10000,"{""K"": 216, ""sigma"": 0.01, ""rho"": 0.5, ""regime"": ""best=0.005""}",panel,reporting_bias_mean,-0.00023571735487485848,,9.924723774829182e-05,0.00029774171324487545,C1_honest_unbiased;C2_oracle_within_bound;C3_regret_within_bound,True,SUCCESS,1163,
sim2,S2-163,10000,"{""K"": 216, ""sigma"": 0.01, ""rho"": 0.5, ""regime"": ""best=0.005""}",panel,winner_instability,0.9728,,0.9728,2.9184,C1_honest_unbiased;C2_oracle_within_bound;C3_regret_within_bound,True,SUCCESS,1163,
sim2,S2-163,10000,"{""K"": 216, ""sigma"": 0.01, ""rho"": 0.5, ""regime"": ""best=0.005""}",panel,one_se_regret_mean,0.0036335,,,,C1_honest_unbiased;C2_oracle_within_bound;C3_regret_within_bound,True,SUCCESS,1163,
sim2,S2-163,10000,"{""K"": 216, ""sigma"": 0.01, ""rho"": 0.5, ""regime"": ""best=0.005""}",panel,oracle_bound_ratio,0.4445279253287051,,0.4445279253287051,1.3335837759861153,C1_honest_unbiased;C2_oracle_within_bound;C3_regret_within_bound,True,SUCCESS,1163,
sim2,S2-164,10000,"{""K"": 216, ""sigma"": 0.01, ""rho"": 0.5, ""regime"": ""best=0.02""}",panel,oracle_optimism_mean,0.002802756556149699,0.032788041745990766,8.464456783190468e-05,0.000253933703495714,C1_honest_unbiased;C2_oracle_within_bound;C3_regret_within_bound,True,SUCCESS,1164,
sim2,S2-164,10000,"{""K"": 216, ""sigma"": 0.01, ""rho"": 0.5, ""regime"": ""best=0.02""}",panel,regret_mean,0.009678,,9.995314233712868e-05,0.000299859427011386,C1_honest_unbiased;C2_oracle_within_bound;C3_regret_within_bound,True,SUCCESS,1164,
sim2,S2-164,10000,"{""K"": 216, ""sigma"": 0.01, ""rho"": 0.5, ""regime"": ""best=0.02""}",panel,p_select_best,0.5161,,0.5161,1.5483,C1_honest_unbiased;C2_oracle_within_bound;C3_regret_within_bound,True,SUCCESS,1164,
sim2,S2-164,10000,"{""K"": 216, ""sigma"": 0.01, ""rho"": 0.5, ""regime"": ""best=0.02""}",panel,reporting_bias_mean,0.00012022543514731453,,9.854832710654769e-05,0.0002956449813196431,C1_honest_unbiased;C2_oracle_within_bound;C3_regret_within_bound,True,SUCCESS,1164,
sim2,S2-164,10000,"{""K"": 216, ""sigma"": 0.01, ""rho"": 0.5, ""regime"": ""best=0.02""}",panel,winner_instability,0.4839,,0.4839,1.4517,C1_honest_unbiased;C2_oracle_within_bound;C3_regret_within_bound,True,SUCCESS,1164,
sim2,S2-164,10000,"{""K"": 216, ""sigma"": 0.01, ""rho"": 0.5, ""regime"": ""best=0.02""}",panel,one_se_regret_mean,0.0018219999999999998,,,,C1_honest_unbiased;C2_oracle_within_bound;C3_regret_within_bound,True,SUCCESS,1164,
sim2,S2-164,10000,"{""K"": 216, ""sigma"": 0.01, ""rho"": 0.5, ""regime"": ""best=0.02""}",panel,oracle_bound_ratio,0.08548105976754201,,0.08548105976754201,0.25644317930262606,C1_honest_unbiased;C2_oracle_within_bound;C3_regret_within_bound,True,SUCCESS,1164,
sim2,S2-165,10000,"{""K"": 216, ""sigma"": 0.01, ""rho"": 0.9, ""regime"": ""all_equal""}",panel,oracle_optimism_mean,0.008680364405434448,0.032788041745990766,9.583456753006812e-05,0.0002875037025902044,C1_honest_unbiased;C2_oracle_within_bound;C3_regret_within_bound,True,SUCCESS,1165,
sim2,S2-165,10000,"{""K"": 216, ""sigma"": 0.01, ""rho"": 0.9, ""regime"": ""all_equal""}",panel,regret_mean,0.0,,0.0,0.0001,C1_honest_unbiased;C2_oracle_within_bound;C3_regret_within_bound,True,SUCCESS,1165,
sim2,S2-165,10000,"{""K"": 216, ""sigma"": 0.01, ""rho"": 0.9, ""regime"": ""all_equal""}",panel,p_select_best,1.0,,1.0,3.0,C1_honest_unbiased;C2_oracle_within_bound;C3_regret_within_bound,True,SUCCESS,1165,
sim2,S2-165,10000,"{""K"": 216, ""sigma"": 0.01, ""rho"": 0.9, ""regime"": ""all_equal""}",panel,reporting_bias_mean,-5.062295137079944e-05,,0.00010039578981364185,0.0003011873694409255,C1_honest_unbiased;C2_oracle_within_bound;C3_regret_within_bound,True,SUCCESS,1165,
sim2,S2-165,10000,"{""K"": 216, ""sigma"": 0.01, ""rho"": 0.9, ""regime"": ""all_equal""}",panel,winner_instability,0.9938,,0.9938,2.9814,C1_honest_unbiased;C2_oracle_within_bound;C3_regret_within_bound,True,SUCCESS,1165,
sim2,S2-165,10000,"{""K"": 216, ""sigma"": 0.01, ""rho"": 0.9, ""regime"": ""all_equal""}",panel,one_se_regret_mean,0.0,,,,C1_honest_unbiased;C2_oracle_within_bound;C3_regret_within_bound,True,SUCCESS,1165,
sim2,S2-165,10000,"{""K"": 216, ""sigma"": 0.01, ""rho"": 0.9, ""regime"": ""all_equal""}",panel,oracle_bound_ratio,0.2647417760621785,,0.2647417760621785,0.7942253281865356,C1_honest_unbiased;C2_oracle_within_bound;C3_regret_within_bound,True,SUCCESS,1165,
sim2,S2-166,10000,"{""K"": 216, ""sigma"": 0.01, ""rho"": 0.9, ""regime"": ""best=0.002""}",panel,oracle_optimism_mean,0.006623836392175611,0.032788041745990766,9.660886655918199e-05,0.000289826599677546,C1_honest_unbiased;C2_oracle_within_bound;C3_regret_within_bound,True,SUCCESS,1166,
sim2,S2-166,10000,"{""K"": 216, ""sigma"": 0.01, ""rho"": 0.9, ""regime"": ""best=0.002""}",panel,regret_mean,0.0019636000000000002,,2.6736153092549028e-06,0.0001,C1_honest_unbiased;C2_oracle_within_bound;C3_regret_within_bound,True,SUCCESS,1166,
sim2,S2-166,10000,"{""K"": 216, ""sigma"": 0.01, ""rho"": 0.9, ""regime"": ""best=0.002""}",panel,p_select_best,0.0182,,0.0182,0.0546,C1_honest_unbiased;C2_oracle_within_bound;C3_regret_within_bound,True,SUCCESS,1166,
sim2,S2-166,10000,"{""K"": 216, ""sigma"": 0.01, ""rho"": 0.9, ""regime"": ""best=0.002""}",panel,reporting_bias_mean,-0.00012771553873103069,,0.00010107724684270559,0.00030323174052811674,C1_honest_unbiased;C2_oracle_within_bound;C3_regret_within_bound,True,SUCCESS,1166,
sim2,S2-166,10000,"{""K"": 216, ""sigma"": 0.01, ""rho"": 0.9, ""regime"": ""best=0.002""}",panel,winner_instability,0.9818,,0.9818,2.9454000000000002,C1_honest_unbiased;C2_oracle_within_bound;C3_regret_within_bound,True,SUCCESS,1166,
sim2,S2-166,10000,"{""K"": 216, ""sigma"": 0.01, ""rho"": 0.9, ""regime"": ""best=0.002""}",panel,one_se_regret_mean,0.0003434,,,,C1_honest_unbiased;C2_oracle_within_bound;C3_regret_within_bound,True,SUCCESS,1166,
sim2,S2-166,10000,"{""K"": 216, ""sigma"": 0.01, ""rho"": 0.9, ""regime"": ""best=0.002""}",panel,oracle_bound_ratio,0.20201988406293145,,0.20201988406293145,0.6060596521887943,C1_honest_unbiased;C2_oracle_within_bound;C3_regret_within_bound,True,SUCCESS,1166,
sim2,S2-167,10000,"{""K"": 216, ""sigma"": 0.01, ""rho"": 0.9, ""regime"": ""best=0.005""}",panel,oracle_optimism_mean,0.003920085860322031,0.032788041745990766,9.638440398127708e-05,0.00028915321194383125,C1_honest_unbiased;C2_oracle_within_bound;C3_regret_within_bound,True,SUCCESS,1167,
sim2,S2-167,10000,"{""K"": 216, ""sigma"": 0.01, ""rho"": 0.9, ""regime"": ""best=0.005""}",panel,regret_mean,0.004337,,1.6957943778233215e-05,0.0001,C1_honest_unbiased;C2_oracle_within_bound;C3_regret_within_bound,True,SUCCESS,1167,
sim2,S2-167,10000,"{""K"": 216, ""sigma"": 0.01, ""rho"": 0.9, ""regime"": ""best=0.005""}",panel,p_select_best,0.1326,,0.1326,0.3978,C1_honest_unbiased;C2_oracle_within_bound;C3_regret_within_bound,True,SUCCESS,1167,
sim2,S2-167,10000,"{""K"": 216, ""sigma"": 0.01, ""rho"": 0.9, ""regime"": ""best=0.005""}",panel,reporting_bias_mean,-1.3736644631632677e-05,,0.00010089113220826382,0.00030267339662479143,C1_honest_unbiased;C2_oracle_within_bound;C3_regret_within_bound,True,SUCCESS,1167,
sim2,S2-167,10000,"{""K"": 216, ""sigma"": 0.01, ""rho"": 0.9, ""regime"": ""best=0.005""}",panel,winner_instability,0.8674,,0.8674,2.6022,C1_honest_unbiased;C2_oracle_within_bound;C3_regret_within_bound,True,SUCCESS,1167,
sim2,S2-167,10000,"{""K"": 216, ""sigma"": 0.01, ""rho"": 0.9, ""regime"": ""best=0.005""}",panel,one_se_regret_mean,0.0001665,,,,C1_honest_unbiased;C2_oracle_within_bound;C3_regret_within_bound,True,SUCCESS,1167,
sim2,S2-167,10000,"{""K"": 216, ""sigma"": 0.01, ""rho"": 0.9, ""regime"": ""best=0.005""}",panel,oracle_bound_ratio,0.1195584015261103,,0.1195584015261103,0.3586752045783309,C1_honest_unbiased;C2_oracle_within_bound;C3_regret_within_bound,True,SUCCESS,1167,
sim2,S2-168,10000,"{""K"": 216, ""sigma"": 0.01, ""rho"": 0.9, ""regime"": ""best=0.02""}",panel,oracle_optimism_mean,-4.112334558316889e-05,0.032788041745990766,0.00010004742225706892,0.0003001422667712068,C1_honest_unbiased;C2_oracle_within_bound;C3_regret_within_bound,True,SUCCESS,1168,
sim2,S2-168,10000,"{""K"": 216, ""sigma"": 0.01, ""rho"": 0.9, ""regime"": ""best=0.02""}",panel,regret_mean,1.3999999999999998e-05,,5.289914774344855e-06,0.0001,C1_honest_unbiased;C2_oracle_within_bound;C3_regret_within_bound,True,SUCCESS,1168,
sim2,S2-168,10000,"{""K"": 216, ""sigma"": 0.01, ""rho"": 0.9, ""regime"": ""best=0.02""}",panel,p_select_best,0.9993,,0.9993,2.9979,C1_honest_unbiased;C2_oracle_within_bound;C3_regret_within_bound,True,SUCCESS,1168,
sim2,S2-168,10000,"{""K"": 216, ""sigma"": 0.01, ""rho"": 0.9, ""regime"": ""best=0.02""}",panel,reporting_bias_mean,-4.281944999774147e-05,,0.00010005433802657676,0.00030016301407973027,C1_honest_unbiased;C2_oracle_within_bound;C3_regret_within_bound,True,SUCCESS,1168,
sim2,S2-168,10000,"{""K"": 216, ""sigma"": 0.01, ""rho"": 0.9, ""regime"": ""best=0.02""}",panel,winner_instability,0.0007000000000000339,,0.0007000000000000339,0.002100000000000102,C1_honest_unbiased;C2_oracle_within_bound;C3_regret_within_bound,True,SUCCESS,1168,
sim2,S2-168,10000,"{""K"": 216, ""sigma"": 0.01, ""rho"": 0.9, ""regime"": ""best=0.02""}",panel,one_se_regret_mean,0.0,,,,C1_honest_unbiased;C2_oracle_within_bound;C3_regret_within_bound,True,SUCCESS,1168,
sim2,S2-168,10000,"{""K"": 216, ""sigma"": 0.01, ""rho"": 0.9, ""regime"": ""best=0.02""}",panel,oracle_bound_ratio,-0.0012542177999452298,,-0.0012542177999452298,0.0001,C1_honest_unbiased;C2_oracle_within_bound;C3_regret_within_bound,True,SUCCESS,1168,
sim2,S2-169,10000,"{""K"": 216, ""sigma"": 0.03, ""rho"": 0.0, ""regime"": ""all_equal""}",panel,oracle_optimism_mean,0.0832921240686847,0.09836412523797229,0.00012044581448322062,0.00036133744344966185,C1_honest_unbiased;C2_oracle_within_bound;C3_regret_within_bound,True,SUCCESS,1169,
sim2,S2-169,10000,"{""K"": 216, ""sigma"": 0.03, ""rho"": 0.0, ""regime"": ""all_equal""}",panel,regret_mean,0.0,,0.0,0.0001,C1_honest_unbiased;C2_oracle_within_bound;C3_regret_within_bound,True,SUCCESS,1169,
sim2,S2-169,10000,"{""K"": 216, ""sigma"": 0.03, ""rho"": 0.0, ""regime"": ""all_equal""}",panel,p_select_best,1.0,,1.0,3.0,C1_honest_unbiased;C2_oracle_within_bound;C3_regret_within_bound,True,SUCCESS,1169,
sim2,S2-169,10000,"{""K"": 216, ""sigma"": 0.03, ""rho"": 0.0, ""regime"": ""all_equal""}",panel,reporting_bias_mean,-5.121795567480495e-05,,0.0003004934695826588,0.0009014804087479765,C1_honest_unbiased;C2_oracle_within_bound;C3_regret_within_bound,True,SUCCESS,1169,
sim2,S2-169,10000,"{""K"": 216, ""sigma"": 0.03, ""rho"": 0.0, ""regime"": ""all_equal""}",panel,winner_instability,0.9931,,0.9931,2.9793,C1_honest_unbiased;C2_oracle_within_bound;C3_regret_within_bound,True,SUCCESS,1169,
sim2,S2-169,10000,"{""K"": 216, ""sigma"": 0.03, ""rho"": 0.0, ""regime"": ""all_equal""}",panel,one_se_regret_mean,0.0,,,,C1_honest_unbiased;C2_oracle_within_bound;C3_regret_within_bound,True,SUCCESS,1169,
sim2,S2-169,10000,"{""K"": 216, ""sigma"": 0.03, ""rho"": 0.0, ""regime"": ""all_equal""}",panel,oracle_bound_ratio,0.8467733929130778,,0.8467733929130778,2.5403201787392335,C1_honest_unbiased;C2_oracle_within_bound;C3_regret_within_bound,True,SUCCESS,1169,
sim2,S2-170,10000,"{""K"": 216, ""sigma"": 0.03, ""rho"": 0.0, ""regime"": ""best=0.002""}",panel,oracle_optimism_mean,0.08107960420205959,0.09836412523797229,0.00011889255512865531,0.00035667766538596596,C1_honest_unbiased;C2_oracle_within_bound;C3_regret_within_bound,True,SUCCESS,1170,
sim2,S2-170,10000,"{""K"": 216, ""sigma"": 0.03, ""rho"": 0.0, ""regime"": ""best=0.002""}",panel,regret_mean,0.0019874000000000003,,1.5825215440693833e-06,0.0001,C1_honest_unbiased;C2_oracle_within_bound;C3_regret_within_bound,True,SUCCESS,1170,
sim2,S2-170,10000,"{""K"": 216, ""sigma"": 0.03, ""rho"": 0.0, ""regime"": ""best=0.002""}",panel,p_select_best,0.0063,,0.0063,0.0189,C1_honest_unbiased;C2_oracle_within_bound;C3_regret_within_bound,True,SUCCESS,1170,
sim2,S2-170,10000,"{""K"": 216, ""sigma"": 0.03, ""rho"": 0.0, ""regime"": ""best=0.002""}",panel,reporting_bias_mean,-0.0006108620306072053,,0.0002990436300619196,0.0008971308901857588,C1_honest_unbiased;C2_oracle_within_bound;C3_regret_within_bound,True,SUCCESS,1170,
sim2,S2-170,10000,"{""K"": 216, ""sigma"": 0.03, ""rho"": 0.0, ""regime"": ""best=0.002""}",panel,winner_instability,0.9927,,0.9927,2.9781,C1_honest_unbiased;C2_oracle_within_bound;C3_regret_within_bound,True,SUCCESS,1170,
sim2,S2-170,10000,"{""K"": 216, ""sigma"": 0.03, ""rho"": 0.0, ""regime"": ""best=0.002""}",panel,one_se_regret_mean,0.0018852000000000003,,,,C1_honest_unbiased;C2_oracle_within_bound;C3_regret_within_bound,True,SUCCESS,1170,
sim2,S2-170,10000,"{""K"": 216, ""sigma"": 0.03, ""rho"": 0.0, ""regime"": ""best=0.002""}",panel,oracle_bound_ratio,0.8242802343425891,,0.8242802343425891,2.4728407030277673,C1_honest_unbiased;C2_oracle_within_bound;C3_regret_within_bound,True,SUCCESS,1170,
sim2,S2-171,10000,"{""K"": 216, ""sigma"": 0.03, ""rho"": 0.0, ""regime"": ""best=0.005""}",panel,oracle_optimism_mean,0.07807739092614538,0.09836412523797229,0.00011952183023477035,0.00035856549070431104,C1_honest_unbiased;C2_oracle_within_bound;C3_regret_within_bound,True,SUCCESS,1171,
sim2,S2-171,10000,"{""K"": 216, ""sigma"": 0.03, ""rho"": 0.0, ""regime"": ""best=0.005""}",panel,regret_mean,0.004961,,4.398844732824558e-06,0.0001,C1_honest_unbiased;C2_oracle_within_bound;C3_regret_within_bound,True,SUCCESS,1171,
sim2,S2-171,10000,"{""K"": 216, ""sigma"": 0.03, ""rho"": 0.0, ""regime"": ""best=0.005""}",panel,p_select_best,0.0078,,0.0078,0.023399999999999997,C1_honest_unbiased;C2_oracle_within_bound;C3_regret_within_bound,True,SUCCESS,1171,
sim2,S2-171,10000,"{""K"": 216, ""sigma"": 0.03, ""rho"": 0.0, ""regime"": ""best=0.005""}",panel,reporting_bias_mean,-0.0005272281329444624,,0.0002989415835170947,0.0008968247505512842,C1_honest_unbiased;C2_oracle_within_bound;C3_regret_within_bound,True,SUCCESS,1171,
sim2,S2-171,10000,"{""K"": 216, ""sigma"": 0.03, ""rho"": 0.0, ""regime"": ""best=0.005""}",panel,winner_instability,0.9922,,0.9922,2.9766,C1_honest_unbiased;C2_oracle_within_bound;C3_regret_within_bound,True,SUCCESS,1171,
sim2,S2-171,10000,"{""K"": 216, ""sigma"": 0.03, ""rho"": 0.0, ""regime"": ""best=0.005""}",panel,one_se_regret_mean,0.004662,,,,C1_honest_unbiased;C2_oracle_within_bound;C3_regret_within_bound,True,SUCCESS,1171,
sim2,S2-171,10000,"{""K"": 216, ""sigma"": 0.03, ""rho"": 0.0, ""regime"": ""best=0.005""}",panel,oracle_bound_ratio,0.7937588092940671,,0.7937588092940671,2.3812764278822014,C1_honest_unbiased;C2_oracle_within_bound;C3_regret_within_bound,True,SUCCESS,1171,
sim2,S2-172,10000,"{""K"": 216, ""sigma"": 0.03, ""rho"": 0.0, ""regime"": ""best=0.02""}",panel,oracle_optimism_mean,0.06361774761493608,0.09836412523797229,0.00012059176369849465,0.0003617752910954839,C1_honest_unbiased;C2_oracle_within_bound;C3_regret_within_bound,True,SUCCESS,1172,
sim2,S2-172,10000,"{""K"": 216, ""sigma"": 0.03, ""rho"": 0.0, ""regime"": ""best=0.02""}",panel,regret_mean,0.019512,,3.085904775074578e-05,0.0001,C1_honest_unbiased;C2_oracle_within_bound;C3_regret_within_bound,True,SUCCESS,1172,
sim2,S2-172,10000,"{""K"": 216, ""sigma"": 0.03, ""rho"": 0.0, ""regime"": ""best=0.02""}",panel,p_select_best,0.0244,,0.0244,0.0732,C1_honest_unbiased;C2_oracle_within_bound;C3_regret_within_bound,True,SUCCESS,1172,
sim2,S2-172,10000,"{""K"": 216, ""sigma"": 0.03, ""rho"": 0.0, ""regime"": ""best=0.02""}",panel,reporting_bias_mean,-8.170165641722066e-05,,0.0003017909521453411,0.0009053728564360233,C1_honest_unbiased;C2_oracle_within_bound;C3_regret_within_bound,True,SUCCESS,1172,
sim2,S2-172,10000,"{""K"": 216, ""sigma"": 0.03, ""rho"": 0.0, ""regime"": ""best=0.02""}",panel,winner_instability,0.9756,,0.9756,2.9268,C1_honest_unbiased;C2_oracle_within_bound;C3_regret_within_bound,True,SUCCESS,1172,
sim2,S2-172,10000,"{""K"": 216, ""sigma"": 0.03, ""rho"": 0.0, ""regime"": ""best=0.02""}",panel,one_se_regret_mean,0.016915999999999997,,,,C1_honest_unbiased;C2_oracle_within_bound;C3_regret_within_bound,True,SUCCESS,1172,
sim2,S2-172,10000,"{""K"": 216, ""sigma"": 0.03, ""rho"": 0.0, ""regime"": ""best=0.02""}",panel,oracle_bound_ratio,0.6467576208401761,,0.6467576208401761,1.940272862520528,C1_honest_unbiased;C2_oracle_within_bound;C3_regret_within_bound,True,SUCCESS,1172,
sim2,S2-173,10000,"{""K"": 216, ""sigma"": 0.03, ""rho"": 0.5, ""regime"": ""all_equal""}",panel,oracle_optimism_mean,0.058604132731141796,0.09836412523797229,0.00022990450661135802,0.000689713519834074,C1_honest_unbiased;C2_oracle_within_bound;C3_regret_within_bound,True,SUCCESS,1173,
sim2,S2-173,10000,"{""K"": 216, ""sigma"": 0.03, ""rho"": 0.5, ""regime"": ""all_equal""}",panel,regret_mean,0.0,,0.0,0.0001,C1_honest_unbiased;C2_oracle_within_bound;C3_regret_within_bound,True,SUCCESS,1173,
sim2,S2-173,10000,"{""K"": 216, ""sigma"": 0.03, ""rho"": 0.5, ""regime"": ""all_equal""}",panel,p_select_best,1.0,,1.0,3.0,C1_honest_unbiased;C2_oracle_within_bound;C3_regret_within_bound,True,SUCCESS,1173,
sim2,S2-173,10000,"{""K"": 216, ""sigma"": 0.03, ""rho"": 0.5, ""regime"": ""all_equal""}",panel,reporting_bias_mean,-0.0005994424141551078,,0.000298496180869211,0.0008954885426076329,C1_honest_unbiased;C2_oracle_within_bound;C3_regret_within_bound,True,SUCCESS,1173,
sim2,S2-173,10000,"{""K"": 216, ""sigma"": 0.03, ""rho"": 0.5, ""regime"": ""all_equal""}",panel,winner_instability,0.9933,,0.9933,2.9798999999999998,C1_honest_unbiased;C2_oracle_within_bound;C3_regret_within_bound,True,SUCCESS,1173,
sim2,S2-173,10000,"{""K"": 216, ""sigma"": 0.03, ""rho"": 0.5, ""regime"": ""all_equal""}",panel,one_se_regret_mean,0.0,,,,C1_honest_unbiased;C2_oracle_within_bound;C3_regret_within_bound,True,SUCCESS,1173,
sim2,S2-173,10000,"{""K"": 216, ""sigma"": 0.03, ""rho"": 0.5, ""regime"": ""all_equal""}",panel,oracle_bound_ratio,0.5957876673976497,,0.5957876673976497,1.787363002192949,C1_honest_unbiased;C2_oracle_within_bound;C3_regret_within_bound,True,SUCCESS,1173,
sim2,S2-174,10000,"{""K"": 216, ""sigma"": 0.03, ""rho"": 0.5, ""regime"": ""best=0.002""}",panel,oracle_optimism_mean,0.05643018829803806,0.09836412523797229,0.00022508661872317238,0.0006752598561695171,C1_honest_unbiased;C2_oracle_within_bound;C3_regret_within_bound,True,SUCCESS,1174,
sim2,S2-174,10000,"{""K"": 216, ""sigma"": 0.03, ""rho"": 0.5, ""regime"": ""best=0.002""}",panel,regret_mean,0.0019890000000000003,,1.4792291275800338e-06,0.0001,C1_honest_unbiased;C2_oracle_within_bound;C3_regret_within_bound,True,SUCCESS,1174,
sim2,S2-174,10000,"{""K"": 216, ""sigma"": 0.03, ""rho"": 0.5, ""regime"": ""best=0.002""}",panel,p_select_best,0.0055,,0.0055,0.0165,C1_honest_unbiased;C2_oracle_within_bound;C3_regret_within_bound,True,SUCCESS,1174,
sim2,S2-174,10000,"{""K"": 216, ""sigma"": 0.03, ""rho"": 0.5, ""regime"": ""best=0.002""}",panel,reporting_bias_mean,-0.00018811558764990116,,0.00029599716591439213,0.0008879914977431764,C1_honest_unbiased;C2_oracle_within_bound;C3_regret_within_bound,True,SUCCESS,1174,
sim2,S2-174,10000,"{""K"": 216, ""sigma"": 0.03, ""rho"": 0.5, ""regime"": ""best=0.002""}",panel,winner_instability,0.9932,,0.9932,2.9796,C1_honest_unbiased;C2_oracle_within_bound;C3_regret_within_bound,True,SUCCESS,1174,
sim2,S2-174,10000,"{""K"": 216, ""sigma"": 0.03, ""rho"": 0.5, ""regime"": ""best=0.002""}",panel,one_se_regret_mean,0.0017516,,,,C1_honest_unbiased;C2_oracle_within_bound;C3_regret_within_bound,True,SUCCESS,1174,
sim2,S2-174,10000,"{""K"": 216, ""sigma"": 0.03, ""rho"": 0.5, ""regime"": ""best=0.002""}",panel,oracle_bound_ratio,0.5736866785681927,,0.5736866785681927,1.721060035704578,C1_honest_unbiased;C2_oracle_within_bound;C3_regret_within_bound,True,SUCCESS,1174,
sim2,S2-175,10000,"{""K"": 216, ""sigma"": 0.03, ""rho"": 0.5, ""regime"": ""best=0.005""}",panel,oracle_optimism_mean,0.05363025088855552,0.09836412523797229,0.00022701544935544324,0.0006810463480663297,C1_honest_unbiased;C2_oracle_within_bound;C3_regret_within_bound,True,SUCCESS,1175,
sim2,S2-175,10000,"{""K"": 216, ""sigma"": 0.03, ""rho"": 0.5, ""regime"": ""best=0.005""}",panel,regret_mean,0.0049605,,4.42672955955741e-06,0.0001,C1_honest_unbiased;C2_oracle_within_bound;C3_regret_within_bound,True,SUCCESS,1175,
sim2,S2-175,10000,"{""K"": 216, ""sigma"": 0.03, ""rho"": 0.5, ""regime"": ""best=0.005""}",panel,p_select_best,0.0079,,0.0079,0.023700000000000002,C1_honest_unbiased;C2_oracle_within_bound;C3_regret_within_bound,True,SUCCESS,1175,
sim2,S2-175,10000,"{""K"": 216, ""sigma"": 0.03, ""rho"": 0.5, ""regime"": ""best=0.005""}",panel,reporting_bias_mean,-0.00010805668151416481,,0.0002982883840733017,0.0008948651522199052,C1_honest_unbiased;C2_oracle_within_bound;C3_regret_within_bound,True,SUCCESS,1175,
sim2,S2-175,10000,"{""K"": 216, ""sigma"": 0.03, ""rho"": 0.5, ""regime"": ""best=0.005""}",panel,winner_instability,0.9921,,0.9921,2.9763,C1_honest_unbiased;C2_oracle_within_bound;C3_regret_within_bound,True,SUCCESS,1175,
sim2,S2-175,10000,"{""K"": 216, ""sigma"": 0.03, ""rho"": 0.5, ""regime"": ""best=0.005""}",panel,one_se_regret_mean,0.004234,,,,C1_honest_unbiased;C2_oracle_within_bound;C3_regret_within_bound,True,SUCCESS,1175,
sim2,S2-175,10000,"{""K"": 216, ""sigma"": 0.03, ""rho"": 0.5, ""regime"": ""best=0.005""}",panel,oracle_bound_ratio,0.545221652292519,,0.545221652292519,1.635664956877557,C1_honest_unbiased;C2_oracle_within_bound;C3_regret_within_bound,True,SUCCESS,1175,
sim2,S2-176,10000,"{""K"": 216, ""sigma"": 0.03, ""rho"": 0.5, ""regime"": ""best=0.02""}",panel,oracle_optimism_mean,0.039213457998956765,0.09836412523797229,0.00022916500998277568,0.000687495029948327,C1_honest_unbiased;C2_oracle_within_bound;C3_regret_within_bound,True,SUCCESS,1176,
sim2,S2-176,10000,"{""K"": 216, ""sigma"": 0.03, ""rho"": 0.5, ""regime"": ""best=0.02""}",panel,regret_mean,0.0191,,4.146289807999097e-05,0.00012438869423997293,C1_honest_unbiased;C2_oracle_within_bound;C3_regret_within_bound,True,SUCCESS,1176,
sim2,S2-176,10000,"{""K"": 216, ""sigma"": 0.03, ""rho"": 0.5, ""regime"": ""best=0.02""}",panel,p_select_best,0.045,,0.045,0.135,C1_honest_unbiased;C2_oracle_within_bound;C3_regret_within_bound,True,SUCCESS,1176,
sim2,S2-176,10000,"{""K"": 216, ""sigma"": 0.03, ""rho"": 0.5, ""regime"": ""best=0.02""}",panel,reporting_bias_mean,-2.7049961121683097e-05,,0.000299774676515811,0.0008993240295474329,C1_honest_unbiased;C2_oracle_within_bound;C3_regret_within_bound,True,SUCCESS,1176,
sim2,S2-176,10000,"{""K"": 216, ""sigma"": 0.03, ""rho"": 0.5, ""regime"": ""best=0.02""}",panel,winner_instability,0.955,,0.955,2.8649999999999998,C1_honest_unbiased;C2_oracle_within_bound;C3_regret_within_bound,True,SUCCESS,1176,
sim2,S2-176,10000,"{""K"": 216, ""sigma"": 0.03, ""rho"": 0.5, ""regime"": ""best=0.02""}",panel,one_se_regret_mean,0.013019999999999999,,,,C1_honest_unbiased;C2_oracle_within_bound;C3_regret_within_bound,True,SUCCESS,1176,
sim2,S2-176,10000,"{""K"": 216, ""sigma"": 0.03, ""rho"": 0.5, ""regime"": ""best=0.02""}",panel,oracle_bound_ratio,0.39865609442556077,,0.39865609442556077,1.1959682832766823,C1_honest_unbiased;C2_oracle_within_bound;C3_regret_within_bound,True,SUCCESS,1176,
sim2,S2-177,10000,"{""K"": 216, ""sigma"": 0.03, ""rho"": 0.9, ""regime"": ""all_equal""}",panel,oracle_optimism_mean,0.02593057936365698,0.09836412523797229,0.00028571369133212267,0.000857141073996368,C1_honest_unbiased;C2_oracle_within_bound;C3_regret_within_bound,True,SUCCESS,1177,
sim2,S2-177,10000,"{""K"": 216, ""sigma"": 0.03, ""rho"": 0.9, ""regime"": ""all_equal""}",panel,regret_mean,0.0,,0.0,0.0001,C1_honest_unbiased;C2_oracle_within_bound;C3_regret_within_bound,True,SUCCESS,1177,
sim2,S2-177,10000,"{""K"": 216, ""sigma"": 0.03, ""rho"": 0.9, ""regime"": ""all_equal""}",panel,p_select_best,1.0,,1.0,3.0,C1_honest_unbiased;C2_oracle_within_bound;C3_regret_within_bound,True,SUCCESS,1177,
sim2,S2-177,10000,"{""K"": 216, ""sigma"": 0.03, ""rho"": 0.9, ""regime"": ""all_equal""}",panel,reporting_bias_mean,-0.0002115380779066843,,0.0002975930511126743,0.0008927791533380228,C1_honest_unbiased;C2_oracle_within_bound;C3_regret_within_bound,True,SUCCESS,1177,
sim2,S2-177,10000,"{""K"": 216, ""sigma"": 0.03, ""rho"": 0.9, ""regime"": ""all_equal""}",panel,winner_instability,0.9935,,0.9935,2.9805,C1_honest_unbiased;C2_oracle_within_bound;C3_regret_within_bound,True,SUCCESS,1177,
sim2,S2-177,10000,"{""K"": 216, ""sigma"": 0.03, ""rho"": 0.9, ""regime"": ""all_equal""}",panel,one_se_regret_mean,0.0,,,,C1_honest_unbiased;C2_oracle_within_bound;C3_regret_within_bound,True,SUCCESS,1177,
sim2,S2-177,10000,"{""K"": 216, ""sigma"": 0.03, ""rho"": 0.9, ""regime"": ""all_equal""}",panel,oracle_bound_ratio,0.26361825819040363,,0.26361825819040363,0.7908547745712109,C1_honest_unbiased;C2_oracle_within_bound;C3_regret_within_bound,True,SUCCESS,1177,
sim2,S2-178,10000,"{""K"": 216, ""sigma"": 0.03, ""rho"": 0.9, ""regime"": ""best=0.002""}",panel,oracle_optimism_mean,0.024500916448561318,0.09836412523797229,0.0002895387206505511,0.0008686161619516533,C1_honest_unbiased;C2_oracle_within_bound;C3_regret_within_bound,True,SUCCESS,1178,
sim2,S2-178,10000,"{""K"": 216, ""sigma"": 0.03, ""rho"": 0.9, ""regime"": ""best=0.002""}",panel,regret_mean,0.0019834,,1.814600032328814e-06,0.0001,C1_honest_unbiased;C2_oracle_within_bound;C3_regret_within_bound,True,SUCCESS,1178,
sim2,S2-178,10000,"{""K"": 216, ""sigma"": 0.03, ""rho"": 0.9, ""regime"": ""best=0.002""}",panel,p_select_best,0.0083,,0.0083,0.0249,C1_honest_unbiased;C2_oracle_within_bound;C3_regret_within_bound,True,SUCCESS,1178,
sim2,S2-178,10000,"{""K"": 216, ""sigma"": 0.03, ""rho"": 0.9, ""regime"": ""best=0.002""}",panel,reporting_bias_mean,0.00028397392147285595,,0.00030417167781071624,0.0009125150334321488,C1_honest_unbiased;C2_oracle_within_bound;C3_regret_within_bound,True,SUCCESS,1178,
sim2,S2-178,10000,"{""K"": 216, ""sigma"": 0.03, ""rho"": 0.9, ""regime"": ""best=0.002""}",panel,winner_instability,0.9917,,0.9917,2.9751000000000003,C1_honest_unbiased;C2_oracle_within_bound;C3_regret_within_bound,True,SUCCESS,1178,
sim2,S2-178,10000,"{""K"": 216, ""sigma"": 0.03, ""rho"": 0.9, ""regime"": ""best=0.002""}",panel,one_se_regret_mean,0.0005811999999999999,,,,C1_honest_unbiased;C2_oracle_within_bound;C3_regret_within_bound,True,SUCCESS,1178,
sim2,S2-178,10000,"{""K"": 216, ""sigma"": 0.03, ""rho"": 0.9, ""regime"": ""best=0.002""}",panel,oracle_bound_ratio,0.24908386456227063,,0.24908386456227063,0.7472515936868119,C1_honest_unbiased;C2_oracle_within_bound;C3_regret_within_bound,True,SUCCESS,1178,
sim2,S2-179,10000,"{""K"": 216, ""sigma"": 0.03, ""rho"": 0.9, ""regime"": ""best=0.005""}",panel,oracle_optimism_mean,0.021190991305854466,0.09836412523797229,0.0002867986722777825,0.0008603960168333475,C1_honest_unbiased;C2_oracle_within_bound;C3_regret_within_bound,True,SUCCESS,1179,
sim2,S2-179,10000,"{""K"": 216, ""sigma"": 0.03, ""rho"": 0.9, ""regime"": ""best=0.005""}",panel,regret_mean,0.004914,,6.501125015152861e-06,0.0001,C1_honest_unbiased;C2_oracle_within_bound;C3_regret_within_bound,True,SUCCESS,1179,
sim2,S2-179,10000,"{""K"": 216, ""sigma"": 0.03, ""rho"": 0.9, ""regime"": ""best=0.005""}",panel,p_select_best,0.0172,,0.0172,0.0516,C1_honest_unbiased;C2_oracle_within_bound;C3_regret_within_bound,True,SUCCESS,1179,
sim2,S2-179,10000,"{""K"": 216, ""sigma"": 0.03, ""rho"": 0.9, ""regime"": ""best=0.005""}",panel,reporting_bias_mean,-4.852046277654497e-05,,0.0002982871478078366,0.0008948614434235098,C1_honest_unbiased;C2_oracle_within_bound;C3_regret_within_bound,True,SUCCESS,1179,
sim2,S2-179,10000,"{""K"": 216, ""sigma"": 0.03, ""rho"": 0.9, ""regime"": ""best=0.005""}",panel,winner_instability,0.9828,,0.9828,2.9484,C1_honest_unbiased;C2_oracle_within_bound;C3_regret_within_bound,True,SUCCESS,1179,
sim2,S2-179,10000,"{""K"": 216, ""sigma"": 0.03, ""rho"": 0.9, ""regime"": ""best=0.005""}",panel,one_se_regret_mean,0.0009995000000000002,,,,C1_honest_unbiased;C2_oracle_within_bound;C3_regret_within_bound,True,SUCCESS,1179,
sim2,S2-179,10000,"{""K"": 216, ""sigma"": 0.03, ""rho"": 0.9, ""regime"": ""best=0.005""}",panel,oracle_bound_ratio,0.21543414587978196,,0.21543414587978196,0.6463024376393459,C1_honest_unbiased;C2_oracle_within_bound;C3_regret_within_bound,True,SUCCESS,1179,
sim2,S2-180,10000,"{""K"": 216, ""sigma"": 0.03, ""rho"": 0.9, ""regime"": ""best=0.02""}",panel,oracle_optimism_mean,0.008228685922318213,0.09836412523797229,0.00028637884432776856,0.0008591365329833056,C1_honest_unbiased;C2_oracle_within_bound;C3_regret_within_bound,True,SUCCESS,1180,
sim2,S2-180,10000,"{""K"": 216, ""sigma"": 0.03, ""rho"": 0.9, ""regime"": ""best=0.02""}",panel,regret_mean,0.014560000000000002,,8.900242773775511e-05,0.0002670072832132653,C1_honest_unbiased;C2_oracle_within_bound;C3_regret_within_bound,True,SUCCESS,1180,
sim2,S2-180,10000,"{""K"": 216, ""sigma"": 0.03, ""rho"": 0.9, ""regime"": ""best=0.02""}",panel,p_select_best,0.272,,0.272,0.8160000000000001,C1_honest_unbiased;C2_oracle_within_bound;C3_regret_within_bound,True,SUCCESS,1180,
sim2,S2-180,10000,"{""K"": 216, ""sigma"": 0.03, ""rho"": 0.9, ""regime"": ""best=0.02""}",panel,reporting_bias_mean,0.00029280883850373013,,0.0002976291186619522,0.0008928873559858567,C1_honest_unbiased;C2_oracle_within_bound;C3_regret_within_bound,True,SUCCESS,1180,
sim2,S2-180,10000,"{""K"": 216, ""sigma"": 0.03, ""rho"": 0.9, ""regime"": ""best=0.02""}",panel,winner_instability,0.728,,0.728,2.184,C1_honest_unbiased;C2_oracle_within_bound;C3_regret_within_bound,True,SUCCESS,1180,
sim2,S2-180,10000,"{""K"": 216, ""sigma"": 0.03, ""rho"": 0.9, ""regime"": ""best=0.02""}",panel,one_se_regret_mean,0.000228,,,,C1_honest_unbiased;C2_oracle_within_bound;C3_regret_within_bound,True,SUCCESS,1180,
sim2,S2-180,10000,"{""K"": 216, ""sigma"": 0.03, ""rho"": 0.9, ""regime"": ""best=0.02""}",panel,oracle_bound_ratio,0.08365535608038556,,0.08365535608038556,0.2509660682411567,C1_honest_unbiased;C2_oracle_within_bound;C3_regret_within_bound,True,SUCCESS,1180,
sim2,S2-asym-sig0.005,10000,"{""K_A"": 72, ""K_B"": 8, ""sigma"": 0.005}",test_oracle,oracle_advantage_large_minus_small,0.00486313084789835,,,,C6_asymmetric_ge,True,SUCCESS,9900,
sim2,S2-asym-sig0.01,10000,"{""K_A"": 72, ""K_B"": 8, ""sigma"": 0.01}",test_oracle,oracle_advantage_large_minus_small,0.0097262616957967,,,,C6_asymmetric_ge,True,SUCCESS,9900,
sim2,S2-asym-sig0.03,10000,"{""K_A"": 72, ""K_B"": 8, ""sigma"": 0.03}",test_oracle,oracle_advantage_large_minus_small,0.029178785087390115,,,,C6_asymmetric_ge,True,SUCCESS,9900,
