arm,component,scenario_id,replicate,seed,d_active,M,K,marginal,tau,interaction_count,delta_eta,n_train,encoder,bucket_width,width_label,reference_log_gap,reference_brier_gap,production_log_gap,production_brier_gap,log_identity_error,brier_identity_error,prod_ref_log_abs_diff,prod_ref_brier_abs_diff,production_self_identity_error_log,production_self_identity_error_brier,fiber_count,stored_fiber_count,fiber_count_match,stored_representation_loss_log_mc,stored_representation_loss_brier_mc,stored_mcse_log,stored_mcse_brier,stored_abs_diff_log_mc,stored_abs_diff_brier_mc,stored_mc_tolerance_log,stored_mc_tolerance_brier,stored_mc_within_tolerance,recomputed_fiber_fingerprint,stored_fiber_fingerprint,fiber_fingerprint_match,tolerance,within_tolerance,injected_defect,status,notes
d3_frozen,1B,S1B-0001,1,149962001,3,5,4,uniform,0.5,0,0.0,500,label,,,0.0,0.0,0.0,0.0,0.0,0.0,0.0,0.0,0.0,0.0,64,64,1,0.0,0.0,0.0,0.0,0.0,0.0,1e-09,1e-09,1,e52264e34a54280ff741f7239005aed7,,,1e-10,1,none,SUCCESS,
d3_frozen,1B,S1B-0001,1,149962001,3,5,4,uniform,0.5,0,0.0,500,onehot,,,0.0,0.0,1.1102230246251565e-16,0.0,0.0,0.0,1.1102230246251565e-16,0.0,1.1102230246251565e-16,0.0,64,64,1,0.0,0.0,0.0,0.0,1.1102230246251565e-16,0.0,1e-09,1e-09,1,e52264e34a54280ff741f7239005aed7,,,1e-10,1,none,SUCCESS,
d3_frozen,1B,S1B-0001,1,149962001,3,5,4,uniform,0.5,0,0.0,500,count,,,0.0,0.0,0.0,0.0,0.0,0.0,0.0,0.0,0.0,0.0,64,64,1,0.0,0.0,0.0,0.0,0.0,0.0,1e-09,1e-09,1,e52264e34a54280ff741f7239005aed7,,,1e-10,1,none,SUCCESS,
d3_frozen,1B,S1B-0001,1,149962001,3,5,4,uniform,0.5,0,0.0,500,hash_column,10,B0,0.006973608785218244,0.0034581862126483176,0.006973608785218022,0.003458186212647374,2.688821387764051e-16,9.250412935646324e-16,2.220446049250313e-16,9.43689570931383e-16,3.8163916471489756e-17,8.673617379884035e-18,240,240,1,0.0069348691443941,0.0034391271172371,3.2595069673029846e-05,1.6122361017259638e-05,3.873964082392201e-05,1.9059095410273955e-05,0.00019557141803817907,9.673516610355783e-05,1,5b594384085afae80cb1cab187c36bd5,,,1e-10,1,none,SUCCESS,
d3_frozen,1B,S1B-0001,1,149962001,3,5,4,uniform,0.5,0,0.0,500,hash_column,20,B1,0.005572412597734888,0.0027602102902718195,0.005572412597735443,0.0027602102902707926,5.342948306008566e-16,1.0334615108131828e-15,5.551115123125783e-16,1.0269562977782698e-15,1.0408340855860843e-17,9.974659986866641e-18,363,363,1,0.0055632378059702,0.0027558848418,2.565659589951307e-05,1.2703451429136489e-05,9.17479176524346e-06,4.325448470792522e-06,0.0001539405753970784,7.622170857481894e-05,1,3d2825b7d92099ed8ceb9ba050d5d390,,,1e-10,1,none,SUCCESS,
d3_frozen,1B,S1B-0001,1,149962001,3,5,4,uniform,0.5,0,0.0,500,hash_column,40,B2,0.005385047963456513,0.002666857481180729,0.0053850479634584,0.002666857481180701,1.902124291408569e-15,4.423544863740858e-17,1.887379141862766e-15,2.7755575615628914e-17,8.673617379884035e-18,1.8214596497756474e-17,768,768,1,0.0053792637317245,0.0026642123010917,2.413749063608587e-05,1.1956077291937713e-05,5.7842317339002955e-06,2.6451800890009078e-06,0.00014482594381651521,7.173746375162627e-05,1,3cf89093468c271e1bf273e2d0b3e30c,,,1e-10,1,none,SUCCESS,
d3_frozen,1B,S1B-0001,1,149962001,3,5,4,uniform,0.5,0,0.0,500,hash_shared,10,B0,0.007375297660381919,0.0036584557527657435,0.0073752976603811415,0.0036584557527649664,8.023096076392733e-16,7.494005416219807e-16,7.771561172376096e-16,7.771561172376096e-16,2.7755575615628914e-17,1.9949319973733282e-17,56,56,1,0.0073385525000656,0.0036403644765589,4.045760120697973e-05,2.002161526586291e-05,3.674516031554158e-05,1.8091276206066292e-05,0.00024274660724187837,0.00012013069159517747,1,f3f5ad342e8943d339602bddd5233506,,,1e-10,1,none,SUCCESS,
d3_frozen,1B,S1B-0001,1,149962001,3,5,4,uniform,0.5,0,0.0,500,hash_shared,20,B1,0.007375297660381919,0.0036584557527657435,0.0073752976603811415,0.0036584557527649664,8.023096076392733e-16,7.494005416219807e-16,7.771561172376096e-16,7.771561172376096e-16,2.7755575615628914e-17,1.9949319973733282e-17,56,56,1,0.0073385525000656,0.0036403644765589,4.045760120697973e-05,2.002161526586291e-05,3.674516031554158e-05,1.8091276206066292e-05,0.00024274660724187837,0.00012013069159517747,1,f3f5ad342e8943d339602bddd5233506,,,1e-10,1,none,SUCCESS,
d3_frozen,1B,S1B-0001,1,149962001,3,5,4,uniform,0.5,0,0.0,500,hash_shared,40,B2,0.007375297660381919,0.0036584557527657435,0.0073752976603811415,0.0036584557527649664,8.023096076392733e-16,7.494005416219807e-16,7.771561172376096e-16,7.771561172376096e-16,2.7755575615628914e-17,1.9949319973733282e-17,56,56,1,0.0073385525000656,0.0036403644765589,4.045760120697973e-05,2.002161526586291e-05,3.674516031554158e-05,1.8091276206066292e-05,0.00024274660724187837,0.00012013069159517747,1,f3f5ad342e8943d339602bddd5233506,,,1e-10,1,none,SUCCESS,
d3_frozen,1B,S1B-0001,1,149962001,3,5,4,uniform,0.5,0,0.0,500,target,,,0.0,0.0,1.1102230246251565e-16,0.0,0.0,0.0,1.1102230246251565e-16,0.0,1.1102230246251565e-16,0.0,64,64,1,0.0,0.0,0.0,0.0,1.1102230246251565e-16,0.0,1e-09,1e-09,1,e52264e34a54280ff741f7239005aed7,,,1e-10,1,none,SUCCESS,
d3_frozen,1B,S1B-0001,1,149962001,3,5,4,uniform,0.5,0,0.0,500,woe,,,-2.220446049250313e-16,0.0,1.1102230246251565e-16,0.0,2.220446049250313e-16,0.0,3.3306690738754696e-16,0.0,1.1102230246251565e-16,0.0,48,48,1,0.0,0.0,0.0,0.0,1.1102230246251565e-16,0.0,1e-09,1e-09,1,12e755476bae0316aebed678835866b0,,,1e-10,1,none,SUCCESS,
d3_frozen,1B,S1B-0001,1,149962001,3,5,4,uniform,0.5,0,0.0,500,ordered_catboost_sim,,,0.0,0.0,1.1102230246251565e-16,0.0,0.0,0.0,1.1102230246251565e-16,0.0,1.1102230246251565e-16,0.0,64,64,1,0.0,0.0,0.0,0.0,1.1102230246251565e-16,0.0,1e-09,1e-09,1,e52264e34a54280ff741f7239005aed7,,,1e-10,1,none,SUCCESS,
d3_frozen,1B,S1B-0001,1,149962001,3,5,4,uniform,0.5,0,0.0,500,homals,,,0.0,0.0,0.0,0.0,0.0,0.0,0.0,0.0,0.0,0.0,64,64,1,0.0,0.0,0.0,0.0,0.0,0.0,1e-09,1e-09,1,e52264e34a54280ff741f7239005aed7,,,1e-10,1,none,SUCCESS,
d3_frozen,1B,S1B-0002,2,149962002,3,5,4,uniform,0.5,0,0.0,5000,label,,,0.0,0.0,0.0,0.0,0.0,0.0,0.0,0.0,0.0,0.0,64,64,1,0.0,0.0,0.0,0.0,0.0,0.0,1e-09,1e-09,1,e52264e34a54280ff741f7239005aed7,,,1e-10,1,none,SUCCESS,
d3_frozen,1B,S1B-0002,2,149962002,3,5,4,uniform,0.5,0,0.0,5000,onehot,,,0.0,0.0,0.0,0.0,0.0,0.0,0.0,0.0,0.0,0.0,64,64,1,0.0,0.0,0.0,0.0,0.0,0.0,1e-09,1e-09,1,e52264e34a54280ff741f7239005aed7,,,1e-10,1,none,SUCCESS,
d3_frozen,1B,S1B-0002,2,149962002,3,5,4,uniform,0.5,0,0.0,5000,count,,,0.0,0.0,-1.1102230246251565e-16,0.0,0.0,0.0,1.1102230246251565e-16,0.0,1.1102230246251565e-16,0.0,64,64,1,0.0,0.0,0.0,0.0,1.1102230246251565e-16,0.0,1e-09,1e-09,1,e52264e34a54280ff741f7239005aed7,,,1e-10,1,none,SUCCESS,
d3_frozen,1B,S1B-0002,2,149962002,3,5,4,uniform,0.5,0,0.0,5000,hash_column,10,B0,0.0075416801509109455,0.0036771163550391173,0.007541680150912278,0.003677116355040533,1.3322676295501878e-15,1.3916819086023935e-15,1.3322676295501878e-15,1.4155343563970746e-15,1.9949319973733282e-17,1.9949319973733282e-17,240,240,1,0.007581940077611,0.0036951726118196,4.518607881082847e-05,2.205022555983414e-05,4.0259926698722054e-05,1.8056256779066995e-05,0.00027111747286497084,0.00013230235335900484,1,5b594384085afae80cb1cab187c36bd5,,,1e-10,1,none,SUCCESS,
d3_frozen,1B,S1B-0002,2,149962002,3,5,4,uniform,0.5,0,0.0,5000,hash_column,20,B1,0.0015261735064263648,0.0007433490858108072,0.0015261735064279192,0.0007433490858124725,1.582067810090848e-15,1.6406147274050653e-15,1.5543122344752192e-15,1.6653345369377348e-15,2.168404344971009e-17,2.656295322589486e-17,363,363,1,0.0015227472323479,0.0007413044889757,9.782837316969756e-06,4.810682782201671e-06,3.4262740800192638e-06,2.0445968367724778e-06,5.869802390181854e-05,2.8865096693210024e-05,1,3d2825b7d92099ed8ceb9ba050d5d390,,,1e-10,1,none,SUCCESS,
d3_frozen,1B,S1B-0002,2,149962002,3,5,4,uniform,0.5,0,0.0,5000,hash_column,40,B2,6.905605028673101e-05,3.355962798570755e-05,6.905605028728612e-05,3.355962798723411e-05,5.568733408428672e-16,1.4961989980299961e-15,5.551115123125783e-16,1.5265566588595902e-15,1.9786689647860456e-18,3.048640983757678e-17,768,768,1,6.876100129682428e-05,3.3415859167967854e-05,3.2580456034451137e-07,1.6068688678596685e-07,2.9504899046184363e-07,1.437688192662545e-07,1.9558273620670684e-06,9.651213207158012e-07,1,3cf89093468c271e1bf273e2d0b3e30c,,,1e-10,1,none,SUCCESS,
d3_frozen,1B,S1B-0002,2,149962002,3,5,4,uniform,0.5,0,0.0,5000,hash_shared,10,B0,0.021556988178897174,0.010582644044503875,0.021556988178898617,0.010582644044505457,1.4918621893400541e-15,1.5838025335668249e-15,1.4432899320127035e-15,1.582067810090848e-15,2.42861286636753e-17,2.42861286636753e-17,56,56,1,0.0217181450991099,0.0106606466472589,0.0001119749848265,5.4655560161901975e-05,0.00016115692021128128,7.800260275344327e-05,0.000671850908959,0.0003279343609714119,1,f3f5ad342e8943d339602bddd5233506,,,1e-10,1,none,SUCCESS,
d3_frozen,1B,S1B-0002,2,149962002,3,5,4,uniform,0.5,0,0.0,5000,hash_shared,20,B1,0.021556988178897174,0.010582644044503875,0.02155698817889873,0.010582644044505457,1.4918621893400541e-15,1.5838025335668249e-15,1.5543122344752192e-15,1.582067810090848e-15,8.673617379884035e-17,2.42861286636753e-17,56,56,1,0.0217181450991099,0.0106606466472589,0.0001119749848265,5.4655560161901975e-05,0.00016115692021117026,7.800260275344327e-05,0.000671850908959,0.0003279343609714119,1,f3f5ad342e8943d339602bddd5233506,,,1e-10,1,none,SUCCESS,
d3_frozen,1B,S1B-0002,2,149962002,3,5,4,uniform,0.5,0,0.0,5000,hash_shared,40,B2,0.021556988178897174,0.010582644044503875,0.02155698817889873,0.010582644044505457,1.4918621893400541e-15,1.5838025335668249e-15,1.5543122344752192e-15,1.582067810090848e-15,8.673617379884035e-17,2.42861286636753e-17,56,56,1,0.0217181450991099,0.0106606466472589,0.0001119749848265,5.4655560161901975e-05,0.00016115692021117026,7.800260275344327e-05,0.000671850908959,0.0003279343609714119,1,f3f5ad342e8943d339602bddd5233506,,,1e-10,1,none,SUCCESS,
d3_frozen,1B,S1B-0002,2,149962002,3,5,4,uniform,0.5,0,0.0,5000,target,,,0.0,0.0,0.0,0.0,0.0,0.0,0.0,0.0,0.0,0.0,64,64,1,0.0,0.0,0.0,0.0,0.0,0.0,1e-09,1e-09,1,e52264e34a54280ff741f7239005aed7,,,1e-10,1,none,SUCCESS,
d3_frozen,1B,S1B-0002,2,149962002,3,5,4,uniform,0.5,0,0.0,5000,woe,,,0.0,0.0,0.0,0.0,0.0,0.0,0.0,0.0,0.0,0.0,64,64,1,0.0,0.0,0.0,0.0,0.0,0.0,1e-09,1e-09,1,e52264e34a54280ff741f7239005aed7,,,1e-10,1,none,SUCCESS,
d3_frozen,1B,S1B-0002,2,149962002,3,5,4,uniform,0.5,0,0.0,5000,ordered_catboost_sim,,,0.0,0.0,0.0,0.0,0.0,0.0,0.0,0.0,0.0,0.0,64,64,1,0.0,0.0,0.0,0.0,0.0,0.0,1e-09,1e-09,1,e52264e34a54280ff741f7239005aed7,,,1e-10,1,none,SUCCESS,
d3_frozen,1B,S1B-0002,2,149962002,3,5,4,uniform,0.5,0,0.0,5000,homals,,,0.0,0.0,-1.1102230246251565e-16,0.0,0.0,0.0,1.1102230246251565e-16,0.0,1.1102230246251565e-16,0.0,64,64,1,0.0,0.0,0.0,0.0,1.1102230246251565e-16,0.0,1e-09,1e-09,1,e52264e34a54280ff741f7239005aed7,,,1e-10,1,none,SUCCESS,
d3_frozen,1B,S1B-0003,3,149962003,3,5,4,uniform,0.5,0,0.1,500,label,,,0.0,0.0,0.0,0.0,0.0,0.0,0.0,0.0,0.0,0.0,64,64,1,0.0,0.0,0.0,0.0,0.0,0.0,1e-09,1e-09,1,e52264e34a54280ff741f7239005aed7,,,1e-10,1,none,SUCCESS,
d3_frozen,1B,S1B-0003,3,149962003,3,5,4,uniform,0.5,0,0.1,500,onehot,,,0.0,0.0,0.0,0.0,0.0,0.0,0.0,0.0,0.0,0.0,64,64,1,0.0,0.0,0.0,0.0,0.0,0.0,1e-09,1e-09,1,e52264e34a54280ff741f7239005aed7,,,1e-10,1,none,SUCCESS,
d3_frozen,1B,S1B-0003,3,149962003,3,5,4,uniform,0.5,0,0.1,500,count,,,0.00012180594687638546,5.8656040092308626e-05,0.00012180594687638546,5.865604009233638e-05,8.223673478302551e-17,2.5776906650842868e-17,0.0,2.7755575615628914e-17,8.223673478302551e-17,1.9651164376299768e-18,48,48,1,0.0001221037185777,5.8804786904231854e-05,5.525098987356711e-07,2.671119706996836e-07,2.9777170131454534e-07,1.4874681189547267e-07,3.3160593924140267e-06,1.6036718241981016e-06,1,b9544f108892ce67a15f5a11dcaf3362,,,1e-10,1,none,SUCCESS,
d3_frozen,1B,S1B-0003,3,149962003,3,5,4,uniform,0.5,0,0.1,500,hash_column,10,B0,0.007180648706868409,0.003475205862013442,0.007180648706865744,0.0034752058620124704,2.7391283685673784e-15,9.697104230710352e-16,2.6645352591003757e-15,9.71445146547012e-16,9.454242944073599e-17,8.673617379884035e-18,240,240,1,0.0072178769063987,0.0034929926950125,4.47293037436391e-05,2.1679774249733317e-05,3.7228199532955523e-05,1.7786833000029735e-05,0.0002683768224618346,0.0001300796454983999,1,5b594384085afae80cb1cab187c36bd5,,,1e-10,1,none,SUCCESS,
d3_frozen,1B,S1B-0003,3,149962003,3,5,4,uniform,0.5,0,0.1,500,hash_column,20,B1,0.004501176710778876,0.002177476805898082,0.004501176710775434,0.002177476805896972,3.420007332888275e-15,1.1249681741709594e-15,3.4416913763379853e-15,1.1102230246251565e-15,2.7755575615628914e-17,1.1275702593849246e-17,363,363,1,0.0045354526743556,0.0021945450168692,4.054428995606919e-05,1.971986076627143e-05,3.427596358016559e-05,1.706821097222826e-05,0.00024326673973641512,0.00011832016459762858,1,3d2825b7d92099ed8ceb9ba050d5d390,,,1e-10,1,none,SUCCESS,
d3_frozen,1B,S1B-0003,3,149962003,3,5,4,uniform,0.5,0,0.1,500,hash_column,40,B2,0.0003356275850523449,0.00016092373224635415,0.00033562758505045753,0.0001609237322456325,1.913942095088661e-15,7.335711899036923e-16,1.887379141862766e-15,7.216449660063518e-16,2.5587171270657905e-17,1.1817803680091998e-17,768,768,1,0.0003358279388488,0.0001610086728946,1.5399998172670332e-06,7.448422701235143e-07,2.0035379834246149e-07,8.494064896751225e-08,9.2409989036022e-06,4.470053620741086e-06,1,3cf89093468c271e1bf273e2d0b3e30c,,,1e-10,1,none,SUCCESS,
d3_frozen,1B,S1B-0003,3,149962003,3,5,4,uniform,0.5,0,0.1,500,hash_shared,10,B0,0.016264554535705522,0.007920084461933541,0.016264554535702302,0.007920084461932542,3.230055112268815e-15,9.870576578308032e-16,3.219646771412954e-15,9.992007221626409e-16,2.0816681711721685e-17,1.734723475976807e-18,56,56,1,0.0163637671755111,0.0079667746768085,9.268762464084683e-05,4.5031750736439096e-05,9.921263980879752e-05,4.669021487595758e-05,0.000556126747845081,0.0002701915044186346,1,f3f5ad342e8943d339602bddd5233506,,,1e-10,1,none,SUCCESS,
d3_frozen,1B,S1B-0003,3,149962003,3,5,4,uniform,0.5,0,0.1,500,hash_shared,20,B1,0.016264554535705522,0.007920084461933541,0.016264554535702302,0.007920084461932542,3.230055112268815e-15,9.870576578308032e-16,3.219646771412954e-15,9.992007221626409e-16,2.0816681711721685e-17,1.734723475976807e-18,56,56,1,0.0163637671755111,0.0079667746768085,9.268762464084683e-05,4.5031750736439096e-05,9.921263980879752e-05,4.669021487595758e-05,0.000556126747845081,0.0002701915044186346,1,f3f5ad342e8943d339602bddd5233506,,,1e-10,1,none,SUCCESS,
d3_frozen,1B,S1B-0003,3,149962003,3,5,4,uniform,0.5,0,0.1,500,hash_shared,40,B2,0.016264554535705522,0.007920084461933541,0.016264554535702302,0.007920084461932542,3.230055112268815e-15,9.870576578308032e-16,3.219646771412954e-15,9.992007221626409e-16,2.0816681711721685e-17,1.734723475976807e-18,56,56,1,0.0163637671755111,0.0079667746768085,9.268762464084683e-05,4.5031750736439096e-05,9.921263980879752e-05,4.669021487595758e-05,0.000556126747845081,0.0002701915044186346,1,f3f5ad342e8943d339602bddd5233506,,,1e-10,1,none,SUCCESS,
d3_frozen,1B,S1B-0003,3,149962003,3,5,4,uniform,0.5,0,0.1,500,target,,,0.0,0.0,0.0,0.0,0.0,0.0,0.0,0.0,0.0,0.0,64,64,1,0.0,0.0,0.0,0.0,0.0,0.0,1e-09,1e-09,1,e52264e34a54280ff741f7239005aed7,,,1e-10,1,none,SUCCESS,
d3_frozen,1B,S1B-0003,3,149962003,3,5,4,uniform,0.5,0,0.1,500,woe,,,0.0,0.0,0.0,0.0,0.0,0.0,0.0,0.0,0.0,0.0,64,64,1,0.0,0.0,0.0,0.0,0.0,0.0,1e-09,1e-09,1,e52264e34a54280ff741f7239005aed7,,,1e-10,1,none,SUCCESS,
d3_frozen,1B,S1B-0003,3,149962003,3,5,4,uniform,0.5,0,0.1,500,ordered_catboost_sim,,,0.0,0.0,0.0,0.0,0.0,0.0,0.0,0.0,0.0,0.0,64,64,1,0.0,0.0,0.0,0.0,0.0,0.0,1e-09,1e-09,1,e52264e34a54280ff741f7239005aed7,,,1e-10,1,none,SUCCESS,
d3_frozen,1B,S1B-0003,3,149962003,3,5,4,uniform,0.5,0,0.1,500,homals,,,0.0,0.0,0.0,0.0,0.0,0.0,0.0,0.0,0.0,0.0,64,64,1,0.0,0.0,0.0,0.0,0.0,0.0,1e-09,1e-09,1,e52264e34a54280ff741f7239005aed7,,,1e-10,1,none,SUCCESS,
d3_frozen,1B,S1B-0004,4,149962004,3,5,4,uniform,0.5,0,0.1,5000,label,,,0.0,0.0,0.0,0.0,0.0,0.0,0.0,0.0,0.0,0.0,64,64,1,0.0,0.0,0.0,0.0,0.0,0.0,1e-09,1e-09,1,e52264e34a54280ff741f7239005aed7,,,1e-10,1,none,SUCCESS,
d3_frozen,1B,S1B-0004,4,149962004,3,5,4,uniform,0.5,0,0.1,5000,onehot,,,0.0,0.0,1.1102230246251565e-16,0.0,0.0,0.0,1.1102230246251565e-16,0.0,1.1102230246251565e-16,0.0,64,64,1,0.0,0.0,0.0,0.0,1.1102230246251565e-16,0.0,1e-09,1e-09,1,e52264e34a54280ff741f7239005aed7,,,1e-10,1,none,SUCCESS,
d3_frozen,1B,S1B-0004,4,149962004,3,5,4,uniform,0.5,0,0.1,5000,count,,,0.0,0.0,0.0,5.551115123125783e-17,0.0,0.0,0.0,5.551115123125783e-17,0.0,5.551115123125783e-17,64,64,1,0.0,0.0,0.0,0.0,0.0,5.551115123125783e-17,1e-09,1e-09,1,e52264e34a54280ff741f7239005aed7,,,1e-10,1,none,SUCCESS,
d3_frozen,1B,S1B-0004,4,149962004,3,5,4,uniform,0.5,0,0.1,5000,hash_column,10,B0,0.010371341377169108,0.005067599490978264,0.010371341377166665,0.005067599490978153,2.3314683517128287e-15,1.1796119636642288e-16,2.4424906541753444e-15,1.1102230246251565e-16,8.673617379884035e-17,2.168404344971009e-17,240,240,1,0.010393437303987,0.005077745160409,4.811979803156299e-05,2.350144203886124e-05,2.209592682033551e-05,1.014566943084716e-05,0.00028871978818937797,0.00014100965223316745,1,5b594384085afae80cb1cab187c36bd5,,,1e-10,1,none,SUCCESS,
d3_frozen,1B,S1B-0004,4,149962004,3,5,4,uniform,0.5,0,0.1,5000,hash_column,20,B1,0.008551118208095065,0.004174592184886861,0.008551118208094288,0.004174592184886999,7.546047120499111e-16,1.0061396160665481e-16,7.771561172376096e-16,1.3877787807814457e-16,3.8163916471489756e-17,4.85722573273506e-17,363,363,1,0.0085827927574015,0.0041891298614642,4.195567191819224e-05,2.0467210779391512e-05,3.167454930721146e-05,1.4537676577200745e-05,0.00025173503150915347,0.00012280426467634907,1,3d2825b7d92099ed8ceb9ba050d5d390,,,1e-10,1,none,SUCCESS,
d3_frozen,1B,S1B-0004,4,149962004,3,5,4,uniform,0.5,0,0.1,5000,hash_column,40,B2,0.007546905350130695,0.003682323769782947,0.007546905350130917,0.0036823237697830302,3.41740524767431e-16,3.2959746043559335e-17,2.220446049250313e-16,8.326672684688674e-17,1.0928757898653885e-16,2.5153490401663703e-17,768,768,1,0.0075715701151635,0.0036935631550208,3.400428552779017e-05,1.6581112288694123e-05,2.4664765032583053e-05,1.1239385237769763e-05,0.000204026713166741,9.948767373216473e-05,1,3cf89093468c271e1bf273e2d0b3e30c,,,1e-10,1,none,SUCCESS,
d3_frozen,1B,S1B-0004,4,149962004,3,5,4,uniform,0.5,0,0.1,5000,hash_shared,10,B0,0.013517891742783505,0.006624586570055158,0.013517891742780952,0.0066245865700549356,2.5118795932144167e-15,2.480654570646834e-16,2.55351295663786e-15,2.220446049250313e-16,3.122502256758253e-17,2.7755575615628914e-17,56,56,1,0.0136325332322055,0.0066809026322874,7.773066692962286e-05,3.800811526138916e-05,0.00011464148942454816,5.631606223246467e-05,0.00046638500157773717,0.00022804969156833493,1,f3f5ad342e8943d339602bddd5233506,,,1e-10,1,none,SUCCESS,
d3_frozen,1B,S1B-0004,4,149962004,3,5,4,uniform,0.5,0,0.1,5000,hash_shared,20,B1,0.013517891742783505,0.006624586570055158,0.013517891742780952,0.0066245865700549356,2.5118795932144167e-15,2.480654570646834e-16,2.55351295663786e-15,2.220446049250313e-16,3.122502256758253e-17,2.7755575615628914e-17,56,56,1,0.0136325332322055,0.0066809026322874,7.773066692962286e-05,3.800811526138916e-05,0.00011464148942454816,5.631606223246467e-05,0.00046638500157773717,0.00022804969156833493,1,f3f5ad342e8943d339602bddd5233506,,,1e-10,1,none,SUCCESS,
d3_frozen,1B,S1B-0004,4,149962004,3,5,4,uniform,0.5,0,0.1,5000,hash_shared,40,B2,0.013517891742783505,0.006624586570055158,0.013517891742780952,0.0066245865700549356,2.5118795932144167e-15,2.480654570646834e-16,2.55351295663786e-15,2.220446049250313e-16,3.122502256758253e-17,2.7755575615628914e-17,56,56,1,0.0136325332322055,0.0066809026322874,7.773066692962286e-05,3.800811526138916e-05,0.00011464148942454816,5.631606223246467e-05,0.00046638500157773717,0.00022804969156833493,1,f3f5ad342e8943d339602bddd5233506,,,1e-10,1,none,SUCCESS,
d3_frozen,1B,S1B-0004,4,149962004,3,5,4,uniform,0.5,0,0.1,5000,target,,,0.0,0.0,0.0,2.7755575615628914e-17,0.0,0.0,0.0,2.7755575615628914e-17,0.0,2.7755575615628914e-17,64,64,1,0.0,0.0,0.0,0.0,0.0,2.7755575615628914e-17,1e-09,1e-09,1,e52264e34a54280ff741f7239005aed7,,,1e-10,1,none,SUCCESS,
d3_frozen,1B,S1B-0004,4,149962004,3,5,4,uniform,0.5,0,0.1,5000,woe,,,0.0,0.0,0.0,2.7755575615628914e-17,0.0,0.0,0.0,2.7755575615628914e-17,0.0,2.7755575615628914e-17,64,64,1,0.0,0.0,0.0,0.0,0.0,2.7755575615628914e-17,1e-09,1e-09,1,e52264e34a54280ff741f7239005aed7,,,1e-10,1,none,SUCCESS,
d3_frozen,1B,S1B-0004,4,149962004,3,5,4,uniform,0.5,0,0.1,5000,ordered_catboost_sim,,,0.0,0.0,0.0,2.7755575615628914e-17,0.0,0.0,0.0,2.7755575615628914e-17,0.0,2.7755575615628914e-17,64,64,1,0.0,0.0,0.0,0.0,0.0,2.7755575615628914e-17,1e-09,1e-09,1,e52264e34a54280ff741f7239005aed7,,,1e-10,1,none,SUCCESS,
d3_frozen,1B,S1B-0004,4,149962004,3,5,4,uniform,0.5,0,0.1,5000,homals,,,0.0,0.0,0.0,2.7755575615628914e-17,0.0,0.0,0.0,2.7755575615628914e-17,0.0,2.7755575615628914e-17,64,64,1,0.0,0.0,0.0,0.0,0.0,2.7755575615628914e-17,1e-09,1e-09,1,e52264e34a54280ff741f7239005aed7,,,1e-10,1,none,SUCCESS,
d3_frozen,1B,S1B-0005,5,149962005,3,5,4,uniform,0.5,0,0.3,500,label,,,0.0,0.0,0.0,0.0,0.0,0.0,0.0,0.0,0.0,0.0,64,64,1,0.0,0.0,0.0,0.0,0.0,0.0,1e-09,1e-09,1,e52264e34a54280ff741f7239005aed7,,,1e-10,1,none,SUCCESS,
d3_frozen,1B,S1B-0005,5,149962005,3,5,4,uniform,0.5,0,0.3,500,onehot,,,0.0,0.0,0.0,0.0,0.0,0.0,0.0,0.0,0.0,0.0,64,64,1,0.0,0.0,0.0,0.0,0.0,0.0,1e-09,1e-09,1,e52264e34a54280ff741f7239005aed7,,,1e-10,1,none,SUCCESS,
d3_frozen,1B,S1B-0005,5,149962005,3,5,4,uniform,0.5,0,0.3,500,count,,,0.0,0.0,0.0,0.0,0.0,0.0,0.0,0.0,0.0,0.0,64,64,1,0.0,0.0,0.0,0.0,0.0,0.0,1e-09,1e-09,1,e52264e34a54280ff741f7239005aed7,,,1e-10,1,none,SUCCESS,
d3_frozen,1B,S1B-0005,5,149962005,3,5,4,uniform,0.5,0,0.3,500,hash_column,10,B0,0.015693336006460168,0.007203796513210264,0.015693336006460834,0.007203796513211375,5.377642775528102e-16,1.1267028976469362e-15,6.661338147750939e-16,1.1102230246251565e-15,1.1102230246251565e-16,3.469446951953614e-18,240,240,1,0.0157861053130627,0.0072503891295211,9.813564364723312e-05,4.6558756075691134e-05,9.276930660186491e-05,4.659261630972529e-05,0.0005888148618833987,0.0002793535364541468,1,5b594384085afae80cb1cab187c36bd5,,,1e-10,1,none,SUCCESS,
d3_frozen,1B,S1B-0005,5,149962005,3,5,4,uniform,0.5,0,0.3,500,hash_column,20,B1,0.0141834201421559,0.00652622743653597,0.014183420142156344,0.006526227436536858,4.666406150377611e-16,8.968520370800093e-16,4.440892098500626e-16,8.881784197001252e-16,1.3877787807814457e-17,1.0408340855860843e-17,363,363,1,0.0142757574205559,0.0065731532246149,9.590541992653724e-05,4.541460360362739e-05,9.233727839955477e-05,4.6925788078041805e-05,0.0005754335195592234,0.00027248862162176435,1,3d2825b7d92099ed8ceb9ba050d5d390,,,1e-10,1,none,SUCCESS,
d3_frozen,1B,S1B-0005,5,149962005,3,5,4,uniform,0.5,0,0.3,500,hash_column,40,B2,0.0002251855716812745,9.887798725091712e-05,0.0002251855716822737,9.887798725169428e-05,9.11163505756818e-16,7.573558750625931e-16,9.992007221626409e-16,7.771561172376096e-16,8.779327091701372e-17,1.951563910473908e-17,768,768,1,0.0002253935185264,9.896081808039026e-05,1.0319092139498112e-06,4.541831592884563e-07,2.0794684412627678e-07,8.283082869597891e-08,6.192455283698867e-06,2.726098955730738e-06,1,3cf89093468c271e1bf273e2d0b3e30c,,,1e-10,1,none,SUCCESS,
d3_frozen,1B,S1B-0005,5,149962005,3,5,4,uniform,0.5,0,0.3,500,hash_shared,10,B0,0.050620284303865004,0.024174922389003622,0.05062028430386545,0.024174922389004982,3.191891195797325e-16,1.3357370765021415e-15,4.440892098500626e-16,1.3600232051658168e-15,8.326672684688674e-17,6.938893903907228e-18,56,56,1,0.0505844593957268,0.024154830880072,0.000256096606042,0.0001221143019298,3.582490813865136e-05,2.009150893298242e-05,0.001536580636252,0.0007326868115788,1,f3f5ad342e8943d339602bddd5233506,,,1e-10,1,none,SUCCESS,
d3_frozen,1B,S1B-0005,5,149962005,3,5,4,uniform,0.5,0,0.3,500,hash_shared,20,B1,0.050620284303865004,0.024174922389003622,0.05062028430386545,0.024174922389004955,3.191891195797325e-16,1.3357370765021415e-15,4.440892098500626e-16,1.3322676295501878e-15,8.326672684688674e-17,1.3877787807814457e-17,56,56,1,0.0505844593957268,0.024154830880072,0.000256096606042,0.0001221143019298,3.582490813865136e-05,2.0091508932954666e-05,0.001536580636252,0.0007326868115788,1,f3f5ad342e8943d339602bddd5233506,,,1e-10,1,none,SUCCESS,
d3_frozen,1B,S1B-0005,5,149962005,3,5,4,uniform,0.5,0,0.3,500,hash_shared,40,B2,0.050620284303865004,0.024174922389003622,0.05062028430386545,0.024174922389004982,3.191891195797325e-16,1.3357370765021415e-15,4.440892098500626e-16,1.3600232051658168e-15,8.326672684688674e-17,1.0408340855860843e-17,56,56,1,0.0505844593957268,0.024154830880072,0.000256096606042,0.0001221143019298,3.582490813865136e-05,2.009150893298242e-05,0.001536580636252,0.0007326868115788,1,f3f5ad342e8943d339602bddd5233506,,,1e-10,1,none,SUCCESS,
d3_frozen,1B,S1B-0005,5,149962005,3,5,4,uniform,0.5,0,0.3,500,target,,,0.0,0.0,0.0,0.0,0.0,0.0,0.0,0.0,0.0,0.0,64,64,1,0.0,0.0,0.0,0.0,0.0,0.0,1e-09,1e-09,1,e52264e34a54280ff741f7239005aed7,,,1e-10,1,none,SUCCESS,
d3_frozen,1B,S1B-0005,5,149962005,3,5,4,uniform,0.5,0,0.3,500,woe,,,0.0,0.0,0.0,0.0,0.0,0.0,0.0,0.0,0.0,0.0,64,64,1,0.0,0.0,0.0,0.0,0.0,0.0,1e-09,1e-09,1,e52264e34a54280ff741f7239005aed7,,,1e-10,1,none,SUCCESS,
d3_frozen,1B,S1B-0005,5,149962005,3,5,4,uniform,0.5,0,0.3,500,ordered_catboost_sim,,,0.0,0.0,0.0,0.0,0.0,0.0,0.0,0.0,0.0,0.0,64,64,1,0.0,0.0,0.0,0.0,0.0,0.0,1e-09,1e-09,1,e52264e34a54280ff741f7239005aed7,,,1e-10,1,none,SUCCESS,
d3_frozen,1B,S1B-0005,5,149962005,3,5,4,uniform,0.5,0,0.3,500,homals,,,0.0,0.0,0.0,0.0,0.0,0.0,0.0,0.0,0.0,0.0,64,64,1,0.0,0.0,0.0,0.0,0.0,0.0,1e-09,1e-09,1,e52264e34a54280ff741f7239005aed7,,,1e-10,1,none,SUCCESS,
d3_frozen,1B,S1B-0006,6,149962006,3,5,4,uniform,0.5,0,0.3,5000,label,,,0.0,0.0,0.0,0.0,0.0,0.0,0.0,0.0,0.0,0.0,64,64,1,0.0,0.0,0.0,0.0,0.0,0.0,1e-09,1e-09,1,e52264e34a54280ff741f7239005aed7,,,1e-10,1,none,SUCCESS,
d3_frozen,1B,S1B-0006,6,149962006,3,5,4,uniform,0.5,0,0.3,5000,onehot,,,0.0,0.0,1.1102230246251565e-16,0.0,0.0,0.0,1.1102230246251565e-16,0.0,1.1102230246251565e-16,0.0,64,64,1,0.0,0.0,0.0,0.0,1.1102230246251565e-16,0.0,1e-09,1e-09,1,e52264e34a54280ff741f7239005aed7,,,1e-10,1,none,SUCCESS,
d3_frozen,1B,S1B-0006,6,149962006,3,5,4,uniform,0.5,0,0.3,5000,count,,,0.0,0.0,1.1102230246251565e-16,-2.7755575615628914e-17,0.0,0.0,1.1102230246251565e-16,2.7755575615628914e-17,1.1102230246251565e-16,2.7755575615628914e-17,64,64,1,0.0,0.0,0.0,0.0,1.1102230246251565e-16,2.7755575615628914e-17,1e-09,1e-09,1,e52264e34a54280ff741f7239005aed7,,,1e-10,1,none,SUCCESS,
d3_frozen,1B,S1B-0006,6,149962006,3,5,4,uniform,0.5,0,0.3,5000,hash_column,10,B0,0.008954590435603427,0.004297986844315038,0.008954590435603427,0.004297986844314677,1.1275702593849246e-16,3.5301622736128024e-16,0.0,3.608224830031759e-16,9.020562075079397e-17,3.2959746043559335e-17,240,240,1,0.0090485399258156,0.0043437121408748,9.332938206327997e-05,4.549973997507308e-05,9.39494902121741e-05,4.5725296560122745e-05,0.0005599772923796798,0.00027299943985043847,1,5b594384085afae80cb1cab187c36bd5,,,1e-10,1,none,SUCCESS,
d3_frozen,1B,S1B-0006,6,149962006,3,5,4,uniform,0.5,0,0.3,5000,hash_column,20,B1,0.007065367819658053,0.003410452858313262,0.007065367819658275,0.0034104528583129845,9.280770596475918e-17,2.7755575615628914e-16,2.220446049250313e-16,2.7755575615628914e-16,1.1449174941446927e-16,2.3418766925686896e-17,363,363,1,0.0071618322955486,0.0034573202258902,7.483356752137544e-05,3.647883630315365e-05,9.646447589032551e-05,4.686736757721554e-05,0.00044900240512825266,0.0002188740178189219,1,3d2825b7d92099ed8ceb9ba050d5d390,,,1e-10,1,none,SUCCESS,
d3_frozen,1B,S1B-0006,6,149962006,3,5,4,uniform,0.5,0,0.3,5000,hash_column,40,B2,0.0006275875240109308,0.00028344520921630423,0.0006275875240111528,0.0002834452092166928,2.0198686473404948e-16,3.8407861960298995e-16,2.220446049250313e-16,3.885780586188048e-16,1.7889335846010823e-17,3.144186300207963e-18,768,768,1,0.0006282326838326,0.0002836936055174,2.8168957452817174e-06,1.2694657158392283e-06,6.451598214471648e-07,2.483963007072045e-07,1.6902374471690302e-05,7.61779429503537e-06,1,3cf89093468c271e1bf273e2d0b3e30c,,,1e-10,1,none,SUCCESS,
d3_frozen,1B,S1B-0006,6,149962006,3,5,4,uniform,0.5,0,0.3,5000,hash_shared,10,B0,0.03942033732389405,0.01919406544540561,0.03942033732389416,0.019194065445405417,0.0,1.491862189340054e-16,1.1102230246251565e-16,1.942890293094024e-16,5.551115123125783e-17,1.3877787807814457e-17,56,56,1,0.0396510174451878,0.0193050932047054,0.0001719094172973,8.42205173655702e-05,0.0002306801212936388,0.00011102775929998365,0.0010314575037837998,0.0005053241041934213,1,f3f5ad342e8943d339602bddd5233506,,,1e-10,1,none,SUCCESS,
d3_frozen,1B,S1B-0006,6,149962006,3,5,4,uniform,0.5,0,0.3,5000,hash_shared,20,B1,0.03942033732389405,0.01919406544540561,0.03942033732389427,0.019194065445405417,0.0,1.491862189340054e-16,2.220446049250313e-16,1.942890293094024e-16,1.6653345369377348e-16,1.3877787807814457e-17,56,56,1,0.0396510174451878,0.0193050932047054,0.0001719094172973,8.42205173655702e-05,0.00023068012129352777,0.00011102775929998365,0.0010314575037837998,0.0005053241041934213,1,f3f5ad342e8943d339602bddd5233506,,,1e-10,1,none,SUCCESS,
d3_frozen,1B,S1B-0006,6,149962006,3,5,4,uniform,0.5,0,0.3,5000,hash_shared,40,B2,0.03942033732389405,0.01919406544540561,0.03942033732389416,0.019194065445405417,0.0,1.491862189340054e-16,1.1102230246251565e-16,1.942890293094024e-16,5.551115123125783e-17,1.3877787807814457e-17,56,56,1,0.0396510174451878,0.0193050932047054,0.0001719094172973,8.42205173655702e-05,0.0002306801212936388,0.00011102775929998365,0.0010314575037837998,0.0005053241041934213,1,f3f5ad342e8943d339602bddd5233506,,,1e-10,1,none,SUCCESS,
d3_frozen,1B,S1B-0006,6,149962006,3,5,4,uniform,0.5,0,0.3,5000,target,,,0.0,0.0,1.1102230246251565e-16,0.0,0.0,0.0,1.1102230246251565e-16,0.0,1.1102230246251565e-16,0.0,64,64,1,0.0,0.0,0.0,0.0,1.1102230246251565e-16,0.0,1e-09,1e-09,1,e52264e34a54280ff741f7239005aed7,,,1e-10,1,none,SUCCESS,
d3_frozen,1B,S1B-0006,6,149962006,3,5,4,uniform,0.5,0,0.3,5000,woe,,,0.0,0.0,1.1102230246251565e-16,0.0,0.0,0.0,1.1102230246251565e-16,0.0,1.1102230246251565e-16,0.0,64,64,1,0.0,0.0,0.0,0.0,1.1102230246251565e-16,0.0,1e-09,1e-09,1,e52264e34a54280ff741f7239005aed7,,,1e-10,1,none,SUCCESS,
d3_frozen,1B,S1B-0006,6,149962006,3,5,4,uniform,0.5,0,0.3,5000,ordered_catboost_sim,,,0.0,0.0,1.1102230246251565e-16,0.0,0.0,0.0,1.1102230246251565e-16,0.0,1.1102230246251565e-16,0.0,64,64,1,0.0,0.0,0.0,0.0,1.1102230246251565e-16,0.0,1e-09,1e-09,1,e52264e34a54280ff741f7239005aed7,,,1e-10,1,none,SUCCESS,
d3_frozen,1B,S1B-0006,6,149962006,3,5,4,uniform,0.5,0,0.3,5000,homals,,,0.0,0.0,0.0,0.0,0.0,0.0,0.0,0.0,0.0,0.0,64,64,1,0.0,0.0,0.0,0.0,0.0,0.0,1e-09,1e-09,1,e52264e34a54280ff741f7239005aed7,,,1e-10,1,none,SUCCESS,
d3_frozen,1B,S1B-0007,7,601924007,3,5,4,uniform,0.5,3,0.0,500,label,,,0.0,0.0,0.0,0.0,0.0,0.0,0.0,0.0,0.0,0.0,64,64,1,0.0,0.0,0.0,0.0,0.0,0.0,1e-09,1e-09,1,e52264e34a54280ff741f7239005aed7,,,1e-10,1,none,SUCCESS,
d3_frozen,1B,S1B-0007,7,601924007,3,5,4,uniform,0.5,3,0.0,500,onehot,,,0.0,0.0,-1.1102230246251565e-16,0.0,0.0,0.0,1.1102230246251565e-16,0.0,1.1102230246251565e-16,0.0,64,64,1,0.0,0.0,0.0,0.0,1.1102230246251565e-16,0.0,1e-09,1e-09,1,e52264e34a54280ff741f7239005aed7,,,1e-10,1,none,SUCCESS,
d3_frozen,1B,S1B-0007,7,601924007,3,5,4,uniform,0.5,3,0.0,500,count,,,0.004964638510877806,0.0024221950081733667,0.004964638510877695,0.00242219500817345,8.673617379884035e-19,7.892991815694472e-17,1.1102230246251565e-16,8.326672684688674e-17,1.1102230246251565e-16,4.7704895589362195e-18,36,36,1,0.0048799244480424,0.0023798900677967,3.379043504973054e-05,1.6652268015924842e-05,8.471406283529475e-05,4.2304940376749946e-05,0.00020274361029838322,9.991460809554905e-05,1,a0c220901971b39255dc3e5cf7a5430e,,,1e-10,1,none,SUCCESS,
d3_frozen,1B,S1B-0007,7,601924007,3,5,4,uniform,0.5,3,0.0,500,hash_column,10,B0,0.01244026964346101,0.006116441344767409,0.012440269643457458,0.0061164413447668264,3.5006719745211967e-15,6.192962809237201e-16,3.552713678800501e-15,5.828670879282072e-16,3.8163916471489756e-17,3.382710778154774e-17,240,240,1,0.0123800528230282,0.0060862648058831,6.881051647191973e-05,3.3913467494450045e-05,6.0216820429257606e-05,3.017653888372652e-05,0.00041286409883151836,0.00020348180496670024,1,5b594384085afae80cb1cab187c36bd5,,,1e-10,1,none,SUCCESS,
d3_frozen,1B,S1B-0007,7,601924007,3,5,4,uniform,0.5,3,0.0,500,hash_column,20,B1,0.008160396566465278,0.0039991890781194694,0.008160396566461947,0.003999189078118942,3.3046482217358175e-15,5.360295540768334e-16,3.3306690738754696e-15,5.273559366969494e-16,5.898059818321144e-17,2.6020852139652106e-17,363,363,1,0.0081478156144049,0.0039928192840588,5.170799052741976e-05,2.5453467299448182e-05,1.2580952057047665e-05,6.369794060142285e-06,0.0003102489431645186,0.0001527218037966891,1,3d2825b7d92099ed8ceb9ba050d5d390,,,1e-10,1,none,SUCCESS,
d3_frozen,1B,S1B-0007,7,601924007,3,5,4,uniform,0.5,3,0.0,500,hash_column,40,B2,0.003973993626211425,0.001945301501679153,0.003973993626208094,0.0019453015016800135,3.2985766895698987e-15,8.172715976195732e-16,3.3306690738754696e-15,8.604228440844963e-16,3.8163916471489756e-17,4.87890977618477e-17,768,768,1,0.0038866187429053,0.0019019097940188,2.8790792256393587e-05,1.4186119688510008e-05,8.73748833027945e-05,4.339170766121353e-05,0.0001727457535383615,8.511771813106005e-05,1,3cf89093468c271e1bf273e2d0b3e30c,,,1e-10,1,none,SUCCESS,
d3_frozen,1B,S1B-0007,7,601924007,3,5,4,uniform,0.5,3,0.0,500,hash_shared,10,B0,0.01851964320039068,0.009131557677882457,0.01851964320038646,0.009131557677881874,4.184153024056059e-15,6.002143226879753e-16,4.218847493575595e-15,5.828670879282072e-16,2.7755575615628914e-17,6.938893903907228e-18,56,56,1,0.0185534311776004,0.0091474440227164,8.976903137049652e-05,4.418400755695363e-05,3.378797721393864e-05,1.5886344834525196e-05,0.0005386151882229791,0.00026510504534172177,1,f3f5ad342e8943d339602bddd5233506,,,1e-10,1,none,SUCCESS,
d3_frozen,1B,S1B-0007,7,601924007,3,5,4,uniform,0.5,3,0.0,500,hash_shared,20,B1,0.01851964320039068,0.009131557677882457,0.01851964320038646,0.009131557677881874,4.184153024056059e-15,6.002143226879753e-16,4.218847493575595e-15,5.828670879282072e-16,2.7755575615628914e-17,6.938893903907228e-18,56,56,1,0.0185534311776004,0.0091474440227164,8.976903137049652e-05,4.418400755695363e-05,3.378797721393864e-05,1.5886344834525196e-05,0.0005386151882229791,0.00026510504534172177,1,f3f5ad342e8943d339602bddd5233506,,,1e-10,1,none,SUCCESS,
d3_frozen,1B,S1B-0007,7,601924007,3,5,4,uniform,0.5,3,0.0,500,hash_shared,40,B2,0.01851964320039068,0.009131557677882457,0.01851964320038646,0.00913155767788193,4.184153024056059e-15,6.002143226879753e-16,4.218847493575595e-15,5.273559366969494e-16,2.7755575615628914e-17,6.245004513516506e-17,56,56,1,0.0185534311776004,0.0091474440227164,8.976903137049652e-05,4.418400755695363e-05,3.378797721393864e-05,1.5886344834469684e-05,0.0005386151882229791,0.00026510504534172177,1,f3f5ad342e8943d339602bddd5233506,,,1e-10,1,none,SUCCESS,
d3_frozen,1B,S1B-0007,7,601924007,3,5,4,uniform,0.5,3,0.0,500,target,,,0.0,0.0,0.0,2.7755575615628914e-17,0.0,0.0,0.0,2.7755575615628914e-17,0.0,2.7755575615628914e-17,64,64,1,0.0,0.0,0.0,0.0,0.0,2.7755575615628914e-17,1e-09,1e-09,1,e52264e34a54280ff741f7239005aed7,,,1e-10,1,none,SUCCESS,
d3_frozen,1B,S1B-0007,7,601924007,3,5,4,uniform,0.5,3,0.0,500,woe,,,0.0,0.0,0.0,2.7755575615628914e-17,0.0,0.0,0.0,2.7755575615628914e-17,0.0,2.7755575615628914e-17,64,64,1,0.0,0.0,0.0,0.0,0.0,2.7755575615628914e-17,1e-09,1e-09,1,e52264e34a54280ff741f7239005aed7,,,1e-10,1,none,SUCCESS,
d3_frozen,1B,S1B-0007,7,601924007,3,5,4,uniform,0.5,3,0.0,500,ordered_catboost_sim,,,0.0,0.0,0.0,2.7755575615628914e-17,0.0,0.0,0.0,2.7755575615628914e-17,0.0,2.7755575615628914e-17,64,64,1,0.0,0.0,0.0,0.0,0.0,2.7755575615628914e-17,1e-09,1e-09,1,e52264e34a54280ff741f7239005aed7,,,1e-10,1,none,SUCCESS,
d3_frozen,1B,S1B-0007,7,601924007,3,5,4,uniform,0.5,3,0.0,500,homals,,,0.0,0.0,-1.1102230246251565e-16,0.0,0.0,0.0,1.1102230246251565e-16,0.0,1.1102230246251565e-16,0.0,64,64,1,0.0,0.0,0.0,0.0,1.1102230246251565e-16,0.0,1e-09,1e-09,1,e52264e34a54280ff741f7239005aed7,,,1e-10,1,none,SUCCESS,
d3_frozen,1B,S1B-0008,8,601924008,3,5,4,uniform,0.5,3,0.0,5000,label,,,0.0,0.0,0.0,0.0,0.0,0.0,0.0,0.0,0.0,0.0,64,64,1,0.0,0.0,0.0,0.0,0.0,0.0,1e-09,1e-09,1,e52264e34a54280ff741f7239005aed7,,,1e-10,1,none,SUCCESS,
d3_frozen,1B,S1B-0008,8,601924008,3,5,4,uniform,0.5,3,0.0,5000,onehot,,,0.0,0.0,0.0,0.0,0.0,0.0,0.0,0.0,0.0,0.0,64,64,1,0.0,0.0,0.0,0.0,0.0,0.0,1e-09,1e-09,1,e52264e34a54280ff741f7239005aed7,,,1e-10,1,none,SUCCESS,
d3_frozen,1B,S1B-0008,8,601924008,3,5,4,uniform,0.5,3,0.0,5000,count,,,0.0,0.0,1.1102230246251565e-16,2.7755575615628914e-17,0.0,0.0,1.1102230246251565e-16,2.7755575615628914e-17,1.1102230246251565e-16,2.7755575615628914e-17,64,64,1,0.0,0.0,0.0,0.0,1.1102230246251565e-16,2.7755575615628914e-17,1e-09,1e-09,1,e52264e34a54280ff741f7239005aed7,,,1e-10,1,none,SUCCESS,
d3_frozen,1B,S1B-0008,8,601924008,3,5,4,uniform,0.5,3,0.0,5000,hash_column,10,B0,0.012373403117789228,0.0060118457421771965,0.01237340311778512,0.006011845742177696,4.192826641435943e-15,4.649058915617843e-16,4.107825191113079e-15,4.996003610813204e-16,8.153200337090993e-17,3.2959746043559335e-17,240,240,1,0.0125766591262335,0.0061106305412028,8.781325597573282e-05,4.251124966431522e-05,0.00020325600844837977,9.878479902510409e-05,0.000526880535854397,0.00025506849798589135,1,5b594384085afae80cb1cab187c36bd5,,,1e-10,1,none,SUCCESS,
d3_frozen,1B,S1B-0008,8,601924008,3,5,4,uniform,0.5,3,0.0,5000,hash_column,20,B1,0.005729741103222552,0.002770002714688913,0.005729741103219443,0.002770002714689801,3.1502578323738817e-15,8.656270145124267e-16,3.1086244689504383e-15,8.881784197001252e-16,5.117434254131581e-17,6.5052130349130266e-18,363,363,1,0.0057384012730048,0.0027738553070647,3.424330091932118e-05,1.656634090535611e-05,8.660169785356525e-06,3.8525923748990686e-06,0.00020546080551592707,9.939904543213665e-05,1,3d2825b7d92099ed8ceb9ba050d5d390,,,1e-10,1,none,SUCCESS,
d3_frozen,1B,S1B-0008,8,601924008,3,5,4,uniform,0.5,3,0.0,5000,hash_column,40,B2,0.0031588721174070633,0.0015259056185951136,0.003158872117406397,0.001525905618595863,7.875644580934704e-16,6.882515390937982e-16,6.661338147750939e-16,7.494005416219807e-16,1.196959198423997e-16,6.353424730765056e-17,768,768,1,0.0031994698531652,0.0015454131894686,3.2108709952256175e-05,1.5492362882118438e-05,4.05977357588027e-05,1.9507570872736874e-05,0.00019265325971353704,9.295517729271063e-05,1,3cf89093468c271e1bf273e2d0b3e30c,,,1e-10,1,none,SUCCESS,
d3_frozen,1B,S1B-0008,8,601924008,3,5,4,uniform,0.5,3,0.0,5000,hash_shared,10,B0,0.01605136625886927,0.007814290571086513,0.01605136625886494,0.007814290571087013,4.44436154545258e-15,4.49293380277993e-16,4.3298697960381105e-15,4.996003610813204e-16,1.249000902703301e-16,3.642919299551295e-17,56,56,1,0.0160904779185721,0.0078320158950158,9.806248235825e-05,4.7488624288036715e-05,3.911165970715835e-05,1.7725323928787992e-05,0.0005883758941495,0.0002849327457282203,1,f3f5ad342e8943d339602bddd5233506,,,1e-10,1,none,SUCCESS,
d3_frozen,1B,S1B-0008,8,601924008,3,5,4,uniform,0.5,3,0.0,5000,hash_shared,20,B1,0.01605136625886927,0.007814290571086513,0.01605136625886494,0.007814290571086985,4.44436154545258e-15,4.49293380277993e-16,4.3298697960381105e-15,4.718447854656915e-16,1.249000902703301e-16,8.673617379884035e-18,56,56,1,0.0160904779185721,0.0078320158950158,9.806248235825e-05,4.7488624288036715e-05,3.911165970715835e-05,1.7725323928815748e-05,0.0005883758941495,0.0002849327457282203,1,f3f5ad342e8943d339602bddd5233506,,,1e-10,1,none,SUCCESS,
d3_frozen,1B,S1B-0008,8,601924008,3,5,4,uniform,0.5,3,0.0,5000,hash_shared,40,B2,0.01605136625886927,0.007814290571086513,0.01605136625886494,0.007814290571087013,4.44436154545258e-15,4.49293380277993e-16,4.3298697960381105e-15,4.996003610813204e-16,1.249000902703301e-16,3.642919299551295e-17,56,56,1,0.0160904779185721,0.0078320158950158,9.806248235825e-05,4.7488624288036715e-05,3.911165970715835e-05,1.7725323928787992e-05,0.0005883758941495,0.0002849327457282203,1,f3f5ad342e8943d339602bddd5233506,,,1e-10,1,none,SUCCESS,
d3_frozen,1B,S1B-0008,8,601924008,3,5,4,uniform,0.5,3,0.0,5000,target,,,0.0,0.0,0.0,2.7755575615628914e-17,0.0,0.0,0.0,2.7755575615628914e-17,0.0,2.7755575615628914e-17,64,64,1,0.0,0.0,0.0,0.0,0.0,2.7755575615628914e-17,1e-09,1e-09,1,e52264e34a54280ff741f7239005aed7,,,1e-10,1,none,SUCCESS,
d3_frozen,1B,S1B-0008,8,601924008,3,5,4,uniform,0.5,3,0.0,5000,woe,,,0.0,0.0,0.0,2.7755575615628914e-17,0.0,0.0,0.0,2.7755575615628914e-17,0.0,2.7755575615628914e-17,64,64,1,0.0,0.0,0.0,0.0,0.0,2.7755575615628914e-17,1e-09,1e-09,1,e52264e34a54280ff741f7239005aed7,,,1e-10,1,none,SUCCESS,
d3_frozen,1B,S1B-0008,8,601924008,3,5,4,uniform,0.5,3,0.0,5000,ordered_catboost_sim,,,0.0,0.0,0.0,2.7755575615628914e-17,0.0,0.0,0.0,2.7755575615628914e-17,0.0,2.7755575615628914e-17,64,64,1,0.0,0.0,0.0,0.0,0.0,2.7755575615628914e-17,1e-09,1e-09,1,e52264e34a54280ff741f7239005aed7,,,1e-10,1,none,SUCCESS,
d3_frozen,1B,S1B-0008,8,601924008,3,5,4,uniform,0.5,3,0.0,5000,homals,,,0.0,0.0,0.0,2.7755575615628914e-17,0.0,0.0,0.0,2.7755575615628914e-17,0.0,2.7755575615628914e-17,64,64,1,0.0,0.0,0.0,0.0,0.0,2.7755575615628914e-17,1e-09,1e-09,1,e52264e34a54280ff741f7239005aed7,,,1e-10,1,none,SUCCESS,
d3_frozen,1B,S1B-0009,9,601924009,3,5,4,uniform,0.5,3,0.1,500,label,,,0.0,0.0,0.0,0.0,0.0,0.0,0.0,0.0,0.0,0.0,64,64,1,0.0,0.0,0.0,0.0,0.0,0.0,1e-09,1e-09,1,e52264e34a54280ff741f7239005aed7,,,1e-10,1,none,SUCCESS,
d3_frozen,1B,S1B-0009,9,601924009,3,5,4,uniform,0.5,3,0.1,500,onehot,,,0.0,0.0,0.0,0.0,0.0,0.0,0.0,0.0,0.0,0.0,64,64,1,0.0,0.0,0.0,0.0,0.0,0.0,1e-09,1e-09,1,e52264e34a54280ff741f7239005aed7,,,1e-10,1,none,SUCCESS,
d3_frozen,1B,S1B-0009,9,601924009,3,5,4,uniform,0.5,3,0.1,500,count,,,0.008183132689333794,0.003916432980349077,0.008183132689333794,0.003916432980349022,1.0408340855860843e-17,4.336808689942018e-17,0.0,5.551115123125783e-17,1.0408340855860843e-17,1.214306433183765e-17,48,48,1,0.0082703186140776,0.0039558263494333,5.246726836001995e-05,2.4950422662825342e-05,8.718592474380588e-05,3.939336908427831e-05,0.0003148046101601197,0.00014970353597695203,1,4fc53c30c826e999b6794cb0c8d6eab0,,,1e-10,1,none,SUCCESS,
d3_frozen,1B,S1B-0009,9,601924009,3,5,4,uniform,0.5,3,0.1,500,hash_column,10,B0,0.014522336266780567,0.007032586324618173,0.014522336266775682,0.007032586324618256,4.829470157119431e-15,1.0321604682062002e-16,4.884981308350689e-15,8.326672684688674e-17,2.2551405187698492e-17,1.3877787807814457e-17,240,240,1,0.0148310933665168,0.0071811819396408,8.717809526831668e-05,4.184611638865117e-05,0.0003087570997411179,0.0001485956150225438,0.0005230695716099001,0.00025107769833190705,1,5b594384085afae80cb1cab187c36bd5,,,1e-10,1,none,SUCCESS,
d3_frozen,1B,S1B-0009,9,601924009,3,5,4,uniform,0.5,3,0.1,500,hash_column,20,B1,0.010638650521384352,0.005151188821394037,0.010638650521379356,0.005151188821393982,4.93875773610597e-15,5.204170427930421e-17,4.9960036108132044e-15,5.551115123125783e-17,1.214306433183765e-17,1.8214596497756474e-17,363,363,1,0.0107910699756834,0.0052226240085435,6.767134346525083e-05,3.25644559520336e-05,0.0001524194543040449,7.1435187149518e-05,0.000406029060791505,0.00019538773571220157,1,3d2825b7d92099ed8ceb9ba050d5d390,,,1e-10,1,none,SUCCESS,
d3_frozen,1B,S1B-0009,9,601924009,3,5,4,uniform,0.5,3,0.1,500,hash_column,40,B2,0.003314228960929033,0.0016111370461675545,0.003314228960923815,0.001611137046167499,5.147791914961175e-15,4.0766001685454967e-17,5.218048215738236e-15,5.551115123125783e-17,6.635317295611287e-17,9.974659986866641e-18,768,768,1,0.0033226527692609,0.0016146913084821,2.2544929867784456e-05,1.0931801744436236e-05,8.423808337084792e-06,3.554262314601044e-06,0.0001352705792067067,6.559181046661742e-05,1,3cf89093468c271e1bf273e2d0b3e30c,,,1e-10,1,none,SUCCESS,
d3_frozen,1B,S1B-0009,9,601924009,3,5,4,uniform,0.5,3,0.1,500,hash_shared,10,B0,0.023838829545860918,0.011619181950025453,0.02383882954585559,0.011619181950025453,5.447031714567174e-15,3.9898639947466563e-17,5.329070518200751e-15,0.0,9.71445146547012e-17,2.0816681711721685e-17,56,56,1,0.0241036284093049,0.0117465460166163,0.0001525044199986,7.327713681524759e-05,0.00026479886344931217,0.00012736406659084702,0.0009150275199916,0.00043966382089148556,1,f3f5ad342e8943d339602bddd5233506,,,1e-10,1,none,SUCCESS,
d3_frozen,1B,S1B-0009,9,601924009,3,5,4,uniform,0.5,3,0.1,500,hash_shared,20,B1,0.023838829545860918,0.011619181950025453,0.02383882954585559,0.011619181950025481,5.447031714567174e-15,3.9898639947466563e-17,5.329070518200751e-15,2.7755575615628914e-17,9.71445146547012e-17,6.938893903907228e-18,56,56,1,0.0241036284093049,0.0117465460166163,0.0001525044199986,7.327713681524759e-05,0.00026479886344931217,0.00012736406659081927,0.0009150275199916,0.00043966382089148556,1,f3f5ad342e8943d339602bddd5233506,,,1e-10,1,none,SUCCESS,
d3_frozen,1B,S1B-0009,9,601924009,3,5,4,uniform,0.5,3,0.1,500,hash_shared,40,B2,0.023838829545860918,0.011619181950025453,0.023838829545855367,0.011619181950025453,5.447031714567174e-15,3.9898639947466563e-17,5.551115123125783e-15,0.0,1.249000902703301e-16,2.0816681711721685e-17,56,56,1,0.0241036284093049,0.0117465460166163,0.0001525044199986,7.327713681524759e-05,0.0002647988634495342,0.00012736406659084702,0.0009150275199916,0.00043966382089148556,1,f3f5ad342e8943d339602bddd5233506,,,1e-10,1,none,SUCCESS,
d3_frozen,1B,S1B-0009,9,601924009,3,5,4,uniform,0.5,3,0.1,500,target,,,0.0,0.0,0.0,2.7755575615628914e-17,0.0,0.0,0.0,2.7755575615628914e-17,0.0,2.7755575615628914e-17,64,64,1,0.0,0.0,0.0,0.0,0.0,2.7755575615628914e-17,1e-09,1e-09,1,e52264e34a54280ff741f7239005aed7,,,1e-10,1,none,SUCCESS,
d3_frozen,1B,S1B-0009,9,601924009,3,5,4,uniform,0.5,3,0.1,500,woe,,,0.0,0.0,0.0,2.7755575615628914e-17,0.0,0.0,0.0,2.7755575615628914e-17,0.0,2.7755575615628914e-17,64,64,1,0.0,0.0,0.0,0.0,0.0,2.7755575615628914e-17,1e-09,1e-09,1,e52264e34a54280ff741f7239005aed7,,,1e-10,1,none,SUCCESS,
d3_frozen,1B,S1B-0009,9,601924009,3,5,4,uniform,0.5,3,0.1,500,ordered_catboost_sim,,,0.0,0.0,0.0,2.7755575615628914e-17,0.0,0.0,0.0,2.7755575615628914e-17,0.0,2.7755575615628914e-17,64,64,1,0.0,0.0,0.0,0.0,0.0,2.7755575615628914e-17,1e-09,1e-09,1,e52264e34a54280ff741f7239005aed7,,,1e-10,1,none,SUCCESS,
d3_frozen,1B,S1B-0009,9,601924009,3,5,4,uniform,0.5,3,0.1,500,homals,,,0.0,0.0,0.0,2.7755575615628914e-17,0.0,0.0,0.0,2.7755575615628914e-17,0.0,2.7755575615628914e-17,64,64,1,0.0,0.0,0.0,0.0,0.0,2.7755575615628914e-17,1e-09,1e-09,1,e52264e34a54280ff741f7239005aed7,,,1e-10,1,none,SUCCESS,
d3_frozen,1B,S1B-0010,10,601924010,3,5,4,uniform,0.5,3,0.1,5000,label,,,0.0,0.0,0.0,0.0,0.0,0.0,0.0,0.0,0.0,0.0,64,64,1,0.0,0.0,0.0,0.0,0.0,0.0,1e-09,1e-09,1,e52264e34a54280ff741f7239005aed7,,,1e-10,1,none,SUCCESS,
d3_frozen,1B,S1B-0010,10,601924010,3,5,4,uniform,0.5,3,0.1,5000,onehot,,,0.0,0.0,1.1102230246251565e-16,-2.7755575615628914e-17,0.0,0.0,1.1102230246251565e-16,2.7755575615628914e-17,1.1102230246251565e-16,2.7755575615628914e-17,64,64,1,0.0,0.0,0.0,0.0,1.1102230246251565e-16,2.7755575615628914e-17,1e-09,1e-09,1,e52264e34a54280ff741f7239005aed7,,,1e-10,1,none,SUCCESS,
d3_frozen,1B,S1B-0010,10,601924010,3,5,4,uniform,0.5,3,0.1,5000,count,,,0.0,0.0,1.1102230246251565e-16,0.0,0.0,0.0,1.1102230246251565e-16,0.0,1.1102230246251565e-16,0.0,64,64,1,0.0,0.0,0.0,0.0,1.1102230246251565e-16,0.0,1e-09,1e-09,1,e52264e34a54280ff741f7239005aed7,,,1e-10,1,none,SUCCESS,
d3_frozen,1B,S1B-0010,10,601924010,3,5,4,uniform,0.5,3,0.1,5000,hash_column,10,B0,0.012182650384570781,0.005870872779249026,0.01218265038457067,0.0058708727792484705,1.2663481374630692e-16,5.39499001028787e-16,1.1102230246251565e-16,5.551115123125783e-16,2.42861286636753e-17,6.938893903907228e-18,240,240,1,0.0121346808399507,0.0058479717469593,7.50493933925802e-05,3.606782013026056e-05,4.7969544619970786e-05,2.290103228917012e-05,0.0004502973603554812,0.00021640792078156333,1,5b594384085afae80cb1cab187c36bd5,,,1e-10,1,none,SUCCESS,
d3_frozen,1B,S1B-0010,10,601924010,3,5,4,uniform,0.5,3,0.1,5000,hash_column,20,B1,0.008994886124979562,0.0043424140076841755,0.008994886124979118,0.004342414007683537,4.2327252813834093e-16,6.696032617270475e-16,4.440892098500626e-16,6.38378239159465e-16,5.898059818321144e-17,3.8163916471489756e-17,363,363,1,0.0090142630584741,0.0043512511773062,6.231657337293345e-05,2.9961642565202588e-05,1.937693349498247e-05,8.837169622662525e-06,0.0003739004402376007,0.0001797708553912155,1,3d2825b7d92099ed8ceb9ba050d5d390,,,1e-10,1,none,SUCCESS,
d3_frozen,1B,S1B-0010,10,601924010,3,5,4,uniform,0.5,3,0.1,5000,hash_column,40,B2,0.0032835305825835714,0.001549314825983028,0.003283530582580796,0.001549314825982251,2.7504040711612276e-15,7.999243628598052e-16,2.7755575615628914e-15,7.771561172376096e-16,2.6454533008646308e-17,1.7564075194265172e-17,768,768,1,0.0032521585717695,0.0015343688231824,2.6578840864352497e-05,1.2462897970247722e-05,3.1372010811295866e-05,1.4946002799850902e-05,0.00015947404518611497,7.477838782148633e-05,1,3cf89093468c271e1bf273e2d0b3e30c,,,1e-10,1,none,SUCCESS,
d3_frozen,1B,S1B-0010,10,601924010,3,5,4,uniform,0.5,3,0.1,5000,hash_shared,10,B0,0.023361827558012527,0.01135397333607746,0.02336182755801164,0.011353973336076906,8.291978215169138e-16,5.30825383648903e-16,8.881784197001252e-16,5.551115123125783e-16,2.0816681711721685e-17,1.0408340855860843e-17,56,56,1,0.0234251083360309,0.0113857981273924,0.0001423754232232,6.847789246888548e-05,6.328077801926249e-05,3.1824791315493775e-05,0.0008542535393392001,0.00041086835481331295,1,f3f5ad342e8943d339602bddd5233506,,,1e-10,1,none,SUCCESS,
d3_frozen,1B,S1B-0010,10,601924010,3,5,4,uniform,0.5,3,0.1,5000,hash_shared,20,B1,0.023361827558012527,0.01135397333607746,0.02336182755801164,0.011353973336076961,8.291978215169138e-16,5.30825383648903e-16,8.881784197001252e-16,4.996003610813204e-16,2.0816681711721685e-17,4.5102810375396984e-17,56,56,1,0.0234251083360309,0.0113857981273924,0.0001423754232232,6.847789246888548e-05,6.328077801926249e-05,3.1824791315438264e-05,0.0008542535393392001,0.00041086835481331295,1,f3f5ad342e8943d339602bddd5233506,,,1e-10,1,none,SUCCESS,
d3_frozen,1B,S1B-0010,10,601924010,3,5,4,uniform,0.5,3,0.1,5000,hash_shared,40,B2,0.023361827558012527,0.01135397333607746,0.023361827558011528,0.011353973336076933,8.291978215169138e-16,5.30825383648903e-16,9.992007221626409e-16,5.273559366969494e-16,1.3183898417423734e-16,1.734723475976807e-17,56,56,1,0.0234251083360309,0.0113857981273924,0.0001423754232232,6.847789246888548e-05,6.328077801937351e-05,3.182479131546602e-05,0.0008542535393392001,0.00041086835481331295,1,f3f5ad342e8943d339602bddd5233506,,,1e-10,1,none,SUCCESS,
d3_frozen,1B,S1B-0010,10,601924010,3,5,4,uniform,0.5,3,0.1,5000,target,,,0.0,0.0,1.1102230246251565e-16,-2.7755575615628914e-17,0.0,0.0,1.1102230246251565e-16,2.7755575615628914e-17,1.1102230246251565e-16,2.7755575615628914e-17,64,64,1,0.0,0.0,0.0,0.0,1.1102230246251565e-16,2.7755575615628914e-17,1e-09,1e-09,1,e52264e34a54280ff741f7239005aed7,,,1e-10,1,none,SUCCESS,
d3_frozen,1B,S1B-0010,10,601924010,3,5,4,uniform,0.5,3,0.1,5000,woe,,,0.0,0.0,1.1102230246251565e-16,-2.7755575615628914e-17,0.0,0.0,1.1102230246251565e-16,2.7755575615628914e-17,1.1102230246251565e-16,2.7755575615628914e-17,64,64,1,0.0,0.0,0.0,0.0,1.1102230246251565e-16,2.7755575615628914e-17,1e-09,1e-09,1,e52264e34a54280ff741f7239005aed7,,,1e-10,1,none,SUCCESS,
d3_frozen,1B,S1B-0010,10,601924010,3,5,4,uniform,0.5,3,0.1,5000,ordered_catboost_sim,,,0.0,0.0,1.1102230246251565e-16,-2.7755575615628914e-17,0.0,0.0,1.1102230246251565e-16,2.7755575615628914e-17,1.1102230246251565e-16,2.7755575615628914e-17,64,64,1,0.0,0.0,0.0,0.0,1.1102230246251565e-16,2.7755575615628914e-17,1e-09,1e-09,1,e52264e34a54280ff741f7239005aed7,,,1e-10,1,none,SUCCESS,
d3_frozen,1B,S1B-0010,10,601924010,3,5,4,uniform,0.5,3,0.1,5000,homals,,,0.0,0.0,1.1102230246251565e-16,0.0,0.0,0.0,1.1102230246251565e-16,0.0,1.1102230246251565e-16,0.0,64,64,1,0.0,0.0,0.0,0.0,1.1102230246251565e-16,0.0,1e-09,1e-09,1,e52264e34a54280ff741f7239005aed7,,,1e-10,1,none,SUCCESS,
d3_frozen,1B,S1B-0011,11,601924011,3,5,4,uniform,0.5,3,0.3,500,label,,,0.0,0.0,0.0,0.0,0.0,0.0,0.0,0.0,0.0,0.0,64,64,1,0.0,0.0,0.0,0.0,0.0,0.0,1e-09,1e-09,1,e52264e34a54280ff741f7239005aed7,,,1e-10,1,none,SUCCESS,
d3_frozen,1B,S1B-0011,11,601924011,3,5,4,uniform,0.5,3,0.3,500,onehot,,,0.0,0.0,0.0,0.0,0.0,0.0,0.0,0.0,0.0,0.0,64,64,1,0.0,0.0,0.0,0.0,0.0,0.0,1e-09,1e-09,1,e52264e34a54280ff741f7239005aed7,,,1e-10,1,none,SUCCESS,
d3_frozen,1B,S1B-0011,11,601924011,3,5,4,uniform,0.5,3,0.3,500,count,,,0.009910267413359874,0.0045050466833017055,0.009910267413359874,0.004505046683301761,1.5612511283791264e-17,5.898059818321144e-17,0.0,5.551115123125783e-17,1.3877787807814457e-17,3.469446951953614e-18,48,48,1,0.0100473911716326,0.0045736867333082,9.955768203320882e-05,4.628865661195157e-05,0.00013712375827272527,6.864005000643911e-05,0.0005973470921992529,0.00027773293967170947,1,bc51c077ac7de14c71518de2a5c9442c,,,1e-10,1,none,SUCCESS,
d3_frozen,1B,S1B-0011,11,601924011,3,5,4,uniform,0.5,3,0.3,500,hash_column,10,B0,0.03333874748517773,0.015262046454308703,0.033338747485176956,0.015262046454308481,7.563394355258879e-16,2.0990154059319366e-16,7.771561172376096e-16,2.220446049250313e-16,1.3877787807814457e-17,1.214306433183765e-17,240,240,1,0.0332357147171906,0.015226887366704,0.0002525442933254,0.0001169885143885,0.00010303276798635796,3.5159087604480846e-05,0.0015152667599524,0.000701932086331,1,5b594384085afae80cb1cab187c36bd5,,,1e-10,1,none,SUCCESS,
d3_frozen,1B,S1B-0011,11,601924011,3,5,4,uniform,0.5,3,0.3,500,hash_column,20,B1,0.017012273894151164,0.007598094994582527,0.017012273894150165,0.007598094994582222,1.061650767297806e-15,2.706168622523819e-16,9.992007221626409e-16,3.0531133177191805e-16,6.938893903907228e-18,2.168404344971009e-17,363,363,1,0.017086908849584,0.0076497103730452,0.000144543307907,6.543648056577556e-05,7.463495543383672e-05,5.1615378462978485e-05,0.0008672608474419999,0.00039261988339465336,1,3d2825b7d92099ed8ceb9ba050d5d390,,,1e-10,1,none,SUCCESS,
d3_frozen,1B,S1B-0011,11,601924011,3,5,4,uniform,0.5,3,0.3,500,hash_column,40,B2,0.008828555502920499,0.0039027215349007327,0.008828555502918611,0.003902721534900705,1.897787482718627e-15,3.2959746043559335e-17,1.887379141862766e-15,2.7755575615628914e-17,1.9081958235744878e-17,4.7704895589362195e-18,768,768,1,0.0087710841225989,0.0038856270157414,0.0001183869067399,5.2589491748887305e-05,5.74713803197114e-05,1.7094519159305006e-05,0.0007103224404394,0.00031553795049332387,1,3cf89093468c271e1bf273e2d0b3e30c,,,1e-10,1,none,SUCCESS,
d3_frozen,1B,S1B-0011,11,601924011,3,5,4,uniform,0.5,3,0.3,500,hash_shared,10,B0,0.06834883271137637,0.03216717954975762,0.06834883271137593,0.03216717954975745,4.3021142204224816e-16,6.938893903907228e-17,4.440892098500626e-16,1.6653345369377348e-16,0.0,4.163336342344337e-17,56,56,1,0.067710430716801,0.0318815027388668,0.0003302030882155,0.0001518742620032,0.0006384019945749331,0.00028567681089065183,0.001981219529293,0.0009112465720192,1,f3f5ad342e8943d339602bddd5233506,,,1e-10,1,none,SUCCESS,
d3_frozen,1B,S1B-0011,11,601924011,3,5,4,uniform,0.5,3,0.3,500,hash_shared,20,B1,0.06834883271137637,0.03216717954975762,0.06834883271137593,0.03216717954975748,4.3021142204224816e-16,6.938893903907228e-17,4.440892098500626e-16,1.3877787807814457e-16,0.0,1.3877787807814457e-17,56,56,1,0.067710430716801,0.0318815027388668,0.0003302030882155,0.0001518742620032,0.0006384019945749331,0.0002856768108906796,0.001981219529293,0.0009112465720192,1,f3f5ad342e8943d339602bddd5233506,,,1e-10,1,none,SUCCESS,
d3_frozen,1B,S1B-0011,11,601924011,3,5,4,uniform,0.5,3,0.3,500,hash_shared,40,B2,0.06834883271137637,0.03216717954975762,0.06834883271137593,0.03216717954975748,4.3021142204224816e-16,6.938893903907228e-17,4.440892098500626e-16,1.3877787807814457e-16,0.0,1.3877787807814457e-17,56,56,1,0.067710430716801,0.0318815027388668,0.0003302030882155,0.0001518742620032,0.0006384019945749331,0.0002856768108906796,0.001981219529293,0.0009112465720192,1,f3f5ad342e8943d339602bddd5233506,,,1e-10,1,none,SUCCESS,
d3_frozen,1B,S1B-0011,11,601924011,3,5,4,uniform,0.5,3,0.3,500,target,,,0.0,0.0,1.1102230246251565e-16,0.0,0.0,0.0,1.1102230246251565e-16,0.0,1.1102230246251565e-16,0.0,64,64,1,0.0,0.0,0.0,0.0,1.1102230246251565e-16,0.0,1e-09,1e-09,1,e52264e34a54280ff741f7239005aed7,,,1e-10,1,none,SUCCESS,
d3_frozen,1B,S1B-0011,11,601924011,3,5,4,uniform,0.5,3,0.3,500,woe,,,0.0,0.0,1.1102230246251565e-16,0.0,0.0,0.0,1.1102230246251565e-16,0.0,1.1102230246251565e-16,0.0,64,64,1,0.0,0.0,0.0,0.0,1.1102230246251565e-16,0.0,1e-09,1e-09,1,e52264e34a54280ff741f7239005aed7,,,1e-10,1,none,SUCCESS,
d3_frozen,1B,S1B-0011,11,601924011,3,5,4,uniform,0.5,3,0.3,500,ordered_catboost_sim,,,0.0,0.0,1.1102230246251565e-16,0.0,0.0,0.0,1.1102230246251565e-16,0.0,1.1102230246251565e-16,0.0,64,64,1,0.0,0.0,0.0,0.0,1.1102230246251565e-16,0.0,1e-09,1e-09,1,e52264e34a54280ff741f7239005aed7,,,1e-10,1,none,SUCCESS,
d3_frozen,1B,S1B-0011,11,601924011,3,5,4,uniform,0.5,3,0.3,500,homals,,,0.0,0.0,1.1102230246251565e-16,-2.7755575615628914e-17,0.0,0.0,1.1102230246251565e-16,2.7755575615628914e-17,1.1102230246251565e-16,2.7755575615628914e-17,64,64,1,0.0,0.0,0.0,0.0,1.1102230246251565e-16,2.7755575615628914e-17,1e-09,1e-09,1,e52264e34a54280ff741f7239005aed7,,,1e-10,1,none,SUCCESS,
d3_frozen,1B,S1B-0012,12,601924012,3,5,4,uniform,0.5,3,0.3,5000,label,,,0.0,0.0,0.0,0.0,0.0,0.0,0.0,0.0,0.0,0.0,64,64,1,0.0,0.0,0.0,0.0,0.0,0.0,1e-09,1e-09,1,e52264e34a54280ff741f7239005aed7,,,1e-10,1,none,SUCCESS,
d3_frozen,1B,S1B-0012,12,601924012,3,5,4,uniform,0.5,3,0.3,5000,onehot,,,0.0,0.0,0.0,-5.551115123125783e-17,0.0,0.0,0.0,5.551115123125783e-17,0.0,5.551115123125783e-17,64,64,1,0.0,0.0,0.0,0.0,0.0,5.551115123125783e-17,1e-09,1e-09,1,e52264e34a54280ff741f7239005aed7,,,1e-10,1,none,SUCCESS,
d3_frozen,1B,S1B-0012,12,601924012,3,5,4,uniform,0.5,3,0.3,5000,count,,,0.0,0.0,0.0,-2.7755575615628914e-17,0.0,0.0,0.0,2.7755575615628914e-17,0.0,2.7755575615628914e-17,64,64,1,0.0,0.0,0.0,0.0,0.0,2.7755575615628914e-17,1e-09,1e-09,1,e52264e34a54280ff741f7239005aed7,,,1e-10,1,none,SUCCESS,
d3_frozen,1B,S1B-0012,12,601924012,3,5,4,uniform,0.5,3,0.3,5000,hash_column,10,B0,0.04117803001835885,0.019524114782022872,0.041178030018358736,0.019524114782023733,2.7755575615628914e-17,8.916478666520788e-16,1.1102230246251565e-16,8.604228440844963e-16,6.938893903907228e-18,2.7755575615628914e-17,240,240,1,0.0409446165632882,0.019413636975384,0.0002229463034395,0.0001044359093176,0.00023341345507053857,0.00011047780663973189,0.0013376788206369999,0.0006266164559056,1,5b594384085afae80cb1cab187c36bd5,,,1e-10,1,none,SUCCESS,
d3_frozen,1B,S1B-0012,12,601924012,3,5,4,uniform,0.5,3,0.3,5000,hash_column,20,B1,0.03347097316120817,0.01578540924989605,0.033470973161208284,0.015785409249896992,1.249000902703301e-16,9.645062526431047e-16,1.1102230246251565e-16,9.43689570931383e-16,2.7755575615628914e-17,2.0816681711721685e-17,363,363,1,0.0332608659238155,0.0156860562380608,0.000191409310048,8.954397684382253e-05,0.00021010723739278703,9.935301183619169e-05,0.0011484568602879999,0.0005372648610629352,1,3d2825b7d92099ed8ceb9ba050d5d390,,,1e-10,1,none,SUCCESS,
d3_frozen,1B,S1B-0012,12,601924012,3,5,4,uniform,0.5,3,0.3,5000,hash_column,40,B2,0.01478274151440262,0.006974459861925519,0.014782741514403841,0.00697445986192638,1.3079815008865125e-15,8.491471414906471e-16,1.2212453270876722e-15,8.604228440844963e-16,6.245004513516506e-17,3.469446951953614e-18,768,768,1,0.0147459151170503,0.0069567486771538,9.9783083590117e-05,4.7536107704370325e-05,3.6826397353540916e-05,1.7711184772580164e-05,0.0005986995015407019,0.000285217646226222,1,3cf89093468c271e1bf273e2d0b3e30c,,,1e-10,1,none,SUCCESS,
d3_frozen,1B,S1B-0012,12,601924012,3,5,4,uniform,0.5,3,0.3,5000,hash_shared,10,B0,0.059688305379586026,0.02857787424365371,0.05968830537958536,0.02857787424365446,6.453171330633722e-16,8.187894806610529e-16,6.661338147750939e-16,7.494005416219807e-16,4.85722573273506e-17,1.3877787807814457e-17,56,56,1,0.0594896417090405,0.0284862062795998,0.0002706349303081,0.0001266104946255,0.00019866367054485745,9.166796405465916e-05,0.0016238105818486,0.000759663967753,1,f3f5ad342e8943d339602bddd5233506,,,1e-10,1,none,SUCCESS,
d3_frozen,1B,S1B-0012,12,601924012,3,5,4,uniform,0.5,3,0.3,5000,hash_shared,20,B1,0.059688305379586026,0.02857787424365371,0.05968830537958536,0.02857787424365446,6.453171330633722e-16,8.187894806610529e-16,6.661338147750939e-16,7.494005416219807e-16,4.85722573273506e-17,1.3877787807814457e-17,56,56,1,0.0594896417090405,0.0284862062795998,0.0002706349303081,0.0001266104946255,0.00019866367054485745,9.166796405465916e-05,0.0016238105818486,0.000759663967753,1,f3f5ad342e8943d339602bddd5233506,,,1e-10,1,none,SUCCESS,
d3_frozen,1B,S1B-0012,12,601924012,3,5,4,uniform,0.5,3,0.3,5000,hash_shared,40,B2,0.059688305379586026,0.02857787424365371,0.05968830537958547,0.028577874243654516,6.453171330633722e-16,8.187894806610529e-16,5.551115123125783e-16,8.049116928532385e-16,6.245004513516506e-17,4.163336342344337e-17,56,56,1,0.0594896417090405,0.0284862062795998,0.0002706349303081,0.0001266104946255,0.00019866367054496847,9.166796405471467e-05,0.0016238105818486,0.000759663967753,1,f3f5ad342e8943d339602bddd5233506,,,1e-10,1,none,SUCCESS,
d3_frozen,1B,S1B-0012,12,601924012,3,5,4,uniform,0.5,3,0.3,5000,target,,,0.0,0.0,1.1102230246251565e-16,-2.7755575615628914e-17,0.0,0.0,1.1102230246251565e-16,2.7755575615628914e-17,1.1102230246251565e-16,2.7755575615628914e-17,64,64,1,0.0,0.0,0.0,0.0,1.1102230246251565e-16,2.7755575615628914e-17,1e-09,1e-09,1,e52264e34a54280ff741f7239005aed7,,,1e-10,1,none,SUCCESS,
d3_frozen,1B,S1B-0012,12,601924012,3,5,4,uniform,0.5,3,0.3,5000,woe,,,0.0,0.0,1.1102230246251565e-16,-2.7755575615628914e-17,0.0,0.0,1.1102230246251565e-16,2.7755575615628914e-17,1.1102230246251565e-16,2.7755575615628914e-17,64,64,1,0.0,0.0,0.0,0.0,1.1102230246251565e-16,2.7755575615628914e-17,1e-09,1e-09,1,e52264e34a54280ff741f7239005aed7,,,1e-10,1,none,SUCCESS,
d3_frozen,1B,S1B-0012,12,601924012,3,5,4,uniform,0.5,3,0.3,5000,ordered_catboost_sim,,,0.0,0.0,1.1102230246251565e-16,-2.7755575615628914e-17,0.0,0.0,1.1102230246251565e-16,2.7755575615628914e-17,1.1102230246251565e-16,2.7755575615628914e-17,64,64,1,0.0,0.0,0.0,0.0,1.1102230246251565e-16,2.7755575615628914e-17,1e-09,1e-09,1,e52264e34a54280ff741f7239005aed7,,,1e-10,1,none,SUCCESS,
d3_frozen,1B,S1B-0012,12,601924012,3,5,4,uniform,0.5,3,0.3,5000,homals,,,0.0,0.0,-1.1102230246251565e-16,0.0,0.0,0.0,1.1102230246251565e-16,0.0,1.1102230246251565e-16,0.0,64,64,1,0.0,0.0,0.0,0.0,1.1102230246251565e-16,0.0,1e-09,1e-09,1,e52264e34a54280ff741f7239005aed7,,,1e-10,1,none,SUCCESS,
d3_frozen,1B,S1B-0013,13,285110013,3,5,4,uniform,1.5,0,0.0,500,label,,,0.0,0.0,0.0,0.0,0.0,0.0,0.0,0.0,0.0,0.0,64,64,1,0.0,0.0,0.0,0.0,0.0,0.0,1e-09,1e-09,1,e52264e34a54280ff741f7239005aed7,,,1e-10,1,none,SUCCESS,
d3_frozen,1B,S1B-0013,13,285110013,3,5,4,uniform,1.5,0,0.0,500,onehot,,,0.0,0.0,1.1102230246251565e-16,0.0,0.0,0.0,1.1102230246251565e-16,0.0,1.1102230246251565e-16,0.0,64,64,1,0.0,0.0,0.0,0.0,1.1102230246251565e-16,0.0,1e-09,1e-09,1,e52264e34a54280ff741f7239005aed7,,,1e-10,1,none,SUCCESS,
d3_frozen,1B,S1B-0013,13,285110013,3,5,4,uniform,1.5,0,0.0,500,count,,,0.0,0.0,0.0,0.0,0.0,0.0,0.0,0.0,0.0,0.0,64,64,1,0.0,0.0,0.0,0.0,0.0,0.0,1e-09,1e-09,1,e52264e34a54280ff741f7239005aed7,,,1e-10,1,none,SUCCESS,
d3_frozen,1B,S1B-0013,13,285110013,3,5,4,uniform,1.5,0,0.0,500,hash_column,10,B0,0.03927952714266281,0.01868390194439931,0.03927952714266225,0.018683901944399756,6.106226635438361e-16,4.371503159461554e-16,5.551115123125783e-16,4.440892098500626e-16,1.1102230246251565e-16,6.938893903907228e-18,240,240,1,0.0392245233654605,0.0186605532995212,0.0001868298471851,9.015090562315956e-05,5.500377720175226e-05,2.334864487855623e-05,0.0011209800831106,0.0005409064337389574,1,5b594384085afae80cb1cab187c36bd5,,,1e-10,1,none,SUCCESS,
d3_frozen,1B,S1B-0013,13,285110013,3,5,4,uniform,1.5,0,0.0,500,hash_column,20,B1,0.02784274430820388,0.01321567463477824,0.027842744308203216,0.01321567463477863,6.83481049534862e-16,3.5214886562329184e-16,6.661338147750939e-16,3.885780586188048e-16,1.3877787807814457e-17,1.3877787807814457e-17,363,363,1,0.0278397565620149,0.013213328782316,0.0001485227491933,7.18350213373238e-05,2.987746188315432e-06,2.3458524626290833e-06,0.0008911374951598001,0.0004310111280239428,1,3d2825b7d92099ed8ceb9ba050d5d390,,,1e-10,1,none,SUCCESS,
d3_frozen,1B,S1B-0013,13,285110013,3,5,4,uniform,1.5,0,0.0,500,hash_column,40,B2,0.021663055861412372,0.010254994843426735,0.02166305586141104,0.010254994843426068,1.5439038936193583e-15,6.696032617270475e-16,1.3322676295501878e-15,6.661338147750939e-16,1.700029006457271e-16,0.0,768,768,1,0.0216456022326991,0.0102453432532694,0.0001105736573975,5.360779691065371e-05,1.7453628711940755e-05,9.651590156667736e-06,0.000663442944385,0.00032164778146392226,1,3cf89093468c271e1bf273e2d0b3e30c,,,1e-10,1,none,SUCCESS,
d3_frozen,1B,S1B-0013,13,285110013,3,5,4,uniform,1.5,0,0.0,500,hash_shared,10,B0,0.06546482368131623,0.03145570250237634,0.06546482368131534,0.03145570250237725,1.0408340855860843e-15,9.08995101411847e-16,8.881784197001252e-16,9.159339953157541e-16,1.1102230246251565e-16,2.7755575615628914e-17,56,56,1,0.0657810337159315,0.0316115067892849,0.000250317981796,0.0001188304358699,0.0003162100346161545,0.00015580428690764592,0.0015019088907759998,0.0007129836152194,1,f3f5ad342e8943d339602bddd5233506,,,1e-10,1,none,SUCCESS,
d3_frozen,1B,S1B-0013,13,285110013,3,5,4,uniform,1.5,0,0.0,500,hash_shared,20,B1,0.06546482368131623,0.03145570250237634,0.06546482368131534,0.03145570250237728,1.0408340855860843e-15,9.08995101411847e-16,8.881784197001252e-16,9.43689570931383e-16,1.1102230246251565e-16,0.0,56,56,1,0.0657810337159315,0.0316115067892849,0.000250317981796,0.0001188304358699,0.0003162100346161545,0.00015580428690761816,0.0015019088907759998,0.0007129836152194,1,f3f5ad342e8943d339602bddd5233506,,,1e-10,1,none,SUCCESS,
d3_frozen,1B,S1B-0013,13,285110013,3,5,4,uniform,1.5,0,0.0,500,hash_shared,40,B2,0.06546482368131623,0.03145570250237634,0.06546482368131534,0.03145570250237728,1.0408340855860843e-15,9.08995101411847e-16,8.881784197001252e-16,9.43689570931383e-16,1.1102230246251565e-16,0.0,56,56,1,0.0657810337159315,0.0316115067892849,0.000250317981796,0.0001188304358699,0.0003162100346161545,0.00015580428690761816,0.0015019088907759998,0.0007129836152194,1,f3f5ad342e8943d339602bddd5233506,,,1e-10,1,none,SUCCESS,
d3_frozen,1B,S1B-0013,13,285110013,3,5,4,uniform,1.5,0,0.0,500,target,,,0.0,0.0,1.1102230246251565e-16,0.0,0.0,0.0,1.1102230246251565e-16,0.0,1.1102230246251565e-16,0.0,64,64,1,0.0,0.0,0.0,0.0,1.1102230246251565e-16,0.0,1e-09,1e-09,1,e52264e34a54280ff741f7239005aed7,,,1e-10,1,none,SUCCESS,
d3_frozen,1B,S1B-0013,13,285110013,3,5,4,uniform,1.5,0,0.0,500,woe,,,0.0,0.0,1.1102230246251565e-16,0.0,0.0,0.0,1.1102230246251565e-16,0.0,1.1102230246251565e-16,0.0,64,64,1,0.0,0.0,0.0,0.0,1.1102230246251565e-16,0.0,1e-09,1e-09,1,e52264e34a54280ff741f7239005aed7,,,1e-10,1,none,SUCCESS,
d3_frozen,1B,S1B-0013,13,285110013,3,5,4,uniform,1.5,0,0.0,500,ordered_catboost_sim,,,0.0,0.0,1.1102230246251565e-16,0.0,0.0,0.0,1.1102230246251565e-16,0.0,1.1102230246251565e-16,0.0,64,64,1,0.0,0.0,0.0,0.0,1.1102230246251565e-16,0.0,1e-09,1e-09,1,e52264e34a54280ff741f7239005aed7,,,1e-10,1,none,SUCCESS,
d3_frozen,1B,S1B-0013,13,285110013,3,5,4,uniform,1.5,0,0.0,500,homals,,,0.0,0.0,1.1102230246251565e-16,0.0,0.0,0.0,1.1102230246251565e-16,0.0,1.1102230246251565e-16,0.0,64,64,1,0.0,0.0,0.0,0.0,1.1102230246251565e-16,0.0,1e-09,1e-09,1,e52264e34a54280ff741f7239005aed7,,,1e-10,1,none,SUCCESS,
d3_frozen,1B,S1B-0014,14,285110014,3,5,4,uniform,1.5,0,0.0,5000,label,,,0.0,0.0,0.0,0.0,0.0,0.0,0.0,0.0,0.0,0.0,64,64,1,0.0,0.0,0.0,0.0,0.0,0.0,1e-09,1e-09,1,e52264e34a54280ff741f7239005aed7,,,1e-10,1,none,SUCCESS,
d3_frozen,1B,S1B-0014,14,285110014,3,5,4,uniform,1.5,0,0.0,5000,onehot,,,0.0,0.0,0.0,2.7755575615628914e-17,0.0,0.0,0.0,2.7755575615628914e-17,0.0,2.7755575615628914e-17,64,64,1,0.0,0.0,0.0,0.0,0.0,2.7755575615628914e-17,1e-09,1e-09,1,e52264e34a54280ff741f7239005aed7,,,1e-10,1,none,SUCCESS,
d3_frozen,1B,S1B-0014,14,285110014,3,5,4,uniform,1.5,0,0.0,5000,count,,,0.0,0.0,0.0,2.7755575615628914e-17,0.0,0.0,0.0,2.7755575615628914e-17,0.0,2.7755575615628914e-17,64,64,1,0.0,0.0,0.0,0.0,0.0,2.7755575615628914e-17,1e-09,1e-09,1,e52264e34a54280ff741f7239005aed7,,,1e-10,1,none,SUCCESS,
d3_frozen,1B,S1B-0014,14,285110014,3,5,4,uniform,1.5,0,0.0,5000,hash_column,10,B0,0.01729432769414463,0.008430725718355764,0.01729432769414685,0.008430725718353849,2.203098814490545e-15,1.9897278269453977e-15,2.220446049250313e-15,1.915134717478395e-15,2.0816681711721685e-17,4.683753385137379e-17,240,240,1,0.0173462012583245,0.0084560277146442,0.0001022092109612,5.001292679032334e-05,5.1873564177649933e-05,2.530199629035071e-05,0.0006132562657672,0.00030007856074194003,1,5b594384085afae80cb1cab187c36bd5,,,1e-10,1,none,SUCCESS,
d3_frozen,1B,S1B-0014,14,285110014,3,5,4,uniform,1.5,0,0.0,5000,hash_column,20,B1,0.008936536168735909,0.004360781507974365,0.008936536168738463,0.004360781507972394,2.5049406993105094e-15,2.0088097851811426e-15,2.55351295663786e-15,1.970645868709653e-15,5.377642775528102e-17,3.642919299551295e-17,363,363,1,0.0089988991897005,0.0043914363619355,4.902247390126207e-05,2.4163307761999515e-05,6.236302096203697e-05,3.065485396310571e-05,0.00029413584340757246,0.00014498084657199709,1,3d2825b7d92099ed8ceb9ba050d5d390,,,1e-10,1,none,SUCCESS,
d3_frozen,1B,S1B-0014,14,285110014,3,5,4,uniform,1.5,0,0.0,5000,hash_column,40,B2,0.007300662069347985,0.003569609421669784,0.0073006620693497615,0.0035696094216690066,1.7633464133304244e-15,7.858297346174936e-16,1.7763568394002505e-15,7.771561172376096e-16,6.938893903907228e-18,1.9949319973733282e-17,768,768,1,0.0072890280405425,0.0035637041988796,3.3837189040138837e-05,1.6589562350974428e-05,1.1634028807261214e-05,5.905222789406774e-06,0.000203024134240833,9.953837410584657e-05,1,3cf89093468c271e1bf273e2d0b3e30c,,,1e-10,1,none,SUCCESS,
d3_frozen,1B,S1B-0014,14,285110014,3,5,4,uniform,1.5,0,0.0,5000,hash_shared,10,B0,0.029192758065991198,0.014266289766471124,0.029192758065993307,0.014266289766469098,2.0886070650760757e-15,2.050443148604586e-15,2.1094237467877974e-15,2.0261570199409107e-15,1.0408340855860843e-17,5.204170427930421e-17,56,56,1,0.0293274579708949,0.0143329818774294,0.000139992527496,6.816389634353136e-05,0.00013469990490159317,6.669211096030185e-05,0.000839956164976,0.0004089843780611882,1,f3f5ad342e8943d339602bddd5233506,,,1e-10,1,none,SUCCESS,
d3_frozen,1B,S1B-0014,14,285110014,3,5,4,uniform,1.5,0,0.0,5000,hash_shared,20,B1,0.029192758065991198,0.014266289766471124,0.02919275806599342,0.014266289766469098,2.0886070650760757e-15,2.050443148604586e-15,2.220446049250313e-15,2.0261570199409107e-15,1.0061396160665481e-16,5.377642775528102e-17,56,56,1,0.0293274579708949,0.0143329818774294,0.000139992527496,6.816389634353136e-05,0.00013469990490148215,6.669211096030185e-05,0.000839956164976,0.0004089843780611882,1,f3f5ad342e8943d339602bddd5233506,,,1e-10,1,none,SUCCESS,
d3_frozen,1B,S1B-0014,14,285110014,3,5,4,uniform,1.5,0,0.0,5000,hash_shared,40,B2,0.029192758065991198,0.014266289766471124,0.02919275806599342,0.01426628976646907,2.0886070650760757e-15,2.050443148604586e-15,2.220446049250313e-15,2.0539125955565396e-15,1.0061396160665481e-16,2.6020852139652106e-17,56,56,1,0.0293274579708949,0.0143329818774294,0.000139992527496,6.816389634353136e-05,0.00013469990490148215,6.66921109603296e-05,0.000839956164976,0.0004089843780611882,1,f3f5ad342e8943d339602bddd5233506,,,1e-10,1,none,SUCCESS,
d3_frozen,1B,S1B-0014,14,285110014,3,5,4,uniform,1.5,0,0.0,5000,target,,,0.0,0.0,0.0,2.7755575615628914e-17,0.0,0.0,0.0,2.7755575615628914e-17,0.0,2.7755575615628914e-17,64,64,1,0.0,0.0,0.0,0.0,0.0,2.7755575615628914e-17,1e-09,1e-09,1,e52264e34a54280ff741f7239005aed7,,,1e-10,1,none,SUCCESS,
d3_frozen,1B,S1B-0014,14,285110014,3,5,4,uniform,1.5,0,0.0,5000,woe,,,0.0,0.0,0.0,2.7755575615628914e-17,0.0,0.0,0.0,2.7755575615628914e-17,0.0,2.7755575615628914e-17,64,64,1,0.0,0.0,0.0,0.0,0.0,2.7755575615628914e-17,1e-09,1e-09,1,e52264e34a54280ff741f7239005aed7,,,1e-10,1,none,SUCCESS,
d3_frozen,1B,S1B-0014,14,285110014,3,5,4,uniform,1.5,0,0.0,5000,ordered_catboost_sim,,,0.0,0.0,0.0,2.7755575615628914e-17,0.0,0.0,0.0,2.7755575615628914e-17,0.0,2.7755575615628914e-17,64,64,1,0.0,0.0,0.0,0.0,0.0,2.7755575615628914e-17,1e-09,1e-09,1,e52264e34a54280ff741f7239005aed7,,,1e-10,1,none,SUCCESS,
d3_frozen,1B,S1B-0014,14,285110014,3,5,4,uniform,1.5,0,0.0,5000,homals,,,0.0,0.0,1.1102230246251565e-16,2.7755575615628914e-17,0.0,0.0,1.1102230246251565e-16,2.7755575615628914e-17,1.1102230246251565e-16,2.7755575615628914e-17,64,64,1,0.0,0.0,0.0,0.0,1.1102230246251565e-16,2.7755575615628914e-17,1e-09,1e-09,1,e52264e34a54280ff741f7239005aed7,,,1e-10,1,none,SUCCESS,
d3_frozen,1B,S1B-0015,15,285110015,3,5,4,uniform,1.5,0,0.1,500,label,,,0.0,0.0,0.0,0.0,0.0,0.0,0.0,0.0,0.0,0.0,64,64,1,0.0,0.0,0.0,0.0,0.0,0.0,1e-09,1e-09,1,e52264e34a54280ff741f7239005aed7,,,1e-10,1,none,SUCCESS,
d3_frozen,1B,S1B-0015,15,285110015,3,5,4,uniform,1.5,0,0.1,500,onehot,,,0.0,0.0,0.0,0.0,0.0,0.0,0.0,0.0,0.0,0.0,64,64,1,0.0,0.0,0.0,0.0,0.0,0.0,1e-09,1e-09,1,e52264e34a54280ff741f7239005aed7,,,1e-10,1,none,SUCCESS,
d3_frozen,1B,S1B-0015,15,285110015,3,5,4,uniform,1.5,0,0.1,500,count,,,0.0,0.0,0.0,0.0,0.0,0.0,0.0,0.0,0.0,0.0,64,64,1,0.0,0.0,0.0,0.0,0.0,0.0,1e-09,1e-09,1,e52264e34a54280ff741f7239005aed7,,,1e-10,1,none,SUCCESS,
d3_frozen,1B,S1B-0015,15,285110015,3,5,4,uniform,1.5,0,0.1,500,hash_column,10,B0,0.025724323559855655,0.012000333244282596,0.025724323559860873,0.012000333244282735,5.263151026113633e-15,1.457167719820518e-16,5.218048215738236e-15,1.3877787807814457e-16,3.469446951953614e-17,6.938893903907228e-18,240,240,1,0.0255940188696173,0.0119416961326535,0.0001507255529526,7.196852309572722e-05,0.00013030469024357186,5.863711162923564e-05,0.0009043543177156,0.0004318121385743633,1,5b594384085afae80cb1cab187c36bd5,,,1e-10,1,none,SUCCESS,
d3_frozen,1B,S1B-0015,15,285110015,3,5,4,uniform,1.5,0,0.1,500,hash_column,20,B1,0.017047707232201503,0.00788478741697643,0.017047707232206277,0.007884787416976402,4.690692279041286e-15,2.42861286636753e-17,4.773959005888173e-15,2.7755575615628914e-17,3.469446951953614e-17,6.938893903907228e-18,363,363,1,0.0170313615668111,0.0078795902901985,9.916542865825963e-05,4.729398962736441e-05,1.63456653951774e-05,5.1971267779026e-06,0.0005949935719495579,0.00028376493776418644,1,3d2825b7d92099ed8ceb9ba050d5d390,,,1e-10,1,none,SUCCESS,
d3_frozen,1B,S1B-0015,15,285110015,3,5,4,uniform,1.5,0,0.1,500,hash_column,40,B2,0.0015566987161658163,0.0007150059993820401,0.0015566987161697021,0.0007150059993821234,3.8161748067144785e-15,7.806255641895632e-17,3.885780586188048e-15,8.326672684688674e-17,6.526897078362737e-17,6.288372600415926e-18,768,768,1,0.001560220093266,0.0007167234226674,9.04906371440636e-06,4.304576846730041e-06,3.5213770962978005e-06,1.7174232852766591e-06,5.429538228643816e-05,2.5828461080380244e-05,1,3cf89093468c271e1bf273e2d0b3e30c,,,1e-10,1,none,SUCCESS,
d3_frozen,1B,S1B-0015,15,285110015,3,5,4,uniform,1.5,0,0.1,500,hash_shared,10,B0,0.06101050836796662,0.028924073388021138,0.06101050836797173,0.02892407338802136,5.1833537462186996e-15,2.463307335887066e-16,5.10702591327572e-15,2.220446049250313e-16,1.3877787807814457e-17,6.938893903907228e-18,56,56,1,0.0609014559138315,0.0288683700928811,0.0002711854781076,0.0001274423451637,0.00010905245414023074,5.570329514026015e-05,0.0016271138686456,0.0007646550709822,1,f3f5ad342e8943d339602bddd5233506,,,1e-10,1,none,SUCCESS,
d3_frozen,1B,S1B-0015,15,285110015,3,5,4,uniform,1.5,0,0.1,500,hash_shared,20,B1,0.06101050836796662,0.028924073388021138,0.06101050836797173,0.028924073388021387,5.1833537462186996e-15,2.463307335887066e-16,5.10702591327572e-15,2.498001805406602e-16,1.3877787807814457e-17,2.0816681711721685e-17,56,56,1,0.0609014559138315,0.0288683700928811,0.0002711854781076,0.0001274423451637,0.00010905245414023074,5.5703295140287906e-05,0.0016271138686456,0.0007646550709822,1,f3f5ad342e8943d339602bddd5233506,,,1e-10,1,none,SUCCESS,
d3_frozen,1B,S1B-0015,15,285110015,3,5,4,uniform,1.5,0,0.1,500,hash_shared,40,B2,0.06101050836796662,0.028924073388021138,0.06101050836797173,0.028924073388021332,5.1833537462186996e-15,2.463307335887066e-16,5.10702591327572e-15,1.942890293094024e-16,1.3877787807814457e-17,3.469446951953614e-17,56,56,1,0.0609014559138315,0.0288683700928811,0.0002711854781076,0.0001274423451637,0.00010905245414023074,5.5703295140232395e-05,0.0016271138686456,0.0007646550709822,1,f3f5ad342e8943d339602bddd5233506,,,1e-10,1,none,SUCCESS,
d3_frozen,1B,S1B-0015,15,285110015,3,5,4,uniform,1.5,0,0.1,500,target,,,0.0,0.0,0.0,2.7755575615628914e-17,0.0,0.0,0.0,2.7755575615628914e-17,0.0,2.7755575615628914e-17,64,64,1,0.0,0.0,0.0,0.0,0.0,2.7755575615628914e-17,1e-09,1e-09,1,e52264e34a54280ff741f7239005aed7,,,1e-10,1,none,SUCCESS,
d3_frozen,1B,S1B-0015,15,285110015,3,5,4,uniform,1.5,0,0.1,500,woe,,,0.0,0.0,0.0,2.7755575615628914e-17,0.0,0.0,0.0,2.7755575615628914e-17,0.0,2.7755575615628914e-17,64,64,1,0.0,0.0,0.0,0.0,0.0,2.7755575615628914e-17,1e-09,1e-09,1,e52264e34a54280ff741f7239005aed7,,,1e-10,1,none,SUCCESS,
d3_frozen,1B,S1B-0015,15,285110015,3,5,4,uniform,1.5,0,0.1,500,ordered_catboost_sim,,,0.0,0.0,0.0,2.7755575615628914e-17,0.0,0.0,0.0,2.7755575615628914e-17,0.0,2.7755575615628914e-17,64,64,1,0.0,0.0,0.0,0.0,0.0,2.7755575615628914e-17,1e-09,1e-09,1,e52264e34a54280ff741f7239005aed7,,,1e-10,1,none,SUCCESS,
d3_frozen,1B,S1B-0015,15,285110015,3,5,4,uniform,1.5,0,0.1,500,homals,,,0.0,0.0,0.0,0.0,0.0,0.0,0.0,0.0,0.0,0.0,64,64,1,0.0,0.0,0.0,0.0,0.0,0.0,1e-09,1e-09,1,e52264e34a54280ff741f7239005aed7,,,1e-10,1,none,SUCCESS,
d3_frozen,1B,S1B-0016,16,285110016,3,5,4,uniform,1.5,0,0.1,5000,label,,,0.0,0.0,0.0,0.0,0.0,0.0,0.0,0.0,0.0,0.0,64,64,1,0.0,0.0,0.0,0.0,0.0,0.0,1e-09,1e-09,1,e52264e34a54280ff741f7239005aed7,,,1e-10,1,none,SUCCESS,
d3_frozen,1B,S1B-0016,16,285110016,3,5,4,uniform,1.5,0,0.1,5000,onehot,,,0.0,0.0,1.1102230246251565e-16,0.0,0.0,0.0,1.1102230246251565e-16,0.0,1.1102230246251565e-16,0.0,64,64,1,0.0,0.0,0.0,0.0,1.1102230246251565e-16,0.0,1e-09,1e-09,1,e52264e34a54280ff741f7239005aed7,,,1e-10,1,none,SUCCESS,
d3_frozen,1B,S1B-0016,16,285110016,3,5,4,uniform,1.5,0,0.1,5000,count,,,0.0,0.0,0.0,0.0,0.0,0.0,0.0,0.0,0.0,0.0,64,64,1,0.0,0.0,0.0,0.0,0.0,0.0,1e-09,1e-09,1,e52264e34a54280ff741f7239005aed7,,,1e-10,1,none,SUCCESS,
d3_frozen,1B,S1B-0016,16,285110016,3,5,4,uniform,1.5,0,0.1,5000,hash_column,10,B0,0.015776073706820437,0.007405107326563187,0.0157760737068251,0.007405107326561883,4.73232564246473e-15,1.3296655443362226e-15,4.6629367034256575e-15,1.304512053934559e-15,5.551115123125783e-17,3.642919299551295e-17,240,240,1,0.0160802983185119,0.0075483084415244,0.0001208633245816,5.731046783106719e-05,0.0003042246116868007,0.00014320111496251686,0.0007251809474896,0.0003438638069864032,1,5b594384085afae80cb1cab187c36bd5,,,1e-10,1,none,SUCCESS,
d3_frozen,1B,S1B-0016,16,285110016,3,5,4,uniform,1.5,0,0.1,5000,hash_column,20,B1,0.0027971748488491155,0.0012817602115857696,0.0027971748488534454,0.001281760211584354,4.3684673933785945e-15,1.43158054854986e-15,4.3298697960381105e-15,1.4155343563970746e-15,5.160802341031001e-17,9.75781955236954e-18,363,363,1,0.0027704683451991,0.0012690252820996,1.8662099467022853e-05,8.646106858709652e-06,2.6706503654345265e-05,1.273492948475406e-05,0.00011197359680213712,5.187764115225792e-05,1,3d2825b7d92099ed8ceb9ba050d5d390,,,1e-10,1,none,SUCCESS,
d3_frozen,1B,S1B-0016,16,285110016,3,5,4,uniform,1.5,0,0.1,5000,hash_column,40,B2,6.905322972539096e-06,3.2121763024473005e-06,6.905322976313855e-06,3.2121763012538107e-06,3.831301121086546e-15,1.191598750417298e-15,3.774758283725532e-15,1.1934897514720433e-15,5.656486021764218e-17,1.886342373535327e-18,768,768,1,6.835928716975026e-06,3.1802636103472892e-06,3.9254095304130815e-08,1.8988139358252753e-08,6.939425933882859e-08,3.191269090652149e-08,2.3652457182478487e-07,1.149288361495165e-07,1,3cf89093468c271e1bf273e2d0b3e30c,,,1e-10,1,none,SUCCESS,
d3_frozen,1B,S1B-0016,16,285110016,3,5,4,uniform,1.5,0,0.1,5000,hash_shared,10,B0,0.04988507137004716,0.023906500471779946,0.04988507137005216,0.02390650047177864,5.051514762044462e-15,1.304512053934559e-15,4.9960036108132044e-15,1.304512053934559e-15,8.326672684688674e-17,2.0816681711721685e-17,56,56,1,0.0500501126203211,0.0239788431422294,0.0002326428886705,0.0001099588313621,0.00016504125026894217,7.234267045076043e-05,0.001395858332023,0.0006597539881726001,1,f3f5ad342e8943d339602bddd5233506,,,1e-10,1,none,SUCCESS,
d3_frozen,1B,S1B-0016,16,285110016,3,5,4,uniform,1.5,0,0.1,5000,hash_shared,20,B1,0.04988507137004716,0.023906500471779946,0.04988507137005216,0.02390650047177864,5.051514762044462e-15,1.304512053934559e-15,4.9960036108132044e-15,1.304512053934559e-15,8.326672684688674e-17,2.0816681711721685e-17,56,56,1,0.0500501126203211,0.0239788431422294,0.0002326428886705,0.0001099588313621,0.00016504125026894217,7.234267045076043e-05,0.001395858332023,0.0006597539881726001,1,f3f5ad342e8943d339602bddd5233506,,,1e-10,1,none,SUCCESS,
d3_frozen,1B,S1B-0016,16,285110016,3,5,4,uniform,1.5,0,0.1,5000,hash_shared,40,B2,0.04988507137004716,0.023906500471779946,0.04988507137005216,0.02390650047177867,5.051514762044462e-15,1.304512053934559e-15,4.9960036108132044e-15,1.27675647831893e-15,8.326672684688674e-17,6.938893903907228e-18,56,56,1,0.0500501126203211,0.0239788431422294,0.0002326428886705,0.0001099588313621,0.00016504125026894217,7.234267045073267e-05,0.001395858332023,0.0006597539881726001,1,f3f5ad342e8943d339602bddd5233506,,,1e-10,1,none,SUCCESS,
d3_frozen,1B,S1B-0016,16,285110016,3,5,4,uniform,1.5,0,0.1,5000,target,,,0.0,0.0,0.0,0.0,0.0,0.0,0.0,0.0,0.0,0.0,64,64,1,0.0,0.0,0.0,0.0,0.0,0.0,1e-09,1e-09,1,e52264e34a54280ff741f7239005aed7,,,1e-10,1,none,SUCCESS,
d3_frozen,1B,S1B-0016,16,285110016,3,5,4,uniform,1.5,0,0.1,5000,woe,,,0.0,0.0,0.0,0.0,0.0,0.0,0.0,0.0,0.0,0.0,64,64,1,0.0,0.0,0.0,0.0,0.0,0.0,1e-09,1e-09,1,e52264e34a54280ff741f7239005aed7,,,1e-10,1,none,SUCCESS,
d3_frozen,1B,S1B-0016,16,285110016,3,5,4,uniform,1.5,0,0.1,5000,ordered_catboost_sim,,,0.0,0.0,0.0,0.0,0.0,0.0,0.0,0.0,0.0,0.0,64,64,1,0.0,0.0,0.0,0.0,0.0,0.0,1e-09,1e-09,1,e52264e34a54280ff741f7239005aed7,,,1e-10,1,none,SUCCESS,
d3_frozen,1B,S1B-0016,16,285110016,3,5,4,uniform,1.5,0,0.1,5000,homals,,,0.0,0.0,0.0,-2.7755575615628914e-17,0.0,0.0,0.0,2.7755575615628914e-17,0.0,2.7755575615628914e-17,64,64,1,0.0,0.0,0.0,0.0,0.0,2.7755575615628914e-17,1e-09,1e-09,1,e52264e34a54280ff741f7239005aed7,,,1e-10,1,none,SUCCESS,
d3_frozen,1B,S1B-0017,17,285110017,3,5,4,uniform,1.5,0,0.3,500,label,,,0.0,0.0,0.0,0.0,0.0,0.0,0.0,0.0,0.0,0.0,64,64,1,0.0,0.0,0.0,0.0,0.0,0.0,1e-09,1e-09,1,e52264e34a54280ff741f7239005aed7,,,1e-10,1,none,SUCCESS,
d3_frozen,1B,S1B-0017,17,285110017,3,5,4,uniform,1.5,0,0.3,500,onehot,,,0.0,0.0,-2.220446049250313e-16,0.0,0.0,0.0,2.220446049250313e-16,0.0,2.220446049250313e-16,0.0,64,64,1,0.0,0.0,0.0,0.0,2.220446049250313e-16,0.0,1e-09,1e-09,1,e52264e34a54280ff741f7239005aed7,,,1e-10,1,none,SUCCESS,
d3_frozen,1B,S1B-0017,17,285110017,3,5,4,uniform,1.5,0,0.3,500,count,,,0.0,0.0,-2.220446049250313e-16,0.0,0.0,0.0,2.220446049250313e-16,0.0,2.220446049250313e-16,0.0,64,64,1,0.0,0.0,0.0,0.0,2.220446049250313e-16,0.0,1e-09,1e-09,1,e52264e34a54280ff741f7239005aed7,,,1e-10,1,none,SUCCESS,
d3_frozen,1B,S1B-0017,17,285110017,3,5,4,uniform,1.5,0,0.3,500,hash_column,10,B0,0.05382422361908068,0.022089775573921444,0.05382422361908057,0.02208977557392161,3.2612801348363973e-16,1.0408340855860843e-16,1.1102230246251565e-16,1.6653345369377348e-16,1.3183898417423734e-16,1.0408340855860843e-17,240,240,1,0.0539654912495907,0.0221411956957688,0.0002451428534746,0.0001020248208412,0.0001412676305101307,5.142012184718853e-05,0.0014708581208476,0.0006121499250472,1,5b594384085afae80cb1cab187c36bd5,,,1e-10,1,none,SUCCESS,
d3_frozen,1B,S1B-0017,17,285110017,3,5,4,uniform,1.5,0,0.3,500,hash_column,20,B1,0.043444516778296194,0.017656406779295697,0.043444516778295195,0.01765640677929603,1.2975731600306517e-15,3.0531133177191805e-16,9.992007221626409e-16,3.3306690738754696e-16,1.1796119636642288e-16,1.734723475976807e-17,363,363,1,0.0435500416606918,0.017703844906279,0.0002045930581709,8.512221548037546e-05,0.0001055248823966029,4.743812698296962e-05,0.0012275593490253998,0.0005107342928822527,1,3d2825b7d92099ed8ceb9ba050d5d390,,,1e-10,1,none,SUCCESS,
d3_frozen,1B,S1B-0017,17,285110017,3,5,4,uniform,1.5,0,0.3,500,hash_column,40,B2,0.03350193855353667,0.01360954925519789,0.03350193855353334,0.01360954925519861,3.573530360512223e-15,7.650130529057719e-16,3.3306690738754696e-15,7.216449660063518e-16,2.498001805406602e-16,1.0408340855860843e-17,768,768,1,0.0336597467000338,0.0136598786637815,0.0001810912725967,7.42544018468324e-05,0.00015780814650045993,5.032940858288974e-05,0.0010865486355802,0.00044552741108099447,1,3cf89093468c271e1bf273e2d0b3e30c,,,1e-10,1,none,SUCCESS,
d3_frozen,1B,S1B-0017,17,285110017,3,5,4,uniform,1.5,0,0.3,500,hash_shared,10,B0,0.11999905034978342,0.05263194455162204,0.11999905034978275,0.05263194455162226,6.522560269672795e-16,1.249000902703301e-16,6.661338147750939e-16,2.220446049250313e-16,1.3877787807814457e-17,1.3877787807814457e-17,56,56,1,0.1203841561317479,0.0527966770357694,0.0006194127093378,0.0002676122685529,0.0003851057819651421,0.0001647324841471398,0.0037164772560268,0.0016056746113174,1,f3f5ad342e8943d339602bddd5233506,,,1e-10,1,none,SUCCESS,
d3_frozen,1B,S1B-0017,17,285110017,3,5,4,uniform,1.5,0,0.3,500,hash_shared,20,B1,0.11999905034978342,0.05263194455162204,0.11999905034978275,0.05263194455162226,6.522560269672795e-16,1.249000902703301e-16,6.661338147750939e-16,2.220446049250313e-16,1.3877787807814457e-17,1.3877787807814457e-17,56,56,1,0.1203841561317479,0.0527966770357694,0.0006194127093378,0.0002676122685529,0.0003851057819651421,0.0001647324841471398,0.0037164772560268,0.0016056746113174,1,f3f5ad342e8943d339602bddd5233506,,,1e-10,1,none,SUCCESS,
d3_frozen,1B,S1B-0017,17,285110017,3,5,4,uniform,1.5,0,0.3,500,hash_shared,40,B2,0.11999905034978342,0.05263194455162204,0.11999905034978287,0.05263194455162226,6.522560269672795e-16,1.249000902703301e-16,5.551115123125783e-16,2.220446049250313e-16,9.71445146547012e-17,1.3877787807814457e-17,56,56,1,0.1203841561317479,0.0527966770357694,0.0006194127093378,0.0002676122685529,0.0003851057819650311,0.0001647324841471398,0.0037164772560268,0.0016056746113174,1,f3f5ad342e8943d339602bddd5233506,,,1e-10,1,none,SUCCESS,
d3_frozen,1B,S1B-0017,17,285110017,3,5,4,uniform,1.5,0,0.3,500,target,,,0.0,0.0,-2.220446049250313e-16,0.0,0.0,0.0,2.220446049250313e-16,0.0,2.220446049250313e-16,0.0,64,64,1,0.0,0.0,0.0,0.0,2.220446049250313e-16,0.0,1e-09,1e-09,1,e52264e34a54280ff741f7239005aed7,,,1e-10,1,none,SUCCESS,
d3_frozen,1B,S1B-0017,17,285110017,3,5,4,uniform,1.5,0,0.3,500,woe,,,0.0,0.0,-2.220446049250313e-16,0.0,0.0,0.0,2.220446049250313e-16,0.0,2.220446049250313e-16,0.0,64,64,1,0.0,0.0,0.0,0.0,2.220446049250313e-16,0.0,1e-09,1e-09,1,e52264e34a54280ff741f7239005aed7,,,1e-10,1,none,SUCCESS,
d3_frozen,1B,S1B-0017,17,285110017,3,5,4,uniform,1.5,0,0.3,500,ordered_catboost_sim,,,0.0,0.0,-2.220446049250313e-16,0.0,0.0,0.0,2.220446049250313e-16,0.0,2.220446049250313e-16,0.0,64,64,1,0.0,0.0,0.0,0.0,2.220446049250313e-16,0.0,1e-09,1e-09,1,e52264e34a54280ff741f7239005aed7,,,1e-10,1,none,SUCCESS,
d3_frozen,1B,S1B-0017,17,285110017,3,5,4,uniform,1.5,0,0.3,500,homals,,,0.0,0.0,-2.220446049250313e-16,0.0,0.0,0.0,2.220446049250313e-16,0.0,2.220446049250313e-16,0.0,64,64,1,0.0,0.0,0.0,0.0,2.220446049250313e-16,0.0,1e-09,1e-09,1,e52264e34a54280ff741f7239005aed7,,,1e-10,1,none,SUCCESS,
d3_frozen,1B,S1B-0018,18,285110018,3,5,4,uniform,1.5,0,0.3,5000,label,,,0.0,0.0,0.0,0.0,0.0,0.0,0.0,0.0,0.0,0.0,64,64,1,0.0,0.0,0.0,0.0,0.0,0.0,1e-09,1e-09,1,e52264e34a54280ff741f7239005aed7,,,1e-10,1,none,SUCCESS,
d3_frozen,1B,S1B-0018,18,285110018,3,5,4,uniform,1.5,0,0.3,5000,onehot,,,0.0,0.0,0.0,0.0,0.0,0.0,0.0,0.0,0.0,0.0,64,64,1,0.0,0.0,0.0,0.0,0.0,0.0,1e-09,1e-09,1,e52264e34a54280ff741f7239005aed7,,,1e-10,1,none,SUCCESS,
d3_frozen,1B,S1B-0018,18,285110018,3,5,4,uniform,1.5,0,0.3,5000,count,,,0.029566197941676142,0.011249999999999982,0.029566197941676364,0.01125000000000001,1.3530843112619095e-16,1.5612511283791264e-17,2.220446049250313e-16,2.7755575615628914e-17,8.326672684688674e-17,8.673617379884035e-18,48,48,1,0.0295752462333215,0.01124685,0.0001388897249164,5.031203064435534e-05,9.048291645136208e-06,3.150000000010783e-06,0.0008333393494983999,0.0003018731838661321,1,12e755476bae0316aebed678835866b0,,,1e-10,1,none,SUCCESS,
d3_frozen,1B,S1B-0018,18,285110018,3,5,4,uniform,1.5,0,0.3,5000,hash_column,10,B0,0.05582606976688553,0.02266389723326928,0.055826069766885866,0.022663897233269836,3.2612801348363973e-16,4.891920202254596e-16,3.3306690738754696e-16,5.551115123125783e-16,4.85722573273506e-17,2.7755575615628914e-17,240,240,1,0.0558060841556995,0.0226434977329565,0.0002937307876532,0.00012276088528,1.998561118636555e-05,2.0399500313336705e-05,0.0017623857259192,0.00073656631168,1,5b594384085afae80cb1cab187c36bd5,,,1e-10,1,none,SUCCESS,
d3_frozen,1B,S1B-0018,18,285110018,3,5,4,uniform,1.5,0,0.3,5000,hash_column,20,B1,0.045194682972858335,0.018344317737800264,0.045194682972858446,0.018344317737801014,5.551115123125783e-17,6.904199434387692e-16,1.1102230246251565e-16,7.494005416219807e-16,1.6653345369377348e-16,2.7755575615628914e-17,363,363,1,0.0453942317882993,0.0183970268567843,0.0002502634396739,0.0001040592721774,0.0001995488154408545,5.270911898328651e-05,0.0015015816380434,0.0006243566330644,1,3d2825b7d92099ed8ceb9ba050d5d390,,,1e-10,1,none,SUCCESS,
d3_frozen,1B,S1B-0018,18,285110018,3,5,4,uniform,1.5,0,0.3,5000,hash_column,40,B2,0.03825345039224426,0.015493899371471553,0.03825345039224315,0.015493899371471886,1.0130785099704553e-15,3.0357660829594124e-16,1.1102230246251565e-15,3.3306690738754696e-16,4.163336342344337e-17,6.938893903907228e-18,768,768,1,0.0382034354869819,0.0154536342784382,0.0002114314320034,8.700881680576755e-05,5.001490526124891e-05,4.0265093033686056e-05,0.0012685895920203998,0.0005220539008346053,1,3cf89093468c271e1bf273e2d0b3e30c,,,1e-10,1,none,SUCCESS,
d3_frozen,1B,S1B-0018,18,285110018,3,5,4,uniform,1.5,0,0.3,5000,hash_shared,10,B0,0.1279817626929628,0.0555317907312885,0.12798176269296335,0.055531790731289055,5.828670879282072e-16,4.718447854656915e-16,5.551115123125783e-16,5.551115123125783e-16,5.551115123125783e-17,2.7755575615628914e-17,56,56,1,0.12838180806486,0.0556802626866562,0.0006755145311317,0.000289424881232,0.00040004537189664013,0.00014847195536714375,0.0040530881867902,0.0017365502873919999,1,f3f5ad342e8943d339602bddd5233506,,,1e-10,1,none,SUCCESS,
d3_frozen,1B,S1B-0018,18,285110018,3,5,4,uniform,1.5,0,0.3,5000,hash_shared,20,B1,0.1279817626929628,0.0555317907312885,0.12798176269296335,0.05553179073128903,5.828670879282072e-16,4.718447854656915e-16,5.551115123125783e-16,5.273559366969494e-16,5.551115123125783e-17,6.938893903907228e-18,56,56,1,0.12838180806486,0.0556802626866562,0.0006755145311317,0.000289424881232,0.00040004537189664013,0.0001484719553671715,0.0040530881867902,0.0017365502873919999,1,f3f5ad342e8943d339602bddd5233506,,,1e-10,1,none,SUCCESS,
d3_frozen,1B,S1B-0018,18,285110018,3,5,4,uniform,1.5,0,0.3,5000,hash_shared,40,B2,0.1279817626929628,0.0555317907312885,0.12798176269296335,0.055531790731289,5.828670879282072e-16,4.718447854656915e-16,5.551115123125783e-16,4.996003610813204e-16,5.551115123125783e-17,3.469446951953614e-17,56,56,1,0.12838180806486,0.0556802626866562,0.0006755145311317,0.000289424881232,0.00040004537189664013,0.00014847195536719926,0.0040530881867902,0.0017365502873919999,1,f3f5ad342e8943d339602bddd5233506,,,1e-10,1,none,SUCCESS,
d3_frozen,1B,S1B-0018,18,285110018,3,5,4,uniform,1.5,0,0.3,5000,target,,,0.0,0.0,0.0,2.7755575615628914e-17,0.0,0.0,0.0,2.7755575615628914e-17,0.0,2.7755575615628914e-17,64,64,1,0.0,0.0,0.0,0.0,0.0,2.7755575615628914e-17,1e-09,1e-09,1,e52264e34a54280ff741f7239005aed7,,,1e-10,1,none,SUCCESS,
d3_frozen,1B,S1B-0018,18,285110018,3,5,4,uniform,1.5,0,0.3,5000,woe,,,0.0,0.0,0.0,2.7755575615628914e-17,0.0,0.0,0.0,2.7755575615628914e-17,0.0,2.7755575615628914e-17,64,64,1,0.0,0.0,0.0,0.0,0.0,2.7755575615628914e-17,1e-09,1e-09,1,e52264e34a54280ff741f7239005aed7,,,1e-10,1,none,SUCCESS,
d3_frozen,1B,S1B-0018,18,285110018,3,5,4,uniform,1.5,0,0.3,5000,ordered_catboost_sim,,,0.0,0.0,0.0,2.7755575615628914e-17,0.0,0.0,0.0,2.7755575615628914e-17,0.0,2.7755575615628914e-17,64,64,1,0.0,0.0,0.0,0.0,0.0,2.7755575615628914e-17,1e-09,1e-09,1,e52264e34a54280ff741f7239005aed7,,,1e-10,1,none,SUCCESS,
d3_frozen,1B,S1B-0018,18,285110018,3,5,4,uniform,1.5,0,0.3,5000,homals,,,0.0,0.0,0.0,0.0,0.0,0.0,0.0,0.0,0.0,0.0,64,64,1,0.0,0.0,0.0,0.0,0.0,0.0,1e-09,1e-09,1,e52264e34a54280ff741f7239005aed7,,,1e-10,1,none,SUCCESS,
d3_frozen,1B,S1B-0019,19,710473019,3,5,4,uniform,1.5,3,0.0,500,label,,,0.0,0.0,0.0,0.0,0.0,0.0,0.0,0.0,0.0,0.0,64,64,1,0.0,0.0,0.0,0.0,0.0,0.0,1e-09,1e-09,1,e52264e34a54280ff741f7239005aed7,,,1e-10,1,none,SUCCESS,
d3_frozen,1B,S1B-0019,19,710473019,3,5,4,uniform,1.5,3,0.0,500,onehot,,,0.0,0.0,0.0,-2.7755575615628914e-17,0.0,0.0,0.0,2.7755575615628914e-17,0.0,2.7755575615628914e-17,64,64,1,0.0,0.0,0.0,0.0,0.0,2.7755575615628914e-17,1e-09,1e-09,1,e52264e34a54280ff741f7239005aed7,,,1e-10,1,none,SUCCESS,
d3_frozen,1B,S1B-0019,19,710473019,3,5,4,uniform,1.5,3,0.0,500,count,,,0.01726666765601459,0.008079912144768248,0.017266667656014367,0.00807991214476822,1.5612511283791264e-16,1.0408340855860843e-17,2.220446049250313e-16,2.7755575615628914e-17,6.591949208711867e-17,3.8163916471489756e-17,48,48,1,0.0171089411519194,0.0080047839386058,0.0001390263350036,6.626307603223984e-05,0.00015772650409496755,7.512820616241943e-05,0.0008341590100216,0.00039757945619343905,1,2c2a7b63e1095ea94259cc41ffac54d6,,,1e-10,1,none,SUCCESS,
d3_frozen,1B,S1B-0019,19,710473019,3,5,4,uniform,1.5,3,0.0,500,hash_column,10,B0,0.041537258771599306,0.019604479986090773,0.04153725877159786,0.01960447998609141,1.2351231148954867e-15,6.765421556309548e-16,1.4432899320127035e-15,6.38378239159465e-16,1.942890293094024e-16,0.0,240,240,1,0.0414945867853314,0.0195896576793244,0.0002280718544654,0.0001091238953075,4.26719862664654e-05,1.4822306767012239e-05,0.0013684321267924,0.0006547443718450001,1,5b594384085afae80cb1cab187c36bd5,,,1e-10,1,none,SUCCESS,
d3_frozen,1B,S1B-0019,19,710473019,3,5,4,uniform,1.5,3,0.0,500,hash_column,20,B1,0.03399111237626984,0.016035916392737326,0.03399111237626795,0.016035916392737937,1.6375789613221059e-15,6.38378239159465e-16,1.887379141862766e-15,6.106226635438361e-16,1.8735013540549517e-16,1.734723475976807e-17,363,363,1,0.0339672320647272,0.0160323135873738,0.0002118018070393,0.0001011477071019,2.388031154074849e-05,3.602805364138345e-06,0.0012708118422358,0.0006068872426114,1,3d2825b7d92099ed8ceb9ba050d5d390,,,1e-10,1,none,SUCCESS,
d3_frozen,1B,S1B-0019,19,710473019,3,5,4,uniform,1.5,3,0.0,500,hash_column,40,B2,0.013074083111216495,0.006226854983830216,0.013074083111214496,0.006226854983829744,1.826663820203578e-15,3.937822290467352e-16,1.9984014443252818e-15,4.718447854656915e-16,1.717376241217039e-16,5.0306980803327406e-17,768,768,1,0.0130239936974436,0.0062049673734286,8.245041924093422e-05,3.9608657322341066e-05,5.008941377089571e-05,2.188761040114364e-05,0.0004947035154456053,0.00023765294393404639,1,3cf89093468c271e1bf273e2d0b3e30c,,,1e-10,1,none,SUCCESS,
d3_frozen,1B,S1B-0019,19,710473019,3,5,4,uniform,1.5,3,0.0,500,hash_shared,10,B0,0.05348620890876665,0.025359078740079227,0.05348620890876554,0.02535907874007992,1.124100812432971e-15,7.251144129583054e-16,1.1102230246251565e-15,6.938893903907228e-16,1.0408340855860843e-16,2.42861286636753e-17,56,56,1,0.0536486662386124,0.0254429885858081,0.0002550017579053,0.0001214774931796,0.00016245732984685596,8.390984572817853e-05,0.0015300115474318,0.0007288659590776,1,f3f5ad342e8943d339602bddd5233506,,,1e-10,1,none,SUCCESS,
d3_frozen,1B,S1B-0019,19,710473019,3,5,4,uniform,1.5,3,0.0,500,hash_shared,20,B1,0.05348620890876665,0.025359078740079227,0.05348620890876554,0.02535907874007992,1.124100812432971e-15,7.251144129583054e-16,1.1102230246251565e-15,6.938893903907228e-16,1.0408340855860843e-16,2.0816681711721685e-17,56,56,1,0.0536486662386124,0.0254429885858081,0.0002550017579053,0.0001214774931796,0.00016245732984685596,8.390984572817853e-05,0.0015300115474318,0.0007288659590776,1,f3f5ad342e8943d339602bddd5233506,,,1e-10,1,none,SUCCESS,
d3_frozen,1B,S1B-0019,19,710473019,3,5,4,uniform,1.5,3,0.0,500,hash_shared,40,B2,0.05348620890876665,0.025359078740079227,0.05348620890876543,0.02535907874007992,1.124100812432971e-15,7.251144129583054e-16,1.2212453270876722e-15,6.938893903907228e-16,2.1510571102112408e-16,2.42861286636753e-17,56,56,1,0.0536486662386124,0.0254429885858081,0.0002550017579053,0.0001214774931796,0.00016245732984696698,8.390984572817853e-05,0.0015300115474318,0.0007288659590776,1,f3f5ad342e8943d339602bddd5233506,,,1e-10,1,none,SUCCESS,
d3_frozen,1B,S1B-0019,19,710473019,3,5,4,uniform,1.5,3,0.0,500,target,,,0.0,0.0,-1.1102230246251565e-16,-2.7755575615628914e-17,0.0,0.0,1.1102230246251565e-16,2.7755575615628914e-17,1.1102230246251565e-16,2.7755575615628914e-17,64,64,1,0.0,0.0,0.0,0.0,1.1102230246251565e-16,2.7755575615628914e-17,1e-09,1e-09,1,e52264e34a54280ff741f7239005aed7,,,1e-10,1,none,SUCCESS,
d3_frozen,1B,S1B-0019,19,710473019,3,5,4,uniform,1.5,3,0.0,500,woe,,,0.0,0.0,-1.1102230246251565e-16,-2.7755575615628914e-17,0.0,0.0,1.1102230246251565e-16,2.7755575615628914e-17,1.1102230246251565e-16,2.7755575615628914e-17,64,64,1,0.0,0.0,0.0,0.0,1.1102230246251565e-16,2.7755575615628914e-17,1e-09,1e-09,1,e52264e34a54280ff741f7239005aed7,,,1e-10,1,none,SUCCESS,
d3_frozen,1B,S1B-0019,19,710473019,3,5,4,uniform,1.5,3,0.0,500,ordered_catboost_sim,,,0.0,0.0,-1.1102230246251565e-16,-2.7755575615628914e-17,0.0,0.0,1.1102230246251565e-16,2.7755575615628914e-17,1.1102230246251565e-16,2.7755575615628914e-17,64,64,1,0.0,0.0,0.0,0.0,1.1102230246251565e-16,2.7755575615628914e-17,1e-09,1e-09,1,e52264e34a54280ff741f7239005aed7,,,1e-10,1,none,SUCCESS,
d3_frozen,1B,S1B-0019,19,710473019,3,5,4,uniform,1.5,3,0.0,500,homals,,,0.0,0.0,-1.1102230246251565e-16,0.0,0.0,0.0,1.1102230246251565e-16,0.0,1.1102230246251565e-16,0.0,64,64,1,0.0,0.0,0.0,0.0,1.1102230246251565e-16,0.0,1e-09,1e-09,1,e52264e34a54280ff741f7239005aed7,,,1e-10,1,none,SUCCESS,
d3_frozen,1B,S1B-0020,20,710473020,3,5,4,uniform,1.5,3,0.0,5000,label,,,0.0,0.0,0.0,0.0,0.0,0.0,0.0,0.0,0.0,0.0,64,64,1,0.0,0.0,0.0,0.0,0.0,0.0,1e-09,1e-09,1,e52264e34a54280ff741f7239005aed7,,,1e-10,1,none,SUCCESS,
d3_frozen,1B,S1B-0020,20,710473020,3,5,4,uniform,1.5,3,0.0,5000,onehot,,,0.0,0.0,-1.1102230246251565e-16,0.0,0.0,0.0,1.1102230246251565e-16,0.0,1.1102230246251565e-16,0.0,64,64,1,0.0,0.0,0.0,0.0,1.1102230246251565e-16,0.0,1e-09,1e-09,1,e52264e34a54280ff741f7239005aed7,,,1e-10,1,none,SUCCESS,
d3_frozen,1B,S1B-0020,20,710473020,3,5,4,uniform,1.5,3,0.0,5000,count,,,0.0,0.0,0.0,0.0,0.0,0.0,0.0,0.0,0.0,0.0,64,64,1,0.0,0.0,0.0,0.0,0.0,0.0,1e-09,1e-09,1,e52264e34a54280ff741f7239005aed7,,,1e-10,1,none,SUCCESS,
d3_frozen,1B,S1B-0020,20,710473020,3,5,4,uniform,1.5,3,0.0,5000,hash_column,10,B0,0.031213174900355467,0.014911476340912166,0.031213174900356466,0.014911476340913166,9.159339953157541e-16,9.957312752106873e-16,9.992007221626409e-16,9.992007221626409e-16,1.249000902703301e-16,1.3877787807814457e-17,240,240,1,0.0311473047501156,0.0148801348682428,0.0001888747699715,9.026179560713656e-05,6.587015024086748e-05,3.1341472670365356e-05,0.001133249619829,0.0005415717736428194,1,5b594384085afae80cb1cab187c36bd5,,,1e-10,1,none,SUCCESS,
d3_frozen,1B,S1B-0020,20,710473020,3,5,4,uniform,1.5,3,0.0,5000,hash_column,20,B1,0.019304592439135515,0.009158477389826142,0.01930459243913718,0.009158477389827252,1.7312540290248535e-15,1.160530005428484e-15,1.6653345369377348e-15,1.1102230246251565e-15,2.7755575615628914e-17,1.734723475976807e-17,363,363,1,0.0192260721340477,0.009122060688463,0.0001273887429353,6.13275343777409e-05,7.852030508948005e-05,3.641670136425232e-05,0.0007643334576118001,0.0003679662062664454,1,3d2825b7d92099ed8ceb9ba050d5d390,,,1e-10,1,none,SUCCESS,
d3_frozen,1B,S1B-0020,20,710473020,3,5,4,uniform,1.5,3,0.0,5000,hash_column,40,B2,0.015067412346363995,0.007220971147631011,0.015067412346363995,0.007220971147631344,3.2959746043559335e-17,3.434752482434078e-16,0.0,3.3306690738754696e-16,6.591949208711867e-17,2.6020852139652106e-18,768,768,1,0.0149848617488953,0.0071808206872519,0.0001244860821759,5.981078633949725e-05,8.255059746869499e-05,4.015046037944472e-05,0.0007469174930553999,0.00035886571803698354,1,3cf89093468c271e1bf273e2d0b3e30c,,,1e-10,1,none,SUCCESS,
d3_frozen,1B,S1B-0020,20,710473020,3,5,4,uniform,1.5,3,0.0,5000,hash_shared,10,B0,0.041218860251384104,0.019686519191149388,0.04121886025138444,0.019686519191150387,2.498001805406602e-16,1.0061396160665481e-15,3.3306690738754696e-16,9.992007221626409e-16,7.632783294297951e-17,6.938893903907228e-18,56,56,1,0.0412178756412644,0.0196846252505924,0.0002188476002948,0.0001039155626131,9.84610120040308e-07,1.8939405579850022e-06,0.0013130866017688,0.0006234943756786,1,f3f5ad342e8943d339602bddd5233506,,,1e-10,1,none,SUCCESS,
d3_frozen,1B,S1B-0020,20,710473020,3,5,4,uniform,1.5,3,0.0,5000,hash_shared,20,B1,0.041218860251384104,0.019686519191149388,0.041218860251384326,0.01968651919115036,2.498001805406602e-16,1.0061396160665481e-15,2.220446049250313e-16,9.71445146547012e-16,3.469446951953614e-17,2.42861286636753e-17,56,56,1,0.0412178756412644,0.0196846252505924,0.0002188476002948,0.0001039155626131,9.846101199292856e-07,1.8939405579572466e-06,0.0013130866017688,0.0006234943756786,1,f3f5ad342e8943d339602bddd5233506,,,1e-10,1,none,SUCCESS,
d3_frozen,1B,S1B-0020,20,710473020,3,5,4,uniform,1.5,3,0.0,5000,hash_shared,40,B2,0.041218860251384104,0.019686519191149388,0.04121886025138444,0.019686519191150387,2.498001805406602e-16,1.0061396160665481e-15,3.3306690738754696e-16,9.992007221626409e-16,7.632783294297951e-17,3.469446951953614e-18,56,56,1,0.0412178756412644,0.0196846252505924,0.0002188476002948,0.0001039155626131,9.84610120040308e-07,1.8939405579850022e-06,0.0013130866017688,0.0006234943756786,1,f3f5ad342e8943d339602bddd5233506,,,1e-10,1,none,SUCCESS,
d3_frozen,1B,S1B-0020,20,710473020,3,5,4,uniform,1.5,3,0.0,5000,target,,,0.0,0.0,-1.1102230246251565e-16,0.0,0.0,0.0,1.1102230246251565e-16,0.0,1.1102230246251565e-16,0.0,64,64,1,0.0,0.0,0.0,0.0,1.1102230246251565e-16,0.0,1e-09,1e-09,1,e52264e34a54280ff741f7239005aed7,,,1e-10,1,none,SUCCESS,
d3_frozen,1B,S1B-0020,20,710473020,3,5,4,uniform,1.5,3,0.0,5000,woe,,,0.0,0.0,-1.1102230246251565e-16,0.0,0.0,0.0,1.1102230246251565e-16,0.0,1.1102230246251565e-16,0.0,64,64,1,0.0,0.0,0.0,0.0,1.1102230246251565e-16,0.0,1e-09,1e-09,1,e52264e34a54280ff741f7239005aed7,,,1e-10,1,none,SUCCESS,
d3_frozen,1B,S1B-0020,20,710473020,3,5,4,uniform,1.5,3,0.0,5000,ordered_catboost_sim,,,0.0,0.0,-1.1102230246251565e-16,0.0,0.0,0.0,1.1102230246251565e-16,0.0,1.1102230246251565e-16,0.0,64,64,1,0.0,0.0,0.0,0.0,1.1102230246251565e-16,0.0,1e-09,1e-09,1,e52264e34a54280ff741f7239005aed7,,,1e-10,1,none,SUCCESS,
d3_frozen,1B,S1B-0020,20,710473020,3,5,4,uniform,1.5,3,0.0,5000,homals,,,0.0,0.0,-1.1102230246251565e-16,0.0,0.0,0.0,1.1102230246251565e-16,0.0,1.1102230246251565e-16,0.0,64,64,1,0.0,0.0,0.0,0.0,1.1102230246251565e-16,0.0,1e-09,1e-09,1,e52264e34a54280ff741f7239005aed7,,,1e-10,1,none,SUCCESS,
d3_frozen,1B,S1B-0021,21,710473021,3,5,4,uniform,1.5,3,0.1,500,label,,,0.0,0.0,0.0,0.0,0.0,0.0,0.0,0.0,0.0,0.0,64,64,1,0.0,0.0,0.0,0.0,0.0,0.0,1e-09,1e-09,1,e52264e34a54280ff741f7239005aed7,,,1e-10,1,none,SUCCESS,
d3_frozen,1B,S1B-0021,21,710473021,3,5,4,uniform,1.5,3,0.1,500,onehot,,,0.0,0.0,0.0,0.0,0.0,0.0,0.0,0.0,0.0,0.0,64,64,1,0.0,0.0,0.0,0.0,0.0,0.0,1e-09,1e-09,1,e52264e34a54280ff741f7239005aed7,,,1e-10,1,none,SUCCESS,
d3_frozen,1B,S1B-0021,21,710473021,3,5,4,uniform,1.5,3,0.1,500,count,,,0.008670194741737025,0.0038725609178609233,0.008670194741737136,0.0038725609178610343,1.5785983631388945e-16,9.020562075079397e-17,1.1102230246251565e-16,1.1102230246251565e-16,4.336808689942018e-17,2.0816681711721685e-17,48,48,1,0.0086235042347944,0.0038539347129472,7.689491666605299e-05,3.364733906047484e-05,4.6690506942736326e-05,1.8626204913834484e-05,0.0004613704999963179,0.00020188503436284903,1,187f870edf40aef9c2914911cf9d0ada,,,1e-10,1,none,SUCCESS,
d3_frozen,1B,S1B-0021,21,710473021,3,5,4,uniform,1.5,3,0.1,500,hash_column,10,B0,0.040425176886051295,0.01888910218859391,0.04042517688604985,0.01888910218859413,1.2490009027033011e-15,2.393918396847994e-16,1.4432899320127035e-15,2.220446049250313e-16,4.163336342344337e-17,6.938893903907228e-18,240,240,1,0.0405655310116301,0.018969070644757,0.0002550251552437,0.0001199814540732,0.00014035412558024984,7.99684561628676e-05,0.0015301519314622,0.0007198897244392,1,5b594384085afae80cb1cab187c36bd5,,,1e-10,1,none,SUCCESS,
d3_frozen,1B,S1B-0021,21,710473021,3,5,4,uniform,1.5,3,0.1,500,hash_column,20,B1,0.032116562181966346,0.014984739295088034,0.03211656218196479,0.014984739295088118,1.6653345369377348e-15,9.71445146547012e-17,1.5543122344752192e-15,8.326672684688674e-17,1.3877787807814457e-17,1.0408340855860843e-17,363,363,1,0.0323201346528552,0.0150924873038243,0.0002139626133208,9.990016780399096e-05,0.00020357247089040909,0.00010774800873618318,0.0012837766799248,0.0005994020068239458,1,3d2825b7d92099ed8ceb9ba050d5d390,,,1e-10,1,none,SUCCESS,
d3_frozen,1B,S1B-0021,21,710473021,3,5,4,uniform,1.5,3,0.1,500,hash_column,40,B2,0.017242065743837798,0.008022438686543676,0.01724206574383802,0.008022438686543898,2.5326962749261384e-16,2.0816681711721685e-16,2.220446049250313e-16,2.220446049250313e-16,3.8163916471489756e-17,2.6020852139652106e-17,768,768,1,0.0174234240540758,0.0081138440269596,0.0001538114306935,7.209256757738596e-05,0.00018135831023777943,9.140534041570184e-05,0.000922869584161,0.0004325564054643157,1,3cf89093468c271e1bf273e2d0b3e30c,,,1e-10,1,none,SUCCESS,
d3_frozen,1B,S1B-0021,21,710473021,3,5,4,uniform,1.5,3,0.1,500,hash_shared,10,B0,0.05797879937535866,0.02724202405677284,0.05797879937535755,0.027242024056773062,1.1102230246251565e-15,1.97758476261356e-16,1.1102230246251565e-15,2.220446049250313e-16,1.0408340855860843e-16,4.163336342344337e-17,56,56,1,0.0576565259373434,0.0270980267083905,0.0002982877808024,0.0001400915553292,0.00032227343801415065,0.00014399734838256226,0.0017897276848144,0.0008405503319752001,1,f3f5ad342e8943d339602bddd5233506,,,1e-10,1,none,SUCCESS,
d3_frozen,1B,S1B-0021,21,710473021,3,5,4,uniform,1.5,3,0.1,500,hash_shared,20,B1,0.05797879937535866,0.02724202405677284,0.057978799375357326,0.027242024056773034,1.1102230246251565e-15,1.97758476261356e-16,1.3322676295501878e-15,1.942890293094024e-16,1.1796119636642288e-16,1.3877787807814457e-17,56,56,1,0.0576565259373434,0.0270980267083905,0.0002982877808024,0.0001400915553292,0.0003222734380139286,0.0001439973483825345,0.0017897276848144,0.0008405503319752001,1,f3f5ad342e8943d339602bddd5233506,,,1e-10,1,none,SUCCESS,
d3_frozen,1B,S1B-0021,21,710473021,3,5,4,uniform,1.5,3,0.1,500,hash_shared,40,B2,0.05797879937535866,0.02724202405677284,0.05797879937535744,0.027242024056773062,1.1102230246251565e-15,1.97758476261356e-16,1.2212453270876722e-15,2.220446049250313e-16,6.938893903907228e-18,4.163336342344337e-17,56,56,1,0.0576565259373434,0.0270980267083905,0.0002982877808024,0.0001400915553292,0.0003222734380140396,0.00014399734838256226,0.0017897276848144,0.0008405503319752001,1,f3f5ad342e8943d339602bddd5233506,,,1e-10,1,none,SUCCESS,
d3_frozen,1B,S1B-0021,21,710473021,3,5,4,uniform,1.5,3,0.1,500,target,,,0.0,0.0,0.0,0.0,0.0,0.0,0.0,0.0,0.0,0.0,64,64,1,0.0,0.0,0.0,0.0,0.0,0.0,1e-09,1e-09,1,e52264e34a54280ff741f7239005aed7,,,1e-10,1,none,SUCCESS,
d3_frozen,1B,S1B-0021,21,710473021,3,5,4,uniform,1.5,3,0.1,500,woe,,,0.0,0.0,0.0,0.0,0.0,0.0,0.0,0.0,0.0,0.0,64,64,1,0.0,0.0,0.0,0.0,0.0,0.0,1e-09,1e-09,1,e52264e34a54280ff741f7239005aed7,,,1e-10,1,none,SUCCESS,
d3_frozen,1B,S1B-0021,21,710473021,3,5,4,uniform,1.5,3,0.1,500,ordered_catboost_sim,,,0.0,0.0,0.0,0.0,0.0,0.0,0.0,0.0,0.0,0.0,64,64,1,0.0,0.0,0.0,0.0,0.0,0.0,1e-09,1e-09,1,e52264e34a54280ff741f7239005aed7,,,1e-10,1,none,SUCCESS,
d3_frozen,1B,S1B-0021,21,710473021,3,5,4,uniform,1.5,3,0.1,500,homals,,,0.0,0.0,0.0,0.0,0.0,0.0,0.0,0.0,0.0,0.0,64,64,1,0.0,0.0,0.0,0.0,0.0,0.0,1e-09,1e-09,1,e52264e34a54280ff741f7239005aed7,,,1e-10,1,none,SUCCESS,
d3_frozen,1B,S1B-0022,22,710473022,3,5,4,uniform,1.5,3,0.1,5000,label,,,0.0,0.0,0.0,0.0,0.0,0.0,0.0,0.0,0.0,0.0,64,64,1,0.0,0.0,0.0,0.0,0.0,0.0,1e-09,1e-09,1,e52264e34a54280ff741f7239005aed7,,,1e-10,1,none,SUCCESS,
d3_frozen,1B,S1B-0022,22,710473022,3,5,4,uniform,1.5,3,0.1,5000,onehot,,,0.0,0.0,0.0,2.7755575615628914e-17,0.0,0.0,0.0,2.7755575615628914e-17,0.0,2.7755575615628914e-17,64,64,1,0.0,0.0,0.0,0.0,0.0,2.7755575615628914e-17,1e-09,1e-09,1,e52264e34a54280ff741f7239005aed7,,,1e-10,1,none,SUCCESS,
d3_frozen,1B,S1B-0022,22,710473022,3,5,4,uniform,1.5,3,0.1,5000,count,,,0.0,0.0,1.1102230246251565e-16,0.0,0.0,0.0,1.1102230246251565e-16,0.0,1.1102230246251565e-16,0.0,64,64,1,0.0,0.0,0.0,0.0,1.1102230246251565e-16,0.0,1e-09,1e-09,1,e52264e34a54280ff741f7239005aed7,,,1e-10,1,none,SUCCESS,
d3_frozen,1B,S1B-0022,22,710473022,3,5,4,uniform,1.5,3,0.1,5000,hash_column,10,B0,0.03977968690277767,0.018214535071627375,0.039779686902777334,0.018214535071626792,2.7755575615628914e-16,5.412337245047638e-16,3.3306690738754696e-16,5.828670879282072e-16,9.71445146547012e-17,2.0816681711721685e-17,240,240,1,0.0397536238193645,0.0182046297359222,0.0002548530912226,0.0001194777183824,2.6063083412831978e-05,9.905335704590151e-06,0.0015291195473355998,0.0007168673102944,1,5b594384085afae80cb1cab187c36bd5,,,1e-10,1,none,SUCCESS,
d3_frozen,1B,S1B-0022,22,710473022,3,5,4,uniform,1.5,3,0.1,5000,hash_column,20,B1,0.026144446449997027,0.011841249243686902,0.02614444644999714,0.011841249243686347,2.5673907444456745e-16,6.071532165918825e-16,1.1102230246251565e-16,5.551115123125783e-16,1.1796119636642288e-16,1.734723475976807e-17,363,363,1,0.0260648196979927,0.0118046920354107,0.0001925345696482,8.963079880643816e-05,7.96267520044372e-05,3.655720827564629e-05,0.0011552084178892,0.000537785792838629,1,3d2825b7d92099ed8ceb9ba050d5d390,,,1e-10,1,none,SUCCESS,
d3_frozen,1B,S1B-0022,22,710473022,3,5,4,uniform,1.5,3,0.1,5000,hash_column,40,B2,0.008034734445455882,0.0034840697636954188,0.008034734445455882,0.003484069763695141,1.9949319973733282e-16,2.229119666630197e-16,0.0,2.7755575615628914e-16,1.700029006457271e-16,2.1250362580715887e-17,768,768,1,0.0080351293915846,0.0034836812773259,7.461892291927925e-05,3.3232192196062555e-05,3.949461287178213e-07,3.884863692413601e-07,0.0004477145375156755,0.00019939415317637532,1,3cf89093468c271e1bf273e2d0b3e30c,,,1e-10,1,none,SUCCESS,
d3_frozen,1B,S1B-0022,22,710473022,3,5,4,uniform,1.5,3,0.1,5000,hash_shared,10,B0,0.07034492091048938,0.032857075339093406,0.07034492091048883,0.0328570753390926,4.579669976578771e-16,7.840950111415168e-16,5.551115123125783e-16,8.049116928532385e-16,1.1102230246251565e-16,0.0,56,56,1,0.0702343145624427,0.0328093753072645,0.0003407371796512,0.0001587399701914,0.00011060634804613279,4.77000318281004e-05,0.0020444240779071998,0.0009524408211484001,1,f3f5ad342e8943d339602bddd5233506,,,1e-10,1,none,SUCCESS,
d3_frozen,1B,S1B-0022,22,710473022,3,5,4,uniform,1.5,3,0.1,5000,hash_shared,20,B1,0.07034492091048938,0.032857075339093406,0.07034492091048883,0.0328570753390926,4.579669976578771e-16,7.840950111415168e-16,5.551115123125783e-16,8.049116928532385e-16,1.1102230246251565e-16,0.0,56,56,1,0.0702343145624427,0.0328093753072645,0.0003407371796512,0.0001587399701914,0.00011060634804613279,4.77000318281004e-05,0.0020444240779071998,0.0009524408211484001,1,f3f5ad342e8943d339602bddd5233506,,,1e-10,1,none,SUCCESS,
d3_frozen,1B,S1B-0022,22,710473022,3,5,4,uniform,1.5,3,0.1,5000,hash_shared,40,B2,0.07034492091048938,0.032857075339093406,0.07034492091048883,0.03285707533909257,4.579669976578771e-16,7.840950111415168e-16,5.551115123125783e-16,8.326672684688674e-16,1.1102230246251565e-16,2.7755575615628914e-17,56,56,1,0.0702343145624427,0.0328093753072645,0.0003407371796512,0.0001587399701914,0.00011060634804613279,4.770003182807264e-05,0.0020444240779071998,0.0009524408211484001,1,f3f5ad342e8943d339602bddd5233506,,,1e-10,1,none,SUCCESS,
d3_frozen,1B,S1B-0022,22,710473022,3,5,4,uniform,1.5,3,0.1,5000,target,,,0.0,0.0,0.0,0.0,0.0,0.0,0.0,0.0,0.0,0.0,64,64,1,0.0,0.0,0.0,0.0,0.0,0.0,1e-09,1e-09,1,e52264e34a54280ff741f7239005aed7,,,1e-10,1,none,SUCCESS,
d3_frozen,1B,S1B-0022,22,710473022,3,5,4,uniform,1.5,3,0.1,5000,woe,,,0.0,0.0,0.0,0.0,0.0,0.0,0.0,0.0,0.0,0.0,64,64,1,0.0,0.0,0.0,0.0,0.0,0.0,1e-09,1e-09,1,e52264e34a54280ff741f7239005aed7,,,1e-10,1,none,SUCCESS,
d3_frozen,1B,S1B-0022,22,710473022,3,5,4,uniform,1.5,3,0.1,5000,ordered_catboost_sim,,,0.0,0.0,0.0,0.0,0.0,0.0,0.0,0.0,0.0,0.0,64,64,1,0.0,0.0,0.0,0.0,0.0,0.0,1e-09,1e-09,1,e52264e34a54280ff741f7239005aed7,,,1e-10,1,none,SUCCESS,
d3_frozen,1B,S1B-0022,22,710473022,3,5,4,uniform,1.5,3,0.1,5000,homals,,,0.0,0.0,0.0,2.7755575615628914e-17,0.0,0.0,0.0,2.7755575615628914e-17,0.0,2.7755575615628914e-17,64,64,1,0.0,0.0,0.0,0.0,0.0,2.7755575615628914e-17,1e-09,1e-09,1,e52264e34a54280ff741f7239005aed7,,,1e-10,1,none,SUCCESS,
d3_frozen,1B,S1B-0023,23,710473023,3,5,4,uniform,1.5,3,0.3,500,label,,,0.0,0.0,0.0,0.0,0.0,0.0,0.0,0.0,0.0,0.0,64,64,1,0.0,0.0,0.0,0.0,0.0,0.0,1e-09,1e-09,1,e52264e34a54280ff741f7239005aed7,,,1e-10,1,none,SUCCESS,
d3_frozen,1B,S1B-0023,23,710473023,3,5,4,uniform,1.5,3,0.3,500,onehot,,,0.0,0.0,0.0,0.0,0.0,0.0,0.0,0.0,0.0,0.0,64,64,1,0.0,0.0,0.0,0.0,0.0,0.0,1e-09,1e-09,1,e52264e34a54280ff741f7239005aed7,,,1e-10,1,none,SUCCESS,
d3_frozen,1B,S1B-0023,23,710473023,3,5,4,uniform,1.5,3,0.3,500,count,,,0.03909884125898966,0.01700094699709323,0.03909884125898966,0.017000946997093314,1.1102230246251565e-16,6.591949208711867e-17,0.0,8.326672684688674e-17,1.1102230246251565e-16,1.0408340855860843e-17,48,48,1,0.0385269325005935,0.0167563919957822,0.0002244157645801,9.41392349024178e-05,0.0005719087583961613,0.0002445550013111149,0.0013464955874805998,0.0005648364094145068,1,a9f29470e921e5d655df9a98f3e96c3d,,,1e-10,1,none,SUCCESS,
d3_frozen,1B,S1B-0023,23,710473023,3,5,4,uniform,1.5,3,0.3,500,hash_column,10,B0,0.039304356472379176,0.016723224394090686,0.03930435647237607,0.016723224394090797,3.0531133177191805e-15,1.3183898417423734e-16,3.1086244689504383e-15,1.1102230246251565e-16,9.020562075079397e-17,0.0,240,240,1,0.0393667850538289,0.0167801083976106,0.0002694464534756,0.0001159349667791,6.242858145283359e-05,5.6884003519802606e-05,0.0016166797208536,0.0006956108006746,1,5b594384085afae80cb1cab187c36bd5,,,1e-10,1,none,SUCCESS,
d3_frozen,1B,S1B-0023,23,710473023,3,5,4,uniform,1.5,3,0.3,500,hash_column,20,B1,0.025211579602597012,0.01061115691525677,0.025211579602593903,0.010611156915256992,2.9524993561125257e-15,2.237793284010081e-16,3.1086244689504383e-15,2.220446049250313e-16,1.0061396160665481e-16,1.0408340855860843e-17,363,363,1,0.0248866451954015,0.0104950788397514,0.0001865272991644,7.723630440880946e-05,0.00032493440719240374,0.00011607807550559172,0.0011191647949864,0.0004634188264528567,1,3d2825b7d92099ed8ceb9ba050d5d390,,,1e-10,1,none,SUCCESS,
d3_frozen,1B,S1B-0023,23,710473023,3,5,4,uniform,1.5,3,0.3,500,hash_column,40,B2,0.007059313727638905,0.002884275458677754,0.007059313727639682,0.002884275458677643,8.040443311152501e-16,1.235990476633475e-16,7.771561172376096e-16,1.1102230246251565e-16,3.9898639947466563e-17,1.1275702593849246e-17,768,768,1,0.0069838633765252,0.0028620788199411,7.964286481443642e-05,3.1544038448913705e-05,7.545035111448245e-05,2.2196638736543192e-05,0.00047785818888661854,0.00018926523069348223,1,3cf89093468c271e1bf273e2d0b3e30c,,,1e-10,1,none,SUCCESS,
d3_frozen,1B,S1B-0023,23,710473023,3,5,4,uniform,1.5,3,0.3,500,hash_shared,10,B0,0.07796584349316771,0.03483433293072047,0.07796584349316327,0.03483433293072069,4.093947403305265e-15,2.914335439641036e-16,4.440892098500626e-15,2.220446049250313e-16,1.942890293094024e-16,1.3877787807814457e-17,56,56,1,0.0775647518704319,0.0346663471261218,0.0004408897281773,0.0001937149046303,0.00040109162273137267,0.00016798580459888995,0.0026453393690638,0.0011622904277817999,1,f3f5ad342e8943d339602bddd5233506,,,1e-10,1,none,SUCCESS,
d3_frozen,1B,S1B-0023,23,710473023,3,5,4,uniform,1.5,3,0.3,500,hash_shared,20,B1,0.07796584349316771,0.03483433293072047,0.07796584349316327,0.03483433293072069,4.093947403305265e-15,2.914335439641036e-16,4.440892098500626e-15,2.220446049250313e-16,1.942890293094024e-16,1.3877787807814457e-17,56,56,1,0.0775647518704319,0.0346663471261218,0.0004408897281773,0.0001937149046303,0.00040109162273137267,0.00016798580459888995,0.0026453393690638,0.0011622904277817999,1,f3f5ad342e8943d339602bddd5233506,,,1e-10,1,none,SUCCESS,
d3_frozen,1B,S1B-0023,23,710473023,3,5,4,uniform,1.5,3,0.3,500,hash_shared,40,B2,0.07796584349316771,0.03483433293072047,0.07796584349316327,0.03483433293072069,4.093947403305265e-15,2.914335439641036e-16,4.440892098500626e-15,2.220446049250313e-16,1.942890293094024e-16,6.938893903907228e-18,56,56,1,0.0775647518704319,0.0346663471261218,0.0004408897281773,0.0001937149046303,0.00040109162273137267,0.00016798580459888995,0.0026453393690638,0.0011622904277817999,1,f3f5ad342e8943d339602bddd5233506,,,1e-10,1,none,SUCCESS,
d3_frozen,1B,S1B-0023,23,710473023,3,5,4,uniform,1.5,3,0.3,500,target,,,0.0,0.0,0.0,0.0,0.0,0.0,0.0,0.0,0.0,0.0,64,64,1,0.0,0.0,0.0,0.0,0.0,0.0,1e-09,1e-09,1,e52264e34a54280ff741f7239005aed7,,,1e-10,1,none,SUCCESS,
d3_frozen,1B,S1B-0023,23,710473023,3,5,4,uniform,1.5,3,0.3,500,woe,,,0.0,0.0,0.0,0.0,0.0,0.0,0.0,0.0,0.0,0.0,64,64,1,0.0,0.0,0.0,0.0,0.0,0.0,1e-09,1e-09,1,e52264e34a54280ff741f7239005aed7,,,1e-10,1,none,SUCCESS,
d3_frozen,1B,S1B-0023,23,710473023,3,5,4,uniform,1.5,3,0.3,500,ordered_catboost_sim,,,0.0,0.0,0.0,0.0,0.0,0.0,0.0,0.0,0.0,0.0,64,64,1,0.0,0.0,0.0,0.0,0.0,0.0,1e-09,1e-09,1,e52264e34a54280ff741f7239005aed7,,,1e-10,1,none,SUCCESS,
d3_frozen,1B,S1B-0023,23,710473023,3,5,4,uniform,1.5,3,0.3,500,homals,,,0.0,0.0,0.0,0.0,0.0,0.0,0.0,0.0,0.0,0.0,64,64,1,0.0,0.0,0.0,0.0,0.0,0.0,1e-09,1e-09,1,e52264e34a54280ff741f7239005aed7,,,1e-10,1,none,SUCCESS,
d3_frozen,1B,S1B-0024,24,710473024,3,5,4,uniform,1.5,3,0.3,5000,label,,,0.0,0.0,0.0,0.0,0.0,0.0,0.0,0.0,0.0,0.0,64,64,1,0.0,0.0,0.0,0.0,0.0,0.0,1e-09,1e-09,1,e52264e34a54280ff741f7239005aed7,,,1e-10,1,none,SUCCESS,
d3_frozen,1B,S1B-0024,24,710473024,3,5,4,uniform,1.5,3,0.3,5000,onehot,,,0.0,0.0,0.0,0.0,0.0,0.0,0.0,0.0,0.0,0.0,64,64,1,0.0,0.0,0.0,0.0,0.0,0.0,1e-09,1e-09,1,e52264e34a54280ff741f7239005aed7,,,1e-10,1,none,SUCCESS,
d3_frozen,1B,S1B-0024,24,710473024,3,5,4,uniform,1.5,3,0.3,5000,count,,,0.0,0.0,-1.1102230246251565e-16,0.0,0.0,0.0,1.1102230246251565e-16,0.0,1.1102230246251565e-16,0.0,64,64,1,0.0,0.0,0.0,0.0,1.1102230246251565e-16,0.0,1e-09,1e-09,1,e52264e34a54280ff741f7239005aed7,,,1e-10,1,none,SUCCESS,
d3_frozen,1B,S1B-0024,24,710473024,3,5,4,uniform,1.5,3,0.3,5000,hash_column,10,B0,0.06843673456465937,0.028295754149645608,0.06843673456465782,0.028295754149645747,1.1934897514720433e-15,1.0061396160665481e-16,1.5543122344752192e-15,1.3877787807814457e-16,1.3877787807814457e-16,3.8163916471489756e-17,240,240,1,0.0683465054265117,0.0282782064229513,0.0003893537066176,0.000164493307732,9.022913814611677e-05,1.7547726694447374e-05,0.0023361232397056,0.000986960846392,1,5b594384085afae80cb1cab187c36bd5,,,1e-10,1,none,SUCCESS,
d3_frozen,1B,S1B-0024,24,710473024,3,5,4,uniform,1.5,3,0.3,5000,hash_column,20,B1,0.05341229926890678,0.021657203998749514,0.05341229926890556,0.021657203998749486,1.0824674490095276e-15,6.938893903907228e-18,1.2212453270876722e-15,2.7755575615628914e-17,1.3877787807814457e-17,2.0816681711721685e-17,363,363,1,0.0532694617943657,0.0216175629467526,0.0003049219053803,0.00012552715298,0.00014283747453985862,3.9641051996885945e-05,0.0018295324322818,0.00075316391788,1,3d2825b7d92099ed8ceb9ba050d5d390,,,1e-10,1,none,SUCCESS,
d3_frozen,1B,S1B-0024,24,710473024,3,5,4,uniform,1.5,3,0.3,5000,hash_column,40,B2,0.025049492170518106,0.009758979727314071,0.025049492170517107,0.00975897972731446,8.916478666520788e-16,3.5388358909926865e-16,9.992007221626409e-16,3.885780586188048e-16,3.122502256758253e-17,2.0816681711721685e-17,768,768,1,0.0251828669912579,0.0098231740199276,0.0002131883115887,8.214867951386705e-05,0.00013337482074079338,6.419429261314037e-05,0.0012791308695322,0.0004928930770832023,1,3cf89093468c271e1bf273e2d0b3e30c,,,1e-10,1,none,SUCCESS,
d3_frozen,1B,S1B-0024,24,710473024,3,5,4,uniform,1.5,3,0.3,5000,hash_shared,10,B0,0.11012772711837171,0.04800637024644108,0.11012772711836993,0.04800637024644108,1.762479051592436e-15,5.551115123125783e-17,1.7763568394002505e-15,0.0,2.7755575615628914e-17,4.163336342344337e-17,56,56,1,0.1100870250352507,0.0480157575820492,0.0006587172301823,0.0002830548322479,4.070208311923729e-05,9.387335608117275e-06,0.003952304381093801,0.0016983299934874001,1,f3f5ad342e8943d339602bddd5233506,,,1e-10,1,none,SUCCESS,
d3_frozen,1B,S1B-0024,24,710473024,3,5,4,uniform,1.5,3,0.3,5000,hash_shared,20,B1,0.11012772711837171,0.04800637024644108,0.11012772711836993,0.048006370246441055,1.762479051592436e-15,5.551115123125783e-17,1.7763568394002505e-15,2.7755575615628914e-17,2.7755575615628914e-17,1.3877787807814457e-17,56,56,1,0.1100870250352507,0.0480157575820492,0.0006587172301823,0.0002830548322479,4.070208311923729e-05,9.387335608145031e-06,0.003952304381093801,0.0016983299934874001,1,f3f5ad342e8943d339602bddd5233506,,,1e-10,1,none,SUCCESS,
d3_frozen,1B,S1B-0024,24,710473024,3,5,4,uniform,1.5,3,0.3,5000,hash_shared,40,B2,0.11012772711837171,0.04800637024644108,0.11012772711836993,0.04800637024644108,1.762479051592436e-15,5.551115123125783e-17,1.7763568394002505e-15,0.0,2.7755575615628914e-17,4.163336342344337e-17,56,56,1,0.1100870250352507,0.0480157575820492,0.0006587172301823,0.0002830548322479,4.070208311923729e-05,9.387335608117275e-06,0.003952304381093801,0.0016983299934874001,1,f3f5ad342e8943d339602bddd5233506,,,1e-10,1,none,SUCCESS,
d3_frozen,1B,S1B-0024,24,710473024,3,5,4,uniform,1.5,3,0.3,5000,target,,,0.0,0.0,-1.1102230246251565e-16,0.0,0.0,0.0,1.1102230246251565e-16,0.0,1.1102230246251565e-16,0.0,64,64,1,0.0,0.0,0.0,0.0,1.1102230246251565e-16,0.0,1e-09,1e-09,1,e52264e34a54280ff741f7239005aed7,,,1e-10,1,none,SUCCESS,
d3_frozen,1B,S1B-0024,24,710473024,3,5,4,uniform,1.5,3,0.3,5000,woe,,,0.0,0.0,-1.1102230246251565e-16,0.0,0.0,0.0,1.1102230246251565e-16,0.0,1.1102230246251565e-16,0.0,64,64,1,0.0,0.0,0.0,0.0,1.1102230246251565e-16,0.0,1e-09,1e-09,1,e52264e34a54280ff741f7239005aed7,,,1e-10,1,none,SUCCESS,
d3_frozen,1B,S1B-0024,24,710473024,3,5,4,uniform,1.5,3,0.3,5000,ordered_catboost_sim,,,0.0,0.0,-1.1102230246251565e-16,0.0,0.0,0.0,1.1102230246251565e-16,0.0,1.1102230246251565e-16,0.0,64,64,1,0.0,0.0,0.0,0.0,1.1102230246251565e-16,0.0,1e-09,1e-09,1,e52264e34a54280ff741f7239005aed7,,,1e-10,1,none,SUCCESS,
d3_frozen,1B,S1B-0024,24,710473024,3,5,4,uniform,1.5,3,0.3,5000,homals,,,0.0,0.0,-1.1102230246251565e-16,0.0,0.0,0.0,1.1102230246251565e-16,0.0,1.1102230246251565e-16,0.0,64,64,1,0.0,0.0,0.0,0.0,1.1102230246251565e-16,0.0,1e-09,1e-09,1,e52264e34a54280ff741f7239005aed7,,,1e-10,1,none,SUCCESS,
d3_frozen,1B,S1B-0025,25,238864025,3,5,4,zipf,0.5,0,0.0,500,label,,,0.0,0.0,0.0,0.0,3.049707583361252e-19,3.9397420298837855e-34,0.0,0.0,3.04970758336125e-19,3.9397420298837855e-34,64,64,1,0.0,0.0,6.279571454511601e-20,0.0,0.0,0.0,1.0000000003767744e-09,1e-09,1,e52264e34a54280ff741f7239005aed7,,,1e-10,1,none,SUCCESS,
d3_frozen,1B,S1B-0025,25,238864025,3,5,4,zipf,0.5,0,0.0,500,onehot,,,0.0,0.0,0.0,0.0,3.049707583361252e-19,3.9397420298837855e-34,0.0,0.0,3.04970758336125e-19,3.9397420298837855e-34,64,64,1,0.0,0.0,6.279571454511601e-20,0.0,0.0,0.0,1.0000000003767744e-09,1e-09,1,e52264e34a54280ff741f7239005aed7,,,1e-10,1,none,SUCCESS,
d3_frozen,1B,S1B-0025,25,238864025,3,5,4,zipf,0.5,0,0.0,500,count,,,0.0,0.0,0.0,0.0,3.049707583361252e-19,3.9397420298837855e-34,0.0,0.0,3.04970758336125e-19,3.9397420298837855e-34,64,64,1,0.0,0.0,6.279571454511601e-20,0.0,0.0,0.0,1.0000000003767744e-09,1e-09,1,e52264e34a54280ff741f7239005aed7,,,1e-10,1,none,SUCCESS,
d3_frozen,1B,S1B-0025,25,238864025,3,5,4,zipf,0.5,0,0.0,500,hash_column,10,B0,0.009704204481056244,0.0047526367701993255,0.009704204481055578,0.00475263677019902,7.28583859910259e-16,3.0010716134398763e-16,6.661338147750939e-16,3.0531133177191805e-16,6.591949208711867e-17,6.071532165918825e-18,240,240,1,0.0097122180018223,0.0047563006627708,6.304646764926426e-05,3.09966396401468e-05,8.013520766720836e-06,3.6638925717796117e-06,0.0003782798058955856,0.00018598083784088077,1,5b594384085afae80cb1cab187c36bd5,,,1e-10,1,none,SUCCESS,
d3_frozen,1B,S1B-0025,25,238864025,3,5,4,zipf,0.5,0,0.0,500,hash_column,20,B1,0.007443395944319198,0.0036436418802228143,0.007443395944318532,0.0036436418802225923,8.196568423990414e-16,1.8908485888147197e-16,6.661338147750939e-16,2.220446049250313e-16,1.5178830414797062e-16,3.3393426912553537e-17,363,363,1,0.0074271885887726,0.0036351346269201,6.113446112874383e-05,3.0078412649724045e-05,1.620735554593196e-05,8.507253302492308e-06,0.00036680776677246304,0.00018047147589834425,1,3d2825b7d92099ed8ceb9ba050d5d390,,,1e-10,1,none,SUCCESS,
d3_frozen,1B,S1B-0025,25,238864025,3,5,4,zipf,0.5,0,0.0,500,hash_column,40,B2,0.006539153749591908,0.003199629529528708,0.006539153749590243,0.0031996295295284305,1.8492152253912764e-15,2.8709673527416157e-16,1.6653345369377348e-15,2.7755575615628914e-16,1.8908485888147197e-16,1.2576745200831851e-17,768,768,1,0.0065539071522464,0.0032066403699935,5.5627221743913854e-05,2.741362431746942e-05,1.4753402656156843e-05,7.0108404650695046e-06,0.00033376433046348314,0.0001644827459048165,1,3cf89093468c271e1bf273e2d0b3e30c,,,1e-10,1,none,SUCCESS,
d3_frozen,1B,S1B-0025,25,238864025,3,5,4,zipf,0.5,0,0.0,500,hash_shared,10,B0,0.015796749075456695,0.007754551849059488,0.015796749075455585,0.00775455184905921,1.1622647289044608e-15,2.697495005143935e-16,1.1102230246251565e-15,2.7755575615628914e-16,4.5102810375396984e-17,5.204170427930421e-18,56,56,1,0.0158394053336952,0.007775107645727,9.034897448210156e-05,4.412352228848728e-05,4.2656258239615746e-05,2.0555796667790123e-05,0.0005420948468926094,0.0002647421337309237,1,f3f5ad342e8943d339602bddd5233506,,,1e-10,1,none,SUCCESS,
d3_frozen,1B,S1B-0025,25,238864025,3,5,4,zipf,0.5,0,0.0,500,hash_shared,20,B1,0.015796749075456695,0.007754551849059488,0.015796749075455585,0.00775455184905921,1.1622647289044608e-15,2.697495005143935e-16,1.1102230246251565e-15,2.7755575615628914e-16,4.5102810375396984e-17,3.469446951953614e-18,56,56,1,0.0158394053336952,0.007775107645727,9.034897448210156e-05,4.412352228848728e-05,4.2656258239615746e-05,2.0555796667790123e-05,0.0005420948468926094,0.0002647421337309237,1,f3f5ad342e8943d339602bddd5233506,,,1e-10,1,none,SUCCESS,
d3_frozen,1B,S1B-0025,25,238864025,3,5,4,zipf,0.5,0,0.0,500,hash_shared,40,B2,0.015796749075456695,0.007754551849059488,0.015796749075455585,0.00775455184905921,1.1622647289044608e-15,2.697495005143935e-16,1.1102230246251565e-15,2.7755575615628914e-16,4.5102810375396984e-17,3.469446951953614e-18,56,56,1,0.0158394053336952,0.007775107645727,9.034897448210156e-05,4.412352228848728e-05,4.2656258239615746e-05,2.0555796667790123e-05,0.0005420948468926094,0.0002647421337309237,1,f3f5ad342e8943d339602bddd5233506,,,1e-10,1,none,SUCCESS,
d3_frozen,1B,S1B-0025,25,238864025,3,5,4,zipf,0.5,0,0.0,500,target,,,0.0,0.0,0.0,0.0,3.049707583361252e-19,3.9397420298837855e-34,0.0,0.0,3.04970758336125e-19,3.9397420298837855e-34,64,64,1,0.0,0.0,6.279571454511601e-20,0.0,0.0,0.0,1.0000000003767744e-09,1e-09,1,e52264e34a54280ff741f7239005aed7,,,1e-10,1,none,SUCCESS,
d3_frozen,1B,S1B-0025,25,238864025,3,5,4,zipf,0.5,0,0.0,500,woe,,,0.0,0.0,0.0,0.0,3.049707583361252e-19,3.9397420298837855e-34,0.0,0.0,3.04970758336125e-19,3.9397420298837855e-34,64,64,1,0.0,0.0,6.279571454511601e-20,0.0,0.0,0.0,1.0000000003767744e-09,1e-09,1,e52264e34a54280ff741f7239005aed7,,,1e-10,1,none,SUCCESS,
d3_frozen,1B,S1B-0025,25,238864025,3,5,4,zipf,0.5,0,0.0,500,ordered_catboost_sim,,,0.0,0.0,0.0,0.0,3.049707583361252e-19,3.9397420298837855e-34,0.0,0.0,3.04970758336125e-19,3.9397420298837855e-34,64,64,1,0.0,0.0,6.279571454511601e-20,0.0,0.0,0.0,1.0000000003767744e-09,1e-09,1,e52264e34a54280ff741f7239005aed7,,,1e-10,1,none,SUCCESS,
d3_frozen,1B,S1B-0025,25,238864025,3,5,4,zipf,0.5,0,0.0,500,homals,,,0.0,0.0,0.0,0.0,3.049707583361252e-19,3.9397420298837855e-34,0.0,0.0,3.04970758336125e-19,3.9397420298837855e-34,64,64,1,0.0,0.0,6.279571454511601e-20,0.0,0.0,0.0,1.0000000003767744e-09,1e-09,1,e52264e34a54280ff741f7239005aed7,,,1e-10,1,none,SUCCESS,
d3_frozen,1B,S1B-0026,26,238864026,3,5,4,zipf,0.5,0,0.0,5000,label,,,0.0,-5.551115123125783e-17,0.0,0.0,9.17432368499838e-18,5.551115123125783e-17,0.0,5.551115123125783e-17,9.17432368499838e-18,5.164150784331695e-34,64,64,1,0.0,0.0,5.370553618086454e-20,0.0,0.0,0.0,1.0000000003222332e-09,1e-09,1,e52264e34a54280ff741f7239005aed7,,,1e-10,1,none,SUCCESS,
d3_frozen,1B,S1B-0026,26,238864026,3,5,4,zipf,0.5,0,0.0,5000,onehot,,,0.0,-5.551115123125783e-17,0.0,-2.7755575615628914e-17,9.17432368499838e-18,5.551115123125783e-17,0.0,2.7755575615628914e-17,9.17432368499838e-18,2.7755575615628914e-17,64,64,1,0.0,0.0,5.370553618086454e-20,0.0,0.0,2.7755575615628914e-17,1.0000000003222332e-09,1e-09,1,e52264e34a54280ff741f7239005aed7,,,1e-10,1,none,SUCCESS,
d3_frozen,1B,S1B-0026,26,238864026,3,5,4,zipf,0.5,0,0.0,5000,count,,,0.0,-5.551115123125783e-17,0.0,-2.7755575615628914e-17,9.17432368499838e-18,5.551115123125783e-17,0.0,2.7755575615628914e-17,9.17432368499838e-18,2.7755575615628914e-17,64,64,1,0.0,0.0,5.370553618086454e-20,0.0,0.0,2.7755575615628914e-17,1.0000000003222332e-09,1e-09,1,e52264e34a54280ff741f7239005aed7,,,1e-10,1,none,SUCCESS,
d3_frozen,1B,S1B-0026,26,238864026,3,5,4,zipf,0.5,0,0.0,5000,hash_column,10,B0,0.004270855177559318,0.002096978641971975,0.004270855177562649,0.002096978641972558,3.4286809502681592e-15,6.097553018058477e-16,3.3306690738754696e-15,5.828670879282072e-16,9.71445146547012e-17,2.949029909160572e-17,240,240,1,0.0042564226033742,0.0020895119727082,3.369249977086977e-05,1.659391322256381e-05,1.4432574188449378e-05,7.4666692643577184e-06,0.0002021559986252186,9.956447933538285e-05,1,5b594384085afae80cb1cab187c36bd5,,,1e-10,1,none,SUCCESS,
d3_frozen,1B,S1B-0026,26,238864026,3,5,4,zipf,0.5,0,0.0,5000,hash_column,20,B1,0.0018845152717491542,0.0009224360024786271,0.00188451527175304,0.0009224360024789879,3.872770160118222e-15,3.7600131341797294e-16,3.885780586188048e-15,3.608224830031759e-16,1.5612511283791264e-17,1.463672932855431e-17,363,363,1,0.0018819163451776,0.0009209926384593,1.28923810895045e-05,6.33695407794255e-06,2.5989265754399957e-06,1.4433640196879344e-06,7.7355286537027e-05,3.80227244676553e-05,1,3d2825b7d92099ed8ceb9ba050d5d390,,,1e-10,1,none,SUCCESS,
d3_frozen,1B,S1B-0026,26,238864026,3,5,4,zipf,0.5,0,0.0,5000,hash_column,40,B2,0.0004384527973757546,0.0002146168466448939,0.00043845279737608767,0.00021461684664556002,3.735076484212563e-16,6.671909118932673e-16,3.3306690738754696e-16,6.661338147750939e-16,4.0657581468206416e-17,1.6263032587282567e-18,768,768,1,0.0004396941007145,0.0002151705621701,3.7044900083766006e-06,1.816209816958112e-06,1.2413033384123555e-06,5.53715524539988e-07,2.22279400502596e-05,1.0898258901748672e-05,1,3cf89093468c271e1bf273e2d0b3e30c,,,1e-10,1,none,SUCCESS,
d3_frozen,1B,S1B-0026,26,238864026,3,5,4,zipf,0.5,0,0.0,5000,hash_shared,10,B0,0.012491307566743548,0.0061681311571693265,0.012491307566746657,0.006168131157169882,3.1086244689504383e-15,5.84601811404184e-16,3.1086244689504383e-15,5.551115123125783e-16,1.3877787807814457e-17,1.9949319973733282e-17,56,56,1,0.0125007825220059,0.0061725448171658,6.947563795396577e-05,3.415312310956281e-05,9.47495525924387e-06,4.413659995918147e-06,0.00041685482772379465,0.00020491973865737685,1,f3f5ad342e8943d339602bddd5233506,,,1e-10,1,none,SUCCESS,
d3_frozen,1B,S1B-0026,26,238864026,3,5,4,zipf,0.5,0,0.0,5000,hash_shared,20,B1,0.012491307566743548,0.0061681311571693265,0.012491307566746546,0.006168131157169826,3.1086244689504383e-15,5.84601811404184e-16,2.9976021664879227e-15,4.996003610813204e-16,1.249000902703301e-16,7.45931094670027e-17,56,56,1,0.0125007825220059,0.0061725448171658,6.947563795396577e-05,3.415312310956281e-05,9.474955259354892e-06,4.413659995973658e-06,0.00041685482772379465,0.00020491973865737685,1,f3f5ad342e8943d339602bddd5233506,,,1e-10,1,none,SUCCESS,
d3_frozen,1B,S1B-0026,26,238864026,3,5,4,zipf,0.5,0,0.0,5000,hash_shared,40,B2,0.012491307566743548,0.0061681311571693265,0.012491307566746657,0.006168131157169854,3.1086244689504383e-15,5.84601811404184e-16,3.1086244689504383e-15,5.273559366969494e-16,1.3877787807814457e-17,4.683753385137379e-17,56,56,1,0.0125007825220059,0.0061725448171658,6.947563795396577e-05,3.415312310956281e-05,9.47495525924387e-06,4.4136599959459025e-06,0.00041685482772379465,0.00020491973865737685,1,f3f5ad342e8943d339602bddd5233506,,,1e-10,1,none,SUCCESS,
d3_frozen,1B,S1B-0026,26,238864026,3,5,4,zipf,0.5,0,0.0,5000,target,,,0.0,-5.551115123125783e-17,1.1102230246251565e-16,-2.7755575615628914e-17,9.17432368499838e-18,5.551115123125783e-17,1.1102230246251565e-16,2.7755575615628914e-17,1.0184797877751728e-16,2.7755575615628914e-17,64,64,1,0.0,0.0,5.370553618086454e-20,0.0,1.1102230246251565e-16,2.7755575615628914e-17,1.0000000003222332e-09,1e-09,1,e52264e34a54280ff741f7239005aed7,,,1e-10,1,none,SUCCESS,
d3_frozen,1B,S1B-0026,26,238864026,3,5,4,zipf,0.5,0,0.0,5000,woe,,,0.0,-5.551115123125783e-17,1.1102230246251565e-16,-2.7755575615628914e-17,9.17432368499838e-18,5.551115123125783e-17,1.1102230246251565e-16,2.7755575615628914e-17,1.0184797877751728e-16,2.7755575615628914e-17,64,64,1,0.0,0.0,5.370553618086454e-20,0.0,1.1102230246251565e-16,2.7755575615628914e-17,1.0000000003222332e-09,1e-09,1,e52264e34a54280ff741f7239005aed7,,,1e-10,1,none,SUCCESS,
d3_frozen,1B,S1B-0026,26,238864026,3,5,4,zipf,0.5,0,0.0,5000,ordered_catboost_sim,,,0.0,-5.551115123125783e-17,1.1102230246251565e-16,-2.7755575615628914e-17,9.17432368499838e-18,5.551115123125783e-17,1.1102230246251565e-16,2.7755575615628914e-17,1.0184797877751728e-16,2.7755575615628914e-17,64,64,1,0.0,0.0,5.370553618086454e-20,0.0,1.1102230246251565e-16,2.7755575615628914e-17,1.0000000003222332e-09,1e-09,1,e52264e34a54280ff741f7239005aed7,,,1e-10,1,none,SUCCESS,
d3_frozen,1B,S1B-0026,26,238864026,3,5,4,zipf,0.5,0,0.0,5000,homals,,,0.0,-5.551115123125783e-17,0.0,-2.7755575615628914e-17,9.17432368499838e-18,5.551115123125783e-17,0.0,2.7755575615628914e-17,9.17432368499838e-18,2.7755575615628914e-17,64,64,1,0.0,0.0,5.370553618086454e-20,0.0,0.0,2.7755575615628914e-17,1.0000000003222332e-09,1e-09,1,e52264e34a54280ff741f7239005aed7,,,1e-10,1,none,SUCCESS,
d3_frozen,1B,S1B-0027,27,238864027,3,5,4,zipf,0.5,0,0.1,500,label,,,0.0,0.0,0.0,0.0,2.224518200529005e-18,2.871358149995806e-34,0.0,0.0,2.224518200529005e-18,2.871358149995806e-34,64,64,1,0.0,0.0,9.734265190793472e-20,0.0,0.0,0.0,1.000000000584056e-09,1e-09,1,e52264e34a54280ff741f7239005aed7,,,1e-10,1,none,SUCCESS,
d3_frozen,1B,S1B-0027,27,238864027,3,5,4,zipf,0.5,0,0.1,500,onehot,,,0.0,0.0,-1.1102230246251565e-16,-2.7755575615628914e-17,2.224518200529005e-18,2.871358149995806e-34,1.1102230246251565e-16,2.7755575615628914e-17,1.1324682066304466e-16,2.7755575615628914e-17,64,64,1,0.0,0.0,9.734265190793472e-20,0.0,1.1102230246251565e-16,2.7755575615628914e-17,1.000000000584056e-09,1e-09,1,e52264e34a54280ff741f7239005aed7,,,1e-10,1,none,SUCCESS,
d3_frozen,1B,S1B-0027,27,238864027,3,5,4,zipf,0.5,0,0.1,500,count,,,0.0,0.0,-1.1102230246251565e-16,-2.7755575615628914e-17,2.224518200529005e-18,2.871358149995806e-34,1.1102230246251565e-16,2.7755575615628914e-17,1.1324682066304466e-16,2.7755575615628914e-17,64,64,1,0.0,0.0,9.734265190793472e-20,0.0,1.1102230246251565e-16,2.7755575615628914e-17,1.000000000584056e-09,1e-09,1,e52264e34a54280ff741f7239005aed7,,,1e-10,1,none,SUCCESS,
d3_frozen,1B,S1B-0027,27,238864027,3,5,4,zipf,0.5,0,0.1,500,hash_column,10,B0,0.007202382655560724,0.0035362709041955875,0.00720238265556139,0.003536270904196087,5.828670879282072e-16,4.896257010944538e-16,6.661338147750939e-16,4.996003610813204e-16,8.326672684688674e-17,1.214306433183765e-17,240,240,1,0.0071941613298601,0.0035320507431967,3.640163518087919e-05,1.7788663975022926e-05,8.22132570128982e-06,4.220160999387091e-06,0.00021841081108527513,0.00010673298385013756,1,5b594384085afae80cb1cab187c36bd5,,,1e-10,1,none,SUCCESS,
d3_frozen,1B,S1B-0027,27,238864027,3,5,4,zipf,0.5,0,0.1,500,hash_column,20,B1,0.0060409947796525865,0.002965740882206025,0.0060409947796524754,0.002965740882206497,1.2663481374630692e-16,4.367166350771612e-16,1.1102230246251565e-16,4.718447854656915e-16,1.734723475976807e-17,3.469446951953614e-17,363,363,1,0.0060237092148363,0.0029572234964088,3.0292326154349785e-05,1.4834895158905618e-05,1.7285564816175297e-05,8.517385797696727e-06,0.0001817549569260987,8.90103709534337e-05,1,3d2825b7d92099ed8ceb9ba050d5d390,,,1e-10,1,none,SUCCESS,
d3_frozen,1B,S1B-0027,27,238864027,3,5,4,zipf,0.5,0,0.1,500,hash_column,40,B2,0.0001208062826821843,5.878490618119181e-05,0.0001208062826831835,5.878490618135834e-05,8.905907695339055e-16,1.8167162652710234e-16,9.992007221626409e-16,1.6653345369377348e-16,1.0860995262873541e-16,1.5233040523421337e-17,768,768,1,0.0001209689192598,5.8878593615252495e-05,1.0148734227502992e-06,4.944180082326662e-07,1.6263657661650917e-07,9.36874338941518e-08,6.090240536501795e-06,2.967508049395997e-06,1,3cf89093468c271e1bf273e2d0b3e30c,,,1e-10,1,none,SUCCESS,
d3_frozen,1B,S1B-0027,27,238864027,3,5,4,zipf,0.5,0,0.1,500,hash_shared,10,B0,0.014534881190585769,0.00717399358934856,0.014534881190586546,0.007173993589348782,9.107298248878237e-16,2.3158558404290375e-16,7.771561172376096e-16,2.220446049250313e-16,1.2836953722228372e-16,1.474514954580286e-17,56,56,1,0.0145062663335777,0.0071593080858887,7.859302815086975e-05,3.852769242154653e-05,2.8614857008845557e-05,1.4685503460081309e-05,0.0004715591689052185,0.00023116715452927916,1,f3f5ad342e8943d339602bddd5233506,,,1e-10,1,none,SUCCESS,
d3_frozen,1B,S1B-0027,27,238864027,3,5,4,zipf,0.5,0,0.1,500,hash_shared,20,B1,0.014534881190585769,0.00717399358934856,0.014534881190586546,0.007173993589348782,9.107298248878237e-16,2.3158558404290375e-16,7.771561172376096e-16,2.220446049250313e-16,1.2836953722228372e-16,1.474514954580286e-17,56,56,1,0.0145062663335777,0.0071593080858887,7.859302815086975e-05,3.852769242154653e-05,2.8614857008845557e-05,1.4685503460081309e-05,0.0004715591689052185,0.00023116715452927916,1,f3f5ad342e8943d339602bddd5233506,,,1e-10,1,none,SUCCESS,
d3_frozen,1B,S1B-0027,27,238864027,3,5,4,zipf,0.5,0,0.1,500,hash_shared,40,B2,0.014534881190585769,0.00717399358934856,0.014534881190586657,0.007173993589348754,9.107298248878237e-16,2.3158558404290375e-16,8.881784197001252e-16,1.942890293094024e-16,1.734723475976807e-17,4.336808689942018e-17,56,56,1,0.0145062663335777,0.0071593080858887,7.859302815086975e-05,3.852769242154653e-05,2.861485700895658e-05,1.4685503460053553e-05,0.0004715591689052185,0.00023116715452927916,1,f3f5ad342e8943d339602bddd5233506,,,1e-10,1,none,SUCCESS,
d3_frozen,1B,S1B-0027,27,238864027,3,5,4,zipf,0.5,0,0.1,500,target,,,0.0,0.0,0.0,-5.551115123125783e-17,2.224518200529005e-18,2.871358149995806e-34,0.0,5.551115123125783e-17,2.224518200529005e-18,5.551115123125783e-17,64,64,1,0.0,0.0,9.734265190793472e-20,0.0,0.0,5.551115123125783e-17,1.000000000584056e-09,1e-09,1,e52264e34a54280ff741f7239005aed7,,,1e-10,1,none,SUCCESS,
d3_frozen,1B,S1B-0027,27,238864027,3,5,4,zipf,0.5,0,0.1,500,woe,,,0.0,0.0,0.0,-5.551115123125783e-17,2.224518200529005e-18,2.871358149995806e-34,0.0,5.551115123125783e-17,2.224518200529005e-18,5.551115123125783e-17,64,64,1,0.0,0.0,9.734265190793472e-20,0.0,0.0,5.551115123125783e-17,1.000000000584056e-09,1e-09,1,e52264e34a54280ff741f7239005aed7,,,1e-10,1,none,SUCCESS,
d3_frozen,1B,S1B-0027,27,238864027,3,5,4,zipf,0.5,0,0.1,500,ordered_catboost_sim,,,0.0,0.0,0.0,-5.551115123125783e-17,2.224518200529005e-18,2.871358149995806e-34,0.0,5.551115123125783e-17,2.224518200529005e-18,5.551115123125783e-17,64,64,1,0.0,0.0,9.734265190793472e-20,0.0,0.0,5.551115123125783e-17,1.000000000584056e-09,1e-09,1,e52264e34a54280ff741f7239005aed7,,,1e-10,1,none,SUCCESS,
d3_frozen,1B,S1B-0027,27,238864027,3,5,4,zipf,0.5,0,0.1,500,homals,,,0.0,0.0,0.0,-2.7755575615628914e-17,2.224518200529005e-18,2.871358149995806e-34,0.0,2.7755575615628914e-17,2.224518200529005e-18,2.7755575615628914e-17,64,64,1,0.0,0.0,9.734265190793472e-20,0.0,0.0,2.7755575615628914e-17,1.000000000584056e-09,1e-09,1,e52264e34a54280ff741f7239005aed7,,,1e-10,1,none,SUCCESS,
d3_frozen,1B,S1B-0028,28,238864028,3,5,4,zipf,0.5,0,0.1,5000,label,,,0.0,0.0,0.0,0.0,6.856273002842149e-18,3.4414659439200406e-34,0.0,0.0,6.856273002842148e-18,3.44146594392004e-34,64,64,1,0.0,0.0,8.27583144526833e-20,0.0,0.0,0.0,1.00000000049655e-09,1e-09,1,e52264e34a54280ff741f7239005aed7,,,1e-10,1,none,SUCCESS,
d3_frozen,1B,S1B-0028,28,238864028,3,5,4,zipf,0.5,0,0.1,5000,onehot,,,0.0,0.0,-1.1102230246251565e-16,0.0,6.856273002842149e-18,3.4414659439200406e-34,1.1102230246251565e-16,0.0,1.1787857546535781e-16,3.44146594392004e-34,64,64,1,0.0,0.0,8.27583144526833e-20,0.0,1.1102230246251565e-16,0.0,1.00000000049655e-09,1e-09,1,e52264e34a54280ff741f7239005aed7,,,1e-10,1,none,SUCCESS,
d3_frozen,1B,S1B-0028,28,238864028,3,5,4,zipf,0.5,0,0.1,5000,count,,,0.0,0.0,-1.1102230246251565e-16,0.0,6.856273002842149e-18,3.4414659439200406e-34,1.1102230246251565e-16,0.0,1.1787857546535781e-16,3.44146594392004e-34,64,64,1,0.0,0.0,8.27583144526833e-20,0.0,1.1102230246251565e-16,0.0,1.00000000049655e-09,1e-09,1,e52264e34a54280ff741f7239005aed7,,,1e-10,1,none,SUCCESS,
d3_frozen,1B,S1B-0028,28,238864028,3,5,4,zipf,0.5,0,0.1,5000,hash_column,10,B0,0.0029902648441894053,0.0014782622025833192,0.00299026484418885,0.001478262202582653,7.038640503775895e-16,6.615801656506548e-16,5.551115123125783e-16,6.661338147750939e-16,1.5222198501696482e-16,4.7704895589362195e-18,240,240,1,0.0029953555461932,0.0014807227864454,2.6448388393004856e-05,1.3102285718498724e-05,5.090702004349745e-06,2.4605838627469144e-06,0.00015869133035802913,7.861471431099234e-05,1,5b594384085afae80cb1cab187c36bd5,,,1e-10,1,none,SUCCESS,
d3_frozen,1B,S1B-0028,28,238864028,3,5,4,zipf,0.5,0,0.1,5000,hash_column,20,B1,0.0022253135789881417,0.0010990715329777245,0.0022253135789878087,0.0010990715329771694,3.5128150388530344e-16,5.707240235963695e-16,3.3306690738754696e-16,5.551115123125783e-16,2.0816681711721685e-17,1.431146867680866e-17,363,363,1,0.0022402587295512,0.0011065174083252,2.1855011217256728e-05,1.0826481575903385e-05,1.4945150563391331e-05,7.445875348030626e-06,0.00013113106730354036,6.495988945542031e-05,1,3d2825b7d92099ed8ceb9ba050d5d390,,,1e-10,1,none,SUCCESS,
d3_frozen,1B,S1B-0028,28,238864028,3,5,4,zipf,0.5,0,0.1,5000,hash_column,40,B2,0.0015970525050887918,0.000788001215002887,0.0015970525050881257,0.0007880012150025539,8.018759267702791e-16,3.1138286393783687e-16,6.661338147750939e-16,3.3306690738754696e-16,1.3747683547116196e-16,2.190088388420719e-17,768,768,1,0.0015839583203923,0.0007814946729517,1.331639592884388e-05,6.576642448951057e-06,1.3094184695825644e-05,6.506542050853945e-06,7.989937557306328e-05,3.9460854693706344e-05,1,3cf89093468c271e1bf273e2d0b3e30c,,,1e-10,1,none,SUCCESS,
d3_frozen,1B,S1B-0028,28,238864028,3,5,4,zipf,0.5,0,0.1,5000,hash_shared,10,B0,0.006498182890442017,0.003223311348985486,0.006498182890441462,0.0032233113489848753,6.349087922075114e-16,5.915407053080912e-16,5.551115123125783e-16,6.106226635438361e-16,7.806255641895632e-17,1.474514954580286e-17,56,56,1,0.0065636446833811,0.0032559198675819,3.6207727552178274e-05,1.7957723332321463e-05,6.54617929396386e-05,3.260851859702464e-05,0.00021724736531306965,0.00010774733999392877,1,f3f5ad342e8943d339602bddd5233506,,,1e-10,1,none,SUCCESS,
d3_frozen,1B,S1B-0028,28,238864028,3,5,4,zipf,0.5,0,0.1,5000,hash_shared,20,B1,0.006498182890442017,0.003223311348985486,0.006498182890441351,0.003223311348984903,6.349087922075114e-16,5.915407053080912e-16,6.661338147750939e-16,5.828670879282072e-16,3.2959746043559335e-17,1.3010426069826053e-17,56,56,1,0.0065636446833811,0.0032559198675819,3.6207727552178274e-05,1.7957723332321463e-05,6.546179293974962e-05,3.2608518596996885e-05,0.00021724736531306965,0.00010774733999392877,1,f3f5ad342e8943d339602bddd5233506,,,1e-10,1,none,SUCCESS,
d3_frozen,1B,S1B-0028,28,238864028,3,5,4,zipf,0.5,0,0.1,5000,hash_shared,40,B2,0.006498182890442017,0.003223311348985486,0.006498182890441351,0.0032233113489848753,6.349087922075114e-16,5.915407053080912e-16,6.661338147750939e-16,6.106226635438361e-16,3.2959746043559335e-17,1.431146867680866e-17,56,56,1,0.0065636446833811,0.0032559198675819,3.6207727552178274e-05,1.7957723332321463e-05,6.546179293974962e-05,3.260851859702464e-05,0.00021724736531306965,0.00010774733999392877,1,f3f5ad342e8943d339602bddd5233506,,,1e-10,1,none,SUCCESS,
d3_frozen,1B,S1B-0028,28,238864028,3,5,4,zipf,0.5,0,0.1,5000,target,,,0.0,0.0,0.0,0.0,6.856273002842149e-18,3.4414659439200406e-34,0.0,0.0,6.856273002842148e-18,3.4414659439200406e-34,64,64,1,0.0,0.0,8.27583144526833e-20,0.0,0.0,0.0,1.00000000049655e-09,1e-09,1,e52264e34a54280ff741f7239005aed7,,,1e-10,1,none,SUCCESS,
d3_frozen,1B,S1B-0028,28,238864028,3,5,4,zipf,0.5,0,0.1,5000,woe,,,0.0,0.0,0.0,0.0,6.856273002842149e-18,3.4414659439200406e-34,0.0,0.0,6.856273002842148e-18,3.4414659439200406e-34,64,64,1,0.0,0.0,8.27583144526833e-20,0.0,0.0,0.0,1.00000000049655e-09,1e-09,1,e52264e34a54280ff741f7239005aed7,,,1e-10,1,none,SUCCESS,
d3_frozen,1B,S1B-0028,28,238864028,3,5,4,zipf,0.5,0,0.1,5000,ordered_catboost_sim,,,0.0,0.0,0.0,0.0,6.856273002842149e-18,3.4414659439200406e-34,0.0,0.0,6.856273002842148e-18,3.4414659439200406e-34,64,64,1,0.0,0.0,8.27583144526833e-20,0.0,0.0,0.0,1.00000000049655e-09,1e-09,1,e52264e34a54280ff741f7239005aed7,,,1e-10,1,none,SUCCESS,
d3_frozen,1B,S1B-0028,28,238864028,3,5,4,zipf,0.5,0,0.1,5000,homals,,,0.0,0.0,0.0,0.0,6.856273002842149e-18,3.4414659439200406e-34,0.0,0.0,6.856273002842148e-18,3.44146594392004e-34,64,64,1,0.0,0.0,8.27583144526833e-20,0.0,0.0,0.0,1.00000000049655e-09,1e-09,1,e52264e34a54280ff741f7239005aed7,,,1e-10,1,none,SUCCESS,
d3_frozen,1B,S1B-0029,29,238864029,3,5,4,zipf,0.5,0,0.3,500,label,,,0.0,0.0,0.0,0.0,1.221956523302653e-18,7.920823089426291e-34,0.0,0.0,1.2219565233026528e-18,7.920823089426293e-34,64,64,1,0.0,0.0,1.0389103318298681e-19,0.0,0.0,0.0,1.0000000006233462e-09,1e-09,1,e52264e34a54280ff741f7239005aed7,,,1e-10,1,none,SUCCESS,
d3_frozen,1B,S1B-0029,29,238864029,3,5,4,zipf,0.5,0,0.3,500,onehot,,,0.0,0.0,0.0,0.0,1.221956523302653e-18,7.920823089426291e-34,0.0,0.0,1.2219565233026528e-18,7.920823089426293e-34,64,64,1,0.0,0.0,1.0389103318298681e-19,0.0,0.0,0.0,1.0000000006233462e-09,1e-09,1,e52264e34a54280ff741f7239005aed7,,,1e-10,1,none,SUCCESS,
d3_frozen,1B,S1B-0029,29,238864029,3,5,4,zipf,0.5,0,0.3,500,count,,,0.0,0.0,0.0,0.0,1.221956523302653e-18,7.920823089426291e-34,0.0,0.0,1.2219565233026528e-18,7.920823089426293e-34,64,64,1,0.0,0.0,1.0389103318298681e-19,0.0,0.0,0.0,1.0000000006233462e-09,1e-09,1,e52264e34a54280ff741f7239005aed7,,,1e-10,1,none,SUCCESS,
d3_frozen,1B,S1B-0029,29,238864029,3,5,4,zipf,0.5,0,0.3,500,hash_column,10,B0,0.0019154977362871861,0.0008552955861225175,0.0019154977362859649,0.0008552955861228229,1.420521686390508e-15,3.376205565119861e-16,1.2212453270876722e-15,3.0531133177191805e-16,2.0036056147532122e-16,3.187554387107383e-17,240,240,1,0.0019078392649857,0.0008507652419694,1.7610176660900693e-05,7.74485377400862e-06,7.658471300264888e-06,4.530344153422868e-06,0.00010566205996540416,4.647012264405172e-05,1,5b594384085afae80cb1cab187c36bd5,,,1e-10,1,none,SUCCESS,
d3_frozen,1B,S1B-0029,29,238864029,3,5,4,zipf,0.5,0,0.3,500,hash_column,20,B1,0.000638114459467376,0.00028628497899060856,0.0006381144594662658,0.0002862849789907751,1.2395683438026772e-15,1.8821749714348357e-16,1.1102230246251565e-15,1.6653345369377348e-16,1.2923689896027213e-16,2.179246366695864e-17,363,363,1,0.0006320729433334,0.0002832886129628,7.537496399821119e-06,3.3312917695566293e-06,6.041516132865754e-06,2.9963660279750835e-06,4.522597839892672e-05,1.9988750617339774e-05,1,3d2825b7d92099ed8ceb9ba050d5d390,,,1e-10,1,none,SUCCESS,
d3_frozen,1B,S1B-0029,29,238864029,3,5,4,zipf,0.5,0,0.3,500,hash_column,40,B2,8.833929261664597e-05,4.015230468151776e-05,8.833929261509166e-05,4.015230468176756e-05,1.6795782429787631e-15,2.6836036648089645e-16,1.5543122344752192e-15,2.498001805406602e-16,1.2502206301473473e-16,1.8458541986565713e-17,768,768,1,8.850708039653821e-05,4.0230126884560624e-05,7.408110653449886e-07,3.3596472847578714e-07,1.6778778144654893e-07,7.782220279306529e-08,4.445866392069931e-06,2.016788370854723e-06,1,3cf89093468c271e1bf273e2d0b3e30c,,,1e-10,1,none,SUCCESS,
d3_frozen,1B,S1B-0029,29,238864029,3,5,4,zipf,0.5,0,0.3,500,hash_shared,10,B0,0.03866705215450561,0.018739194194660885,0.038667052154503834,0.01873919419466108,1.9567680809018384e-15,2.7755575615628914e-16,1.7763568394002505e-15,1.942890293094024e-16,1.6653345369377348e-16,2.0816681711721685e-17,56,56,1,0.0388335846395735,0.0188173774668481,0.0001959396399075,9.51482373962202e-05,0.00016653248506966895,7.818327218702195e-05,0.0011756388394449997,0.0005708904243773213,1,f3f5ad342e8943d339602bddd5233506,,,1e-10,1,none,SUCCESS,
d3_frozen,1B,S1B-0029,29,238864029,3,5,4,zipf,0.5,0,0.3,500,hash_shared,20,B1,0.03866705215450561,0.018739194194660885,0.038667052154503834,0.01873919419466108,1.9567680809018384e-15,2.7755575615628914e-16,1.7763568394002505e-15,1.942890293094024e-16,1.6653345369377348e-16,2.0816681711721685e-17,56,56,1,0.0388335846395735,0.0188173774668481,0.0001959396399075,9.51482373962202e-05,0.00016653248506966895,7.818327218702195e-05,0.0011756388394449997,0.0005708904243773213,1,f3f5ad342e8943d339602bddd5233506,,,1e-10,1,none,SUCCESS,
d3_frozen,1B,S1B-0029,29,238864029,3,5,4,zipf,0.5,0,0.3,500,hash_shared,40,B2,0.03866705215450561,0.018739194194660885,0.038667052154503834,0.018739194194661052,1.9567680809018384e-15,2.7755575615628914e-16,1.7763568394002505e-15,1.6653345369377348e-16,1.6653345369377348e-16,4.85722573273506e-17,56,56,1,0.0388335846395735,0.0188173774668481,0.0001959396399075,9.51482373962202e-05,0.00016653248506966895,7.818327218704971e-05,0.0011756388394449997,0.0005708904243773213,1,f3f5ad342e8943d339602bddd5233506,,,1e-10,1,none,SUCCESS,
d3_frozen,1B,S1B-0029,29,238864029,3,5,4,zipf,0.5,0,0.3,500,target,,,0.0,0.0,0.0,0.0,1.221956523302653e-18,7.920823089426291e-34,0.0,0.0,1.2219565233026528e-18,7.920823089426291e-34,64,64,1,0.0,0.0,1.0389103318298681e-19,0.0,0.0,0.0,1.0000000006233462e-09,1e-09,1,e52264e34a54280ff741f7239005aed7,,,1e-10,1,none,SUCCESS,
d3_frozen,1B,S1B-0029,29,238864029,3,5,4,zipf,0.5,0,0.3,500,woe,,,0.0,0.0,0.0,0.0,1.221956523302653e-18,7.920823089426291e-34,0.0,0.0,1.2219565233026528e-18,7.920823089426291e-34,64,64,1,0.0,0.0,1.0389103318298681e-19,0.0,0.0,0.0,1.0000000006233462e-09,1e-09,1,e52264e34a54280ff741f7239005aed7,,,1e-10,1,none,SUCCESS,
d3_frozen,1B,S1B-0029,29,238864029,3,5,4,zipf,0.5,0,0.3,500,ordered_catboost_sim,,,0.0,0.0,0.0,0.0,1.221956523302653e-18,7.920823089426291e-34,0.0,0.0,1.2219565233026528e-18,7.920823089426291e-34,64,64,1,0.0,0.0,1.0389103318298681e-19,0.0,0.0,0.0,1.0000000006233462e-09,1e-09,1,e52264e34a54280ff741f7239005aed7,,,1e-10,1,none,SUCCESS,
d3_frozen,1B,S1B-0029,29,238864029,3,5,4,zipf,0.5,0,0.3,500,homals,,,0.0,0.0,0.0,2.7755575615628914e-17,1.221956523302653e-18,7.920823089426291e-34,0.0,2.7755575615628914e-17,1.2219565233026528e-18,2.7755575615628914e-17,64,64,1,0.0,0.0,1.0389103318298681e-19,0.0,0.0,2.7755575615628914e-17,1.0000000006233462e-09,1e-09,1,e52264e34a54280ff741f7239005aed7,,,1e-10,1,none,SUCCESS,
d3_frozen,1B,S1B-0030,30,238864030,3,5,4,zipf,0.5,0,0.3,5000,label,,,0.0,0.0,0.0,0.0,5.5644002946063715e-18,2.3324654536421623e-34,0.0,0.0,5.564400294606372e-18,2.3324654536421623e-34,64,64,1,0.0,0.0,2.7778671985605515e-20,0.0,0.0,0.0,1.000000000166672e-09,1e-09,1,e52264e34a54280ff741f7239005aed7,,,1e-10,1,none,SUCCESS,
d3_frozen,1B,S1B-0030,30,238864030,3,5,4,zipf,0.5,0,0.3,5000,onehot,,,0.0,0.0,0.0,0.0,5.5644002946063715e-18,2.3324654536421623e-34,0.0,0.0,5.564400294606372e-18,2.3324654536421623e-34,64,64,1,0.0,0.0,2.7778671985605515e-20,0.0,0.0,0.0,1.000000000166672e-09,1e-09,1,e52264e34a54280ff741f7239005aed7,,,1e-10,1,none,SUCCESS,
d3_frozen,1B,S1B-0030,30,238864030,3,5,4,zipf,0.5,0,0.3,5000,count,,,0.0,0.0,0.0,0.0,5.5644002946063715e-18,2.3324654536421623e-34,0.0,0.0,5.564400294606372e-18,2.3324654536421623e-34,64,64,1,0.0,0.0,2.7778671985605515e-20,0.0,0.0,0.0,1.000000000166672e-09,1e-09,1,e52264e34a54280ff741f7239005aed7,,,1e-10,1,none,SUCCESS,
d3_frozen,1B,S1B-0030,30,238864030,3,5,4,zipf,0.5,0,0.3,5000,hash_column,10,B0,0.005476518161648736,0.0025398114947618178,0.005476518161649402,0.0025398114947627337,6.600622826091751e-16,8.968520370800093e-16,6.661338147750939e-16,9.159339953157541e-16,0.0,1.7780915628762273e-17,240,240,1,0.005393824094382,0.0024967617995059,5.9722167195864984e-05,2.819182841191838e-05,8.269406726740206e-05,4.304969525683374e-05,0.0003583340031751899,0.00016915197047151026,1,5b594384085afae80cb1cab187c36bd5,,,1e-10,1,none,SUCCESS,
d3_frozen,1B,S1B-0030,30,238864030,3,5,4,zipf,0.5,0,0.3,5000,hash_column,20,B1,0.0012544111786196854,0.0005914963782850391,0.0012544111786196854,0.0005914963782859273,7.958043946043603e-17,8.765774564545303e-16,0.0,8.881784197001252e-16,7.827939685345342e-17,1.0299920638612292e-17,363,363,1,0.0011779278830065,0.0005546396229519,3.29138659814889e-05,1.5705765981701234e-05,7.648329561318543e-05,3.6856755334027246e-05,0.00019748419588893338,9.423559589020741e-05,1,3d2825b7d92099ed8ceb9ba050d5d390,,,1e-10,1,none,SUCCESS,
d3_frozen,1B,S1B-0030,30,238864030,3,5,4,zipf,0.5,0,0.3,5000,hash_column,40,B2,4.441104168861898e-07,1.9605320522586567e-07,4.44110416220056e-07,1.9605320550342142e-07,6.108364334838994e-16,2.6370745568295097e-16,6.661338147750939e-16,2.7755575615628914e-16,5.529716953295771e-17,1.3848300473338166e-17,768,768,1,4.421731908399451e-07,1.951649781228859e-07,3.7394219236461705e-09,1.648370599280055e-09,1.937225380110874e-09,8.882273805355112e-10,2.3436531541877022e-08,1.0890223595680331e-08,1,3cf89093468c271e1bf273e2d0b3e30c,,,1e-10,1,none,SUCCESS,
d3_frozen,1B,S1B-0030,30,238864030,3,5,4,zipf,0.5,0,0.3,5000,hash_shared,10,B0,0.04027445672898855,0.019213652138513337,0.04027445672898966,0.01921365213851428,1.2004286453759505e-15,9.194034422677078e-16,1.1102230246251565e-15,9.43689570931383e-16,5.551115123125783e-17,3.8163916471489756e-17,56,56,1,0.0406351139648293,0.0193779889191437,0.0002379435908927,0.0001122593702615,0.0003606572358396398,0.00016433678062941978,0.0014276625453562,0.000673557221569,1,f3f5ad342e8943d339602bddd5233506,,,1e-10,1,none,SUCCESS,
d3_frozen,1B,S1B-0030,30,238864030,3,5,4,zipf,0.5,0,0.3,5000,hash_shared,20,B1,0.04027445672898855,0.019213652138513337,0.04027445672898966,0.01921365213851428,1.2004286453759505e-15,9.194034422677078e-16,1.1102230246251565e-15,9.43689570931383e-16,5.551115123125783e-17,3.8163916471489756e-17,56,56,1,0.0406351139648293,0.0193779889191437,0.0002379435908927,0.0001122593702615,0.0003606572358396398,0.00016433678062941978,0.0014276625453562,0.000673557221569,1,f3f5ad342e8943d339602bddd5233506,,,1e-10,1,none,SUCCESS,
d3_frozen,1B,S1B-0030,30,238864030,3,5,4,zipf,0.5,0,0.3,5000,hash_shared,40,B2,0.04027445672898855,0.019213652138513337,0.04027445672898955,0.01921365213851428,1.2004286453759505e-15,9.194034422677078e-16,9.992007221626409e-16,9.43689570931383e-16,1.6653345369377348e-16,3.8163916471489756e-17,56,56,1,0.0406351139648293,0.0193779889191437,0.0002379435908927,0.0001122593702615,0.00036065723583975084,0.00016433678062941978,0.0014276625453562,0.000673557221569,1,f3f5ad342e8943d339602bddd5233506,,,1e-10,1,none,SUCCESS,
d3_frozen,1B,S1B-0030,30,238864030,3,5,4,zipf,0.5,0,0.3,5000,target,,,0.0,0.0,-1.1102230246251565e-16,-2.7755575615628914e-17,5.5644002946063715e-18,2.3324654536421623e-34,1.1102230246251565e-16,2.7755575615628914e-17,1.1658670275712203e-16,2.7755575615628914e-17,64,64,1,0.0,0.0,2.7778671985605515e-20,0.0,1.1102230246251565e-16,2.7755575615628914e-17,1.000000000166672e-09,1e-09,1,e52264e34a54280ff741f7239005aed7,,,1e-10,1,none,SUCCESS,
d3_frozen,1B,S1B-0030,30,238864030,3,5,4,zipf,0.5,0,0.3,5000,woe,,,0.0,0.0,-1.1102230246251565e-16,-2.7755575615628914e-17,5.5644002946063715e-18,2.3324654536421623e-34,1.1102230246251565e-16,2.7755575615628914e-17,1.1658670275712203e-16,2.7755575615628914e-17,64,64,1,0.0,0.0,2.7778671985605515e-20,0.0,1.1102230246251565e-16,2.7755575615628914e-17,1.000000000166672e-09,1e-09,1,e52264e34a54280ff741f7239005aed7,,,1e-10,1,none,SUCCESS,
d3_frozen,1B,S1B-0030,30,238864030,3,5,4,zipf,0.5,0,0.3,5000,ordered_catboost_sim,,,0.0,0.0,-1.1102230246251565e-16,-2.7755575615628914e-17,5.5644002946063715e-18,2.3324654536421623e-34,1.1102230246251565e-16,2.7755575615628914e-17,1.1658670275712203e-16,2.7755575615628914e-17,64,64,1,0.0,0.0,2.7778671985605515e-20,0.0,1.1102230246251565e-16,2.7755575615628914e-17,1.000000000166672e-09,1e-09,1,e52264e34a54280ff741f7239005aed7,,,1e-10,1,none,SUCCESS,
d3_frozen,1B,S1B-0030,30,238864030,3,5,4,zipf,0.5,0,0.3,5000,homals,,,0.0,0.0,-1.1102230246251565e-16,-2.7755575615628914e-17,5.5644002946063715e-18,2.3324654536421623e-34,1.1102230246251565e-16,2.7755575615628914e-17,1.1658670275712203e-16,2.7755575615628914e-17,64,64,1,0.0,0.0,2.7778671985605515e-20,0.0,1.1102230246251565e-16,2.7755575615628914e-17,1.000000000166672e-09,1e-09,1,e52264e34a54280ff741f7239005aed7,,,1e-10,1,none,SUCCESS,
d3_frozen,1B,S1B-0031,31,593606031,3,5,4,zipf,0.5,3,0.0,500,label,,,0.0,0.0,0.0,0.0,7.391468196700504e-18,3.118853614730488e-34,0.0,0.0,7.391468196700504e-18,3.1188536147304883e-34,64,64,1,0.0,0.0,1.3248140428689931e-19,0.0,0.0,0.0,1.0000000007948886e-09,1e-09,1,e52264e34a54280ff741f7239005aed7,,,1e-10,1,none,SUCCESS,
d3_frozen,1B,S1B-0031,31,593606031,3,5,4,zipf,0.5,3,0.0,500,onehot,,,0.0,0.0,0.0,0.0,7.391468196700504e-18,3.118853614730488e-34,0.0,0.0,7.391468196700504e-18,3.1188536147304883e-34,64,64,1,0.0,0.0,1.3248140428689931e-19,0.0,0.0,0.0,1.0000000007948886e-09,1e-09,1,e52264e34a54280ff741f7239005aed7,,,1e-10,1,none,SUCCESS,
d3_frozen,1B,S1B-0031,31,593606031,3,5,4,zipf,0.5,3,0.0,500,count,,,0.0,0.0,0.0,0.0,7.391468196700504e-18,3.118853614730488e-34,0.0,0.0,7.391468196700504e-18,3.1188536147304883e-34,64,64,1,0.0,0.0,1.3248140428689931e-19,0.0,0.0,0.0,1.0000000007948886e-09,1e-09,1,e52264e34a54280ff741f7239005aed7,,,1e-10,1,none,SUCCESS,
d3_frozen,1B,S1B-0031,31,593606031,3,5,4,zipf,0.5,3,0.0,500,hash_column,10,B0,0.009451652476779482,0.0046511886195701735,0.009451652476778927,0.00465118861956948,6.643990912991171e-16,7.398595625041082e-16,5.551115123125783e-16,6.938893903907228e-16,1.1622647289044608e-16,4.5102810375396984e-17,240,240,1,0.0093913645980977,0.0046213706428907,4.8646927601172965e-05,2.3709778512113993e-05,6.0287878681225884e-05,2.981797667877921e-05,0.0002918825656070378,0.00014225967107268393,1,5b594384085afae80cb1cab187c36bd5,,,1e-10,1,none,SUCCESS,
d3_frozen,1B,S1B-0031,31,593606031,3,5,4,zipf,0.5,3,0.0,500,hash_column,20,B1,0.008398445449376624,0.004151184867547564,0.00839844544937618,0.004151184867546676,6.019490461639521e-16,8.656270145124267e-16,4.440892098500626e-16,8.881784197001252e-16,1.457167719820518e-16,2.949029909160572e-17,363,363,1,0.0083235019347176,0.0041148642943867,4.872767762662891e-05,2.3955262408065e-05,7.494351465857883e-05,3.6320573159975486e-05,0.00029236706575977347,0.00014373257444839,1,3d2825b7d92099ed8ceb9ba050d5d390,,,1e-10,1,none,SUCCESS,
d3_frozen,1B,S1B-0031,31,593606031,3,5,4,zipf,0.5,3,0.0,500,hash_column,40,B2,0.0018125275085379977,0.0008842012896925211,0.0018125275085372206,0.0008842012896918827,9.100793035843324e-16,6.475939576255918e-16,7.771561172376096e-16,6.38378239159465e-16,1.3292318634672284e-16,8.998878031629687e-18,768,768,1,0.0017617033828319,0.0008593702422881,2.651157392655724e-05,1.2848709507544052e-05,5.0824125705320597e-05,2.483104740378273e-05,0.00015907044355934342,7.709325704526432e-05,1,3cf89093468c271e1bf273e2d0b3e30c,,,1e-10,1,none,SUCCESS,
d3_frozen,1B,S1B-0031,31,593606031,3,5,4,zipf,0.5,3,0.0,500,hash_shared,10,B0,0.010302641063277496,0.005068245795443849,0.010302641063277052,0.005068245795442905,4.85722573273506e-16,9.43689570931383e-16,4.440892098500626e-16,9.43689570931383e-16,4.5102810375396984e-17,8.673617379884035e-18,56,56,1,0.010268222029141,0.0050522803408704,6.0649914833836345e-05,2.921758655646225e-05,3.44190341360507e-05,1.5965454572505235e-05,0.0003639004890030181,0.00017530651933877347,1,f3f5ad342e8943d339602bddd5233506,,,1e-10,1,none,SUCCESS,
d3_frozen,1B,S1B-0031,31,593606031,3,5,4,zipf,0.5,3,0.0,500,hash_shared,20,B1,0.010302641063277496,0.005068245795443849,0.010302641063277163,0.005068245795442905,4.85722573273506e-16,9.43689570931383e-16,3.3306690738754696e-16,9.43689570931383e-16,1.5612511283791264e-16,9.540979117872439e-18,56,56,1,0.010268222029141,0.0050522803408704,6.0649914833836345e-05,2.921758655646225e-05,3.441903413616172e-05,1.5965454572505235e-05,0.0003639004890030181,0.00017530651933877347,1,f3f5ad342e8943d339602bddd5233506,,,1e-10,1,none,SUCCESS,
d3_frozen,1B,S1B-0031,31,593606031,3,5,4,zipf,0.5,3,0.0,500,hash_shared,40,B2,0.010302641063277496,0.005068245795443849,0.010302641063277052,0.005068245795442877,4.85722573273506e-16,9.43689570931383e-16,4.440892098500626e-16,9.71445146547012e-16,4.5102810375396984e-17,3.642919299551295e-17,56,56,1,0.010268222029141,0.0050522803408704,6.0649914833836345e-05,2.921758655646225e-05,3.44190341360507e-05,1.596545457247748e-05,0.0003639004890030181,0.00017530651933877347,1,f3f5ad342e8943d339602bddd5233506,,,1e-10,1,none,SUCCESS,
d3_frozen,1B,S1B-0031,31,593606031,3,5,4,zipf,0.5,3,0.0,500,target,,,0.0,0.0,0.0,-2.7755575615628914e-17,7.391468196700504e-18,3.118853614730488e-34,0.0,2.7755575615628914e-17,7.391468196700504e-18,2.7755575615628914e-17,64,64,1,0.0,0.0,1.3248140428689931e-19,0.0,0.0,2.7755575615628914e-17,1.0000000007948886e-09,1e-09,1,e52264e34a54280ff741f7239005aed7,,,1e-10,1,none,SUCCESS,
d3_frozen,1B,S1B-0031,31,593606031,3,5,4,zipf,0.5,3,0.0,500,woe,,,0.0,0.0,0.0,-2.7755575615628914e-17,7.391468196700504e-18,3.118853614730488e-34,0.0,2.7755575615628914e-17,7.391468196700504e-18,2.7755575615628914e-17,64,64,1,0.0,0.0,1.3248140428689931e-19,0.0,0.0,2.7755575615628914e-17,1.0000000007948886e-09,1e-09,1,e52264e34a54280ff741f7239005aed7,,,1e-10,1,none,SUCCESS,
d3_frozen,1B,S1B-0031,31,593606031,3,5,4,zipf,0.5,3,0.0,500,ordered_catboost_sim,,,0.0,0.0,0.0,-2.7755575615628914e-17,7.391468196700504e-18,3.118853614730488e-34,0.0,2.7755575615628914e-17,7.391468196700504e-18,2.7755575615628914e-17,64,64,1,0.0,0.0,1.3248140428689931e-19,0.0,0.0,2.7755575615628914e-17,1.0000000007948886e-09,1e-09,1,e52264e34a54280ff741f7239005aed7,,,1e-10,1,none,SUCCESS,
d3_frozen,1B,S1B-0031,31,593606031,3,5,4,zipf,0.5,3,0.0,500,homals,,,0.0,0.0,0.0,-2.7755575615628914e-17,7.391468196700504e-18,3.118853614730488e-34,0.0,2.7755575615628914e-17,7.391468196700504e-18,2.7755575615628914e-17,64,64,1,0.0,0.0,1.3248140428689931e-19,0.0,0.0,2.7755575615628914e-17,1.0000000007948886e-09,1e-09,1,e52264e34a54280ff741f7239005aed7,,,1e-10,1,none,SUCCESS,
d3_frozen,1B,S1B-0032,32,593606032,3,5,4,zipf,0.5,3,0.0,5000,label,,,0.0,0.0,0.0,0.0,3.362693457389901e-19,9.210762816855589e-34,0.0,0.0,3.3626934573899017e-19,9.210762816855589e-34,64,64,1,0.0,0.0,1.2868200956201336e-19,0.0,0.0,0.0,1.000000000772092e-09,1e-09,1,e52264e34a54280ff741f7239005aed7,,,1e-10,1,none,SUCCESS,
d3_frozen,1B,S1B-0032,32,593606032,3,5,4,zipf,0.5,3,0.0,5000,onehot,,,0.0,0.0,0.0,5.551115123125783e-17,3.362693457389901e-19,9.210762816855589e-34,0.0,5.551115123125783e-17,3.3626934573899017e-19,5.551115123125783e-17,64,64,1,0.0,0.0,1.2868200956201336e-19,0.0,0.0,5.551115123125783e-17,1.000000000772092e-09,1e-09,1,e52264e34a54280ff741f7239005aed7,,,1e-10,1,none,SUCCESS,
d3_frozen,1B,S1B-0032,32,593606032,3,5,4,zipf,0.5,3,0.0,5000,count,,,0.0,0.0,0.0,5.551115123125783e-17,3.362693457389901e-19,9.210762816855589e-34,0.0,5.551115123125783e-17,3.3626934573899017e-19,5.551115123125783e-17,64,64,1,0.0,0.0,1.2868200956201336e-19,0.0,0.0,5.551115123125783e-17,1.000000000772092e-09,1e-09,1,e52264e34a54280ff741f7239005aed7,,,1e-10,1,none,SUCCESS,
d3_frozen,1B,S1B-0032,32,593606032,3,5,4,zipf,0.5,3,0.0,5000,hash_column,10,B0,0.019065177468210903,0.009395380957404137,0.019065177468209682,0.009395380957404387,1.1587952819525071e-15,2.706168622523819e-16,1.2212453270876722e-15,2.498001805406602e-16,9.71445146547012e-17,2.2551405187698492e-17,240,240,1,0.0191462894361846,0.0094347885998408,0.0001061337471379,5.2238176775478015e-05,8.111196797491727e-05,3.940764243641308e-05,0.0006368034828274,0.0003134300606528681,1,5b594384085afae80cb1cab187c36bd5,,,1e-10,1,none,SUCCESS,
d3_frozen,1B,S1B-0032,32,593606032,3,5,4,zipf,0.5,3,0.0,5000,hash_column,20,B1,0.018434460757629,0.009081214223408934,0.01843446075762778,0.009081214223409073,1.124100812432971e-15,1.6653345369377348e-16,1.2212453270876722e-15,1.3877787807814457e-16,1.5612511283791264e-16,1.734723475976807e-17,363,363,1,0.0185333280230485,0.0091294255727769,0.0001095119271062,5.392004043544942e-05,9.886726542071914e-05,4.8211349367827463e-05,0.0006570725626372,0.00032352124261269654,1,3d2825b7d92099ed8ceb9ba050d5d390,,,1e-10,1,none,SUCCESS,
d3_frozen,1B,S1B-0032,32,593606032,3,5,4,zipf,0.5,3,0.0,5000,hash_column,40,B2,0.0014404264064036276,0.0006873147019192116,0.0014404264064037386,0.0006873147019194614,1.7932703932910243e-16,2.4492127076447545e-16,1.1102230246251565e-16,2.498001805406602e-16,6.938893903907228e-17,3.903127820947816e-18,768,768,1,0.0014732082623698,0.0007028196483271,1.3743468976430409e-05,6.551506801471419e-06,3.278185596606144e-05,1.5504946407638625e-05,8.246181385858245e-05,3.931004080882851e-05,1,3cf89093468c271e1bf273e2d0b3e30c,,,1e-10,1,none,SUCCESS,
d3_frozen,1B,S1B-0032,32,593606032,3,5,4,zipf,0.5,3,0.0,5000,hash_shared,10,B0,0.01866190499367637,0.009195370428257937,0.018661904993674816,0.009195370428258243,1.2802259252708836e-15,3.8337388819087437e-16,1.5543122344752192e-15,3.0531133177191805e-16,2.5673907444456745e-16,4.5102810375396984e-17,56,56,1,0.0187197605859582,0.0092232573372783,9.220886104472345e-05,4.540359978782794e-05,5.785559228338455e-05,2.788690902005668e-05,0.0005532541662683407,0.00027242259872696766,1,f3f5ad342e8943d339602bddd5233506,,,1e-10,1,none,SUCCESS,
d3_frozen,1B,S1B-0032,32,593606032,3,5,4,zipf,0.5,3,0.0,5000,hash_shared,20,B1,0.01866190499367637,0.009195370428257937,0.018661904993674816,0.009195370428258215,1.2802259252708836e-15,3.8337388819087437e-16,1.5543122344752192e-15,2.7755575615628914e-16,2.5673907444456745e-16,7.28583859910259e-17,56,56,1,0.0187197605859582,0.0092232573372783,9.220886104472345e-05,4.540359978782794e-05,5.785559228338455e-05,2.7886909020084436e-05,0.0005532541662683407,0.00027242259872696766,1,f3f5ad342e8943d339602bddd5233506,,,1e-10,1,none,SUCCESS,
d3_frozen,1B,S1B-0032,32,593606032,3,5,4,zipf,0.5,3,0.0,5000,hash_shared,40,B2,0.01866190499367637,0.009195370428257937,0.018661904993674927,0.009195370428258215,1.2802259252708836e-15,3.8337388819087437e-16,1.4432899320127035e-15,2.7755575615628914e-16,1.457167719820518e-16,7.28583859910259e-17,56,56,1,0.0187197605859582,0.0092232573372783,9.220886104472345e-05,4.540359978782794e-05,5.785559228327353e-05,2.7886909020084436e-05,0.0005532541662683407,0.00027242259872696766,1,f3f5ad342e8943d339602bddd5233506,,,1e-10,1,none,SUCCESS,
d3_frozen,1B,S1B-0032,32,593606032,3,5,4,zipf,0.5,3,0.0,5000,target,,,0.0,0.0,0.0,5.551115123125783e-17,3.362693457389901e-19,9.210762816855589e-34,0.0,5.551115123125783e-17,3.3626934573899017e-19,5.551115123125783e-17,64,64,1,0.0,0.0,1.2868200956201336e-19,0.0,0.0,5.551115123125783e-17,1.000000000772092e-09,1e-09,1,e52264e34a54280ff741f7239005aed7,,,1e-10,1,none,SUCCESS,
d3_frozen,1B,S1B-0032,32,593606032,3,5,4,zipf,0.5,3,0.0,5000,woe,,,0.0,0.0,0.0,5.551115123125783e-17,3.362693457389901e-19,9.210762816855589e-34,0.0,5.551115123125783e-17,3.3626934573899017e-19,5.551115123125783e-17,64,64,1,0.0,0.0,1.2868200956201336e-19,0.0,0.0,5.551115123125783e-17,1.000000000772092e-09,1e-09,1,e52264e34a54280ff741f7239005aed7,,,1e-10,1,none,SUCCESS,
d3_frozen,1B,S1B-0032,32,593606032,3,5,4,zipf,0.5,3,0.0,5000,ordered_catboost_sim,,,0.0,0.0,0.0,5.551115123125783e-17,3.362693457389901e-19,9.210762816855589e-34,0.0,5.551115123125783e-17,3.3626934573899017e-19,5.551115123125783e-17,64,64,1,0.0,0.0,1.2868200956201336e-19,0.0,0.0,5.551115123125783e-17,1.000000000772092e-09,1e-09,1,e52264e34a54280ff741f7239005aed7,,,1e-10,1,none,SUCCESS,
d3_frozen,1B,S1B-0032,32,593606032,3,5,4,zipf,0.5,3,0.0,5000,homals,,,0.0,0.0,0.0,2.7755575615628914e-17,3.362693457389901e-19,9.210762816855589e-34,0.0,2.7755575615628914e-17,3.3626934573899017e-19,2.7755575615628914e-17,64,64,1,0.0,0.0,1.2868200956201336e-19,0.0,0.0,2.7755575615628914e-17,1.000000000772092e-09,1e-09,1,e52264e34a54280ff741f7239005aed7,,,1e-10,1,none,SUCCESS,
d3_frozen,1B,S1B-0033,33,593606033,3,5,4,zipf,0.5,3,0.1,500,label,,,0.0,0.0,0.0,-2.7755575615628914e-17,9.023363026251373e-18,7.200793993992556e-34,0.0,2.7755575615628914e-17,9.023363026251372e-18,2.7755575615628914e-17,64,64,1,0.0,0.0,0.0,0.0,0.0,2.7755575615628914e-17,1e-09,1e-09,1,e52264e34a54280ff741f7239005aed7,,,1e-10,1,none,SUCCESS,
d3_frozen,1B,S1B-0033,33,593606033,3,5,4,zipf,0.5,3,0.1,500,onehot,,,0.0,0.0,0.0,-2.7755575615628914e-17,9.023363026251373e-18,7.200793993992556e-34,0.0,2.7755575615628914e-17,9.023363026251372e-18,2.7755575615628914e-17,64,64,1,0.0,0.0,0.0,0.0,0.0,2.7755575615628914e-17,1e-09,1e-09,1,e52264e34a54280ff741f7239005aed7,,,1e-10,1,none,SUCCESS,
d3_frozen,1B,S1B-0033,33,593606033,3,5,4,zipf,0.5,3,0.1,500,count,,,0.0,0.0,0.0,-2.7755575615628914e-17,9.023363026251373e-18,7.200793993992556e-34,0.0,2.7755575615628914e-17,9.023363026251372e-18,2.7755575615628914e-17,64,64,1,0.0,0.0,0.0,0.0,0.0,2.7755575615628914e-17,1e-09,1e-09,1,e52264e34a54280ff741f7239005aed7,,,1e-10,1,none,SUCCESS,
d3_frozen,1B,S1B-0033,33,593606033,3,5,4,zipf,0.5,3,0.1,500,hash_column,10,B0,0.009752967518787514,0.004785235850308572,0.009752967518786848,0.004785235850308434,5.950101522600448e-16,1.3010426069826053e-16,6.661338147750939e-16,1.3877787807814457e-16,6.245004513516506e-17,8.673617379884035e-19,240,240,1,0.0096092347403794,0.0047155599923471,6.781957572085773e-05,3.339917377696284e-05,0.00014373277840744846,6.967585796133387e-05,0.0004069184543251464,0.00020039604266177704,1,5b594384085afae80cb1cab187c36bd5,,,1e-10,1,none,SUCCESS,
d3_frozen,1B,S1B-0033,33,593606033,3,5,4,zipf,0.5,3,0.1,500,hash_column,20,B1,0.008243333236097938,0.004044388482922295,0.008243333236097605,0.004044388482922157,2.7582103268031233e-16,1.3530843112619095e-16,3.3306690738754696e-16,1.3877787807814457e-16,4.85722573273506e-17,0.0,363,363,1,0.008135638409973,0.0039919147819109,6.547063850517038e-05,3.226600324776148e-05,0.00010769482612460468,5.2473701011256785e-05,0.00039282483103102227,0.00019359701948656888,1,3d2825b7d92099ed8ceb9ba050d5d390,,,1e-10,1,none,SUCCESS,
d3_frozen,1B,S1B-0033,33,593606033,3,5,4,zipf,0.5,3,0.1,500,hash_column,40,B2,0.0007680603731604618,0.00037812598559117117,0.0007680603731603508,0.00037812598559100463,8.521829075736065e-17,1.4712623480628295e-16,1.1102230246251565e-16,1.6653345369377348e-16,2.47198095326695e-17,1.984089975648473e-17,768,768,1,0.0007788865959811,0.0003834371607288,1.040937720692058e-05,5.153785109720722e-06,1.0826222820749178e-05,5.311175137795356e-06,6.245726324152348e-05,3.092371065832434e-05,1,3cf89093468c271e1bf273e2d0b3e30c,,,1e-10,1,none,SUCCESS,
d3_frozen,1B,S1B-0033,33,593606033,3,5,4,zipf,0.5,3,0.1,500,hash_shared,10,B0,0.01665584056933833,0.008203886626264673,0.016655840569337776,0.00820388662626445,5.30825383648903e-16,1.8214596497756474e-16,5.551115123125783e-16,2.220446049250313e-16,1.3877787807814457e-17,2.42861286636753e-17,56,56,1,0.0164466067775445,0.0081011721926504,8.872940893092544e-05,4.3486248944216813e-05,0.00020923379179327642,0.00010271443361405119,0.0005323774535855527,0.00026091849366530087,1,f3f5ad342e8943d339602bddd5233506,,,1e-10,1,none,SUCCESS,
d3_frozen,1B,S1B-0033,33,593606033,3,5,4,zipf,0.5,3,0.1,500,hash_shared,20,B1,0.01665584056933833,0.008203886626264673,0.016655840569337776,0.008203886626264423,5.30825383648903e-16,1.8214596497756474e-16,5.551115123125783e-16,2.498001805406602e-16,1.3877787807814457e-17,5.204170427930421e-17,56,56,1,0.0164466067775445,0.0081011721926504,8.872940893092544e-05,4.3486248944216813e-05,0.00020923379179327642,0.00010271443361402344,0.0005323774535855527,0.00026091849366530087,1,f3f5ad342e8943d339602bddd5233506,,,1e-10,1,none,SUCCESS,
d3_frozen,1B,S1B-0033,33,593606033,3,5,4,zipf,0.5,3,0.1,500,hash_shared,40,B2,0.01665584056933833,0.008203886626264673,0.016655840569337665,0.00820388662626445,5.30825383648903e-16,1.8214596497756474e-16,6.661338147750939e-16,2.220446049250313e-16,1.249000902703301e-16,2.42861286636753e-17,56,56,1,0.0164466067775445,0.0081011721926504,8.872940893092544e-05,4.3486248944216813e-05,0.0002092337917931654,0.00010271443361405119,0.0005323774535855527,0.00026091849366530087,1,f3f5ad342e8943d339602bddd5233506,,,1e-10,1,none,SUCCESS,
d3_frozen,1B,S1B-0033,33,593606033,3,5,4,zipf,0.5,3,0.1,500,target,,,0.0,0.0,0.0,-2.7755575615628914e-17,9.023363026251373e-18,7.200793993992556e-34,0.0,2.7755575615628914e-17,9.023363026251372e-18,2.7755575615628914e-17,64,64,1,0.0,0.0,0.0,0.0,0.0,2.7755575615628914e-17,1e-09,1e-09,1,e52264e34a54280ff741f7239005aed7,,,1e-10,1,none,SUCCESS,
d3_frozen,1B,S1B-0033,33,593606033,3,5,4,zipf,0.5,3,0.1,500,woe,,,0.0,0.0,0.0,-2.7755575615628914e-17,9.023363026251373e-18,7.200793993992556e-34,0.0,2.7755575615628914e-17,9.023363026251372e-18,2.7755575615628914e-17,64,64,1,0.0,0.0,0.0,0.0,0.0,2.7755575615628914e-17,1e-09,1e-09,1,e52264e34a54280ff741f7239005aed7,,,1e-10,1,none,SUCCESS,
d3_frozen,1B,S1B-0033,33,593606033,3,5,4,zipf,0.5,3,0.1,500,ordered_catboost_sim,,,0.0,0.0,0.0,-2.7755575615628914e-17,9.023363026251373e-18,7.200793993992556e-34,0.0,2.7755575615628914e-17,9.023363026251372e-18,2.7755575615628914e-17,64,64,1,0.0,0.0,0.0,0.0,0.0,2.7755575615628914e-17,1e-09,1e-09,1,e52264e34a54280ff741f7239005aed7,,,1e-10,1,none,SUCCESS,
d3_frozen,1B,S1B-0033,33,593606033,3,5,4,zipf,0.5,3,0.1,500,homals,,,0.0,0.0,0.0,-5.551115123125783e-17,9.023363026251373e-18,7.200793993992556e-34,0.0,5.551115123125783e-17,9.023363026251372e-18,5.551115123125783e-17,64,64,1,0.0,0.0,0.0,0.0,0.0,5.551115123125783e-17,1e-09,1e-09,1,e52264e34a54280ff741f7239005aed7,,,1e-10,1,none,SUCCESS,
d3_frozen,1B,S1B-0034,34,593606034,3,5,4,zipf,0.5,3,0.1,5000,label,,,0.0,0.0,0.0,0.0,1.2277984103516493e-19,3.484977250144422e-35,0.0,0.0,1.2277984103516493e-19,3.484977250144422e-35,64,64,1,0.0,0.0,0.0,0.0,0.0,0.0,1e-09,1e-09,1,e52264e34a54280ff741f7239005aed7,,,1e-10,1,none,SUCCESS,
d3_frozen,1B,S1B-0034,34,593606034,3,5,4,zipf,0.5,3,0.1,5000,onehot,,,0.0,0.0,0.0,0.0,1.2277984103516493e-19,3.484977250144422e-35,0.0,0.0,1.2277984103516493e-19,3.484977250144422e-35,64,64,1,0.0,0.0,0.0,0.0,0.0,0.0,1e-09,1e-09,1,e52264e34a54280ff741f7239005aed7,,,1e-10,1,none,SUCCESS,
d3_frozen,1B,S1B-0034,34,593606034,3,5,4,zipf,0.5,3,0.1,5000,count,,,0.0,0.0,0.0,0.0,1.2277984103516493e-19,3.484977250144422e-35,0.0,0.0,1.2277984103516493e-19,3.484977250144422e-35,64,64,1,0.0,0.0,0.0,0.0,0.0,0.0,1e-09,1e-09,1,e52264e34a54280ff741f7239005aed7,,,1e-10,1,none,SUCCESS,
d3_frozen,1B,S1B-0034,34,593606034,3,5,4,zipf,0.5,3,0.1,5000,hash_column,10,B0,0.008748727990410377,0.004264057954389888,0.008748727990411376,0.004264057954389833,1.1136924715771102e-15,3.469446951953614e-18,9.992007221626409e-16,5.551115123125783e-17,1.1622647289044608e-16,5.637851296924623e-17,240,240,1,0.0088102557780829,0.004292205922832,5.354433622169372e-05,2.603231623606206e-05,6.152778767152395e-05,2.8147968442167673e-05,0.00032126701733016234,0.00015619489741637235,1,5b594384085afae80cb1cab187c36bd5,,,1e-10,1,none,SUCCESS,
d3_frozen,1B,S1B-0034,34,593606034,3,5,4,zipf,0.5,3,0.1,5000,hash_column,20,B1,0.0072173106806718845,0.0035214657532958438,0.00721731068067355,0.0035214657532957883,1.736458199452784e-15,1.1275702593849246e-17,1.6653345369377348e-15,5.551115123125783e-17,7.632783294297951e-17,4.7704895589362195e-17,363,363,1,0.0072463772910033,0.0035336474518475,4.713852752848041e-05,2.2989425090123637e-05,2.9066610329749748e-05,1.2181698551711698e-05,0.00028283216517088246,0.0001379375505407418,1,3d2825b7d92099ed8ceb9ba050d5d390,,,1e-10,1,none,SUCCESS,
d3_frozen,1B,S1B-0034,34,593606034,3,5,4,zipf,0.5,3,0.1,5000,hash_column,40,B2,0.0016508471495999544,0.0007994979913525102,0.0016508471496009536,0.0007994979913524547,1.1037178115902435e-15,2.2768245622195593e-17,9.992007221626409e-16,5.551115123125783e-17,1.0646865333807654e-16,3.2742905609062234e-17,768,768,1,0.0016429705779986,0.0007951102439777,1.8771308439599535e-05,9.207096803533022e-06,7.876571602353534e-06,4.387747374754651e-06,0.00011262885063759722,5.524358082119814e-05,1,3cf89093468c271e1bf273e2d0b3e30c,,,1e-10,1,none,SUCCESS,
d3_frozen,1B,S1B-0034,34,593606034,3,5,4,zipf,0.5,3,0.1,5000,hash_shared,10,B0,0.014254860267192027,0.00698039901580727,0.014254860267193026,0.006980399015807048,1.177877240188252e-15,1.6740081543176188e-16,9.992007221626409e-16,2.220446049250313e-16,1.700029006457271e-16,5.2909066017292616e-17,56,56,1,0.0145018957286696,0.0070996384865381,8.438515498955979e-05,4.105062385741327e-05,0.0002470354614765736,0.00011923947073105151,0.0005063119299373587,0.00024630474314447963,1,f3f5ad342e8943d339602bddd5233506,,,1e-10,1,none,SUCCESS,
d3_frozen,1B,S1B-0034,34,593606034,3,5,4,zipf,0.5,3,0.1,5000,hash_shared,20,B1,0.014254860267192027,0.00698039901580727,0.014254860267193026,0.006980399015807048,1.177877240188252e-15,1.6740081543176188e-16,9.992007221626409e-16,2.220446049250313e-16,1.700029006457271e-16,5.204170427930421e-17,56,56,1,0.0145018957286696,0.0070996384865381,8.438515498955979e-05,4.105062385741327e-05,0.0002470354614765736,0.00011923947073105151,0.0005063119299373587,0.00024630474314447963,1,f3f5ad342e8943d339602bddd5233506,,,1e-10,1,none,SUCCESS,
d3_frozen,1B,S1B-0034,34,593606034,3,5,4,zipf,0.5,3,0.1,5000,hash_shared,40,B2,0.014254860267192027,0.00698039901580727,0.014254860267193137,0.006980399015807076,1.177877240188252e-15,1.6740081543176188e-16,1.1102230246251565e-15,1.942890293094024e-16,5.898059818321144e-17,2.5153490401663703e-17,56,56,1,0.0145018957286696,0.0070996384865381,8.438515498955979e-05,4.105062385741327e-05,0.00024703546147646256,0.00011923947073102376,0.0005063119299373587,0.00024630474314447963,1,f3f5ad342e8943d339602bddd5233506,,,1e-10,1,none,SUCCESS,
d3_frozen,1B,S1B-0034,34,593606034,3,5,4,zipf,0.5,3,0.1,5000,target,,,0.0,0.0,1.1102230246251565e-16,0.0,1.2277984103516493e-19,3.484977250144422e-35,1.1102230246251565e-16,0.0,1.1089952262148049e-16,3.484977250144422e-35,64,64,1,0.0,0.0,0.0,0.0,1.1102230246251565e-16,0.0,1e-09,1e-09,1,e52264e34a54280ff741f7239005aed7,,,1e-10,1,none,SUCCESS,
d3_frozen,1B,S1B-0034,34,593606034,3,5,4,zipf,0.5,3,0.1,5000,woe,,,0.0,0.0,1.1102230246251565e-16,0.0,1.2277984103516493e-19,3.484977250144422e-35,1.1102230246251565e-16,0.0,1.1089952262148049e-16,3.484977250144422e-35,64,64,1,0.0,0.0,0.0,0.0,1.1102230246251565e-16,0.0,1e-09,1e-09,1,e52264e34a54280ff741f7239005aed7,,,1e-10,1,none,SUCCESS,
d3_frozen,1B,S1B-0034,34,593606034,3,5,4,zipf,0.5,3,0.1,5000,ordered_catboost_sim,,,0.0,0.0,1.1102230246251565e-16,0.0,1.2277984103516493e-19,3.484977250144422e-35,1.1102230246251565e-16,0.0,1.1089952262148049e-16,3.484977250144422e-35,64,64,1,0.0,0.0,0.0,0.0,1.1102230246251565e-16,0.0,1e-09,1e-09,1,e52264e34a54280ff741f7239005aed7,,,1e-10,1,none,SUCCESS,
d3_frozen,1B,S1B-0034,34,593606034,3,5,4,zipf,0.5,3,0.1,5000,homals,,,0.0,0.0,-1.1102230246251565e-16,0.0,1.2277984103516493e-19,3.484977250144422e-35,1.1102230246251565e-16,0.0,1.1114508230355082e-16,3.484977250144422e-35,64,64,1,0.0,0.0,0.0,0.0,1.1102230246251565e-16,0.0,1e-09,1e-09,1,e52264e34a54280ff741f7239005aed7,,,1e-10,1,none,SUCCESS,
d3_frozen,1B,S1B-0035,35,593606035,3,5,4,zipf,0.5,3,0.3,500,label,,,0.0,0.0,0.0,0.0,2.2863268875401255e-18,8.601227446327593e-35,0.0,0.0,2.2863268875401255e-18,8.601227446327593e-35,64,64,1,0.0,0.0,0.0,0.0,0.0,0.0,1e-09,1e-09,1,e52264e34a54280ff741f7239005aed7,,,1e-10,1,none,SUCCESS,
d3_frozen,1B,S1B-0035,35,593606035,3,5,4,zipf,0.5,3,0.3,500,onehot,,,0.0,0.0,0.0,-2.7755575615628914e-17,2.2863268875401255e-18,8.601227446327593e-35,0.0,2.7755575615628914e-17,2.2863268875401255e-18,2.7755575615628914e-17,64,64,1,0.0,0.0,0.0,0.0,0.0,2.7755575615628914e-17,1e-09,1e-09,1,e52264e34a54280ff741f7239005aed7,,,1e-10,1,none,SUCCESS,
d3_frozen,1B,S1B-0035,35,593606035,3,5,4,zipf,0.5,3,0.3,500,count,,,0.0,0.0,0.0,-2.7755575615628914e-17,2.2863268875401255e-18,8.601227446327593e-35,0.0,2.7755575615628914e-17,2.2863268875401255e-18,2.7755575615628914e-17,64,64,1,0.0,0.0,0.0,0.0,0.0,2.7755575615628914e-17,1e-09,1e-09,1,e52264e34a54280ff741f7239005aed7,,,1e-10,1,none,SUCCESS,
d3_frozen,1B,S1B-0035,35,593606035,3,5,4,zipf,0.5,3,0.3,500,hash_column,10,B0,0.04952382142352452,0.023637316909411232,0.049523821423525516,0.02363731690941176,9.228728892196614e-16,6.002143226879753e-16,9.992007221626409e-16,5.273559366969494e-16,6.245004513516506e-17,2.7755575615628914e-17,240,240,1,0.0496321649986793,0.0236918385224796,0.0003188475642274,0.0001522353723221,0.00010834357515378257,5.452161306784137e-05,0.0019130863853644002,0.0009134132339326,1,5b594384085afae80cb1cab187c36bd5,,,1e-10,1,none,SUCCESS,
d3_frozen,1B,S1B-0035,35,593606035,3,5,4,zipf,0.5,3,0.3,500,hash_column,20,B1,0.04566059642102105,0.02180663863699206,0.04566059642102205,0.02180663863699253,9.575673587391975e-16,5.273559366969494e-16,9.992007221626409e-16,4.718447854656915e-16,3.469446951953614e-17,3.469446951953614e-17,363,363,1,0.0457773183767747,0.0218625492364651,0.0003162462746401,0.0001510934321675,0.00011672195575265082,5.59105994725681e-05,0.0018974786478406,0.0009065615930050001,1,3d2825b7d92099ed8ceb9ba050d5d390,,,1e-10,1,none,SUCCESS,
d3_frozen,1B,S1B-0035,35,593606035,3,5,4,zipf,0.5,3,0.3,500,hash_column,40,B2,0.011617300672597253,0.005322783040811518,0.011617300672597142,0.0053227830408118515,1.3704315460216776e-16,3.434752482434078e-16,1.1102230246251565e-16,3.3306690738754696e-16,3.122502256758253e-17,2.168404344971009e-17,768,768,1,0.0114265511722144,0.0052298951346901,0.0002097627399512,9.93064525559972e-05,0.00019074950038274092,9.288790612175125e-05,0.0012585774397072,0.0005958397153359832,1,3cf89093468c271e1bf273e2d0b3e30c,,,1e-10,1,none,SUCCESS,
d3_frozen,1B,S1B-0035,35,593606035,3,5,4,zipf,0.5,3,0.3,500,hash_shared,10,B0,0.06086172586716854,0.02911104089094685,0.06086172586716909,0.02911104089094721,6.106226635438361e-16,3.400058012914542e-16,5.551115123125783e-16,3.608224830031759e-16,1.1102230246251565e-16,3.8163916471489756e-17,56,56,1,0.0613592855078282,0.0293518319784405,0.0002859641118021,0.0001337375013753,0.0004975596406591107,0.000240791087493291,0.0017157856708126,0.0008024260082518001,1,f3f5ad342e8943d339602bddd5233506,,,1e-10,1,none,SUCCESS,
d3_frozen,1B,S1B-0035,35,593606035,3,5,4,zipf,0.5,3,0.3,500,hash_shared,20,B1,0.06086172586716854,0.02911104089094685,0.0608617258671692,0.02911104089094721,6.106226635438361e-16,3.400058012914542e-16,6.661338147750939e-16,3.608224830031759e-16,0.0,3.8163916471489756e-17,56,56,1,0.0613592855078282,0.0293518319784405,0.0002859641118021,0.0001337375013753,0.0004975596406589997,0.000240791087493291,0.0017157856708126,0.0008024260082518001,1,f3f5ad342e8943d339602bddd5233506,,,1e-10,1,none,SUCCESS,
d3_frozen,1B,S1B-0035,35,593606035,3,5,4,zipf,0.5,3,0.3,500,hash_shared,40,B2,0.06086172586716854,0.02911104089094685,0.06086172586716909,0.02911104089094721,6.106226635438361e-16,3.400058012914542e-16,5.551115123125783e-16,3.608224830031759e-16,1.1102230246251565e-16,4.163336342344337e-17,56,56,1,0.0613592855078282,0.0293518319784405,0.0002859641118021,0.0001337375013753,0.0004975596406591107,0.000240791087493291,0.0017157856708126,0.0008024260082518001,1,f3f5ad342e8943d339602bddd5233506,,,1e-10,1,none,SUCCESS,
d3_frozen,1B,S1B-0035,35,593606035,3,5,4,zipf,0.5,3,0.3,500,target,,,0.0,0.0,0.0,-2.7755575615628914e-17,2.2863268875401255e-18,8.601227446327593e-35,0.0,2.7755575615628914e-17,2.2863268875401255e-18,2.7755575615628914e-17,64,64,1,0.0,0.0,0.0,0.0,0.0,2.7755575615628914e-17,1e-09,1e-09,1,e52264e34a54280ff741f7239005aed7,,,1e-10,1,none,SUCCESS,
d3_frozen,1B,S1B-0035,35,593606035,3,5,4,zipf,0.5,3,0.3,500,woe,,,0.0,0.0,0.0,-2.7755575615628914e-17,2.2863268875401255e-18,8.601227446327593e-35,0.0,2.7755575615628914e-17,2.2863268875401255e-18,2.7755575615628914e-17,64,64,1,0.0,0.0,0.0,0.0,0.0,2.7755575615628914e-17,1e-09,1e-09,1,e52264e34a54280ff741f7239005aed7,,,1e-10,1,none,SUCCESS,
d3_frozen,1B,S1B-0035,35,593606035,3,5,4,zipf,0.5,3,0.3,500,ordered_catboost_sim,,,0.0,0.0,0.0,-2.7755575615628914e-17,2.2863268875401255e-18,8.601227446327593e-35,0.0,2.7755575615628914e-17,2.2863268875401255e-18,2.7755575615628914e-17,64,64,1,0.0,0.0,0.0,0.0,0.0,2.7755575615628914e-17,1e-09,1e-09,1,e52264e34a54280ff741f7239005aed7,,,1e-10,1,none,SUCCESS,
d3_frozen,1B,S1B-0035,35,593606035,3,5,4,zipf,0.5,3,0.3,500,homals,,,0.0,0.0,0.0,-2.7755575615628914e-17,2.2863268875401255e-18,8.601227446327593e-35,0.0,2.7755575615628914e-17,2.2863268875401255e-18,2.7755575615628914e-17,64,64,1,0.0,0.0,0.0,0.0,0.0,2.7755575615628914e-17,1e-09,1e-09,1,e52264e34a54280ff741f7239005aed7,,,1e-10,1,none,SUCCESS,
d3_frozen,1B,S1B-0036,36,593606036,3,5,4,zipf,0.5,3,0.3,5000,label,,,0.0,0.0,0.0,0.0,6.411858139306129e-19,1.1648597412948002e-34,0.0,0.0,6.41185813930613e-19,1.1648597412948002e-34,64,64,1,0.0,0.0,5.0341356195170974e-20,0.0,0.0,0.0,1.0000000003020482e-09,1e-09,1,e52264e34a54280ff741f7239005aed7,,,1e-10,1,none,SUCCESS,
d3_frozen,1B,S1B-0036,36,593606036,3,5,4,zipf,0.5,3,0.3,5000,onehot,,,0.0,0.0,1.1102230246251565e-16,0.0,6.411858139306129e-19,1.1648597412948002e-34,1.1102230246251565e-16,0.0,1.1166348827644627e-16,1.1648597412948002e-34,64,64,1,0.0,0.0,5.0341356195170974e-20,0.0,1.1102230246251565e-16,0.0,1.0000000003020482e-09,1e-09,1,e52264e34a54280ff741f7239005aed7,,,1e-10,1,none,SUCCESS,
d3_frozen,1B,S1B-0036,36,593606036,3,5,4,zipf,0.5,3,0.3,5000,count,,,0.0,0.0,1.1102230246251565e-16,0.0,6.411858139306129e-19,1.1648597412948002e-34,1.1102230246251565e-16,0.0,1.1166348827644627e-16,1.1648597412948002e-34,64,64,1,0.0,0.0,5.0341356195170974e-20,0.0,1.1102230246251565e-16,0.0,1.0000000003020482e-09,1e-09,1,e52264e34a54280ff741f7239005aed7,,,1e-10,1,none,SUCCESS,
d3_frozen,1B,S1B-0036,36,593606036,3,5,4,zipf,0.5,3,0.3,5000,hash_column,10,B0,0.03536206886284843,0.016776287431386705,0.03536206886284943,0.016776287431386955,9.645062526431047e-16,2.42861286636753e-16,9.992007221626409e-16,2.498001805406602e-16,7.632783294297951e-17,3.8163916471489756e-17,240,240,1,0.0351913008262059,0.0166938634093945,0.0001972017768832,9.308886579100504e-05,0.00017076803664353019,8.242402199245408e-05,0.0011832116612991998,0.0005585341947460302,1,5b594384085afae80cb1cab187c36bd5,,,1e-10,1,none,SUCCESS,
d3_frozen,1B,S1B-0036,36,593606036,3,5,4,zipf,0.5,3,0.3,5000,hash_column,20,B1,0.028592741974698854,0.013627905992851547,0.028592741974700187,0.013627905992851685,1.2490009027033011e-15,1.1796119636642288e-16,1.3322676295501878e-15,1.3877787807814457e-16,8.673617379884035e-17,3.2959746043559335e-17,363,363,1,0.028566776734982,0.0136150036694319,0.000157883522313,7.513706322682686e-05,2.5965239718185595e-05,1.2902323419786144e-05,0.0009473021338780001,0.0004508233793609612,1,3d2825b7d92099ed8ceb9ba050d5d390,,,1e-10,1,none,SUCCESS,
d3_frozen,1B,S1B-0036,36,593606036,3,5,4,zipf,0.5,3,0.3,5000,hash_column,40,B2,0.008977824090849462,0.004328996122864942,0.008977824090849906,0.004328996122865053,3.8337388819087437e-16,8.673617379884035e-17,4.440892098500626e-16,1.1102230246251565e-16,5.724587470723463e-17,3.469446951953614e-17,768,768,1,0.0089871123929921,0.004334380725,0.0001144650029732,5.6316402322377095e-05,9.288302142192867e-06,5.384602134946709e-06,0.0006867910178392,0.0003378994139342626,1,3cf89093468c271e1bf273e2d0b3e30c,,,1e-10,1,none,SUCCESS,
d3_frozen,1B,S1B-0036,36,593606036,3,5,4,zipf,0.5,3,0.3,5000,hash_shared,10,B0,0.0547037885070113,0.025943708166771634,0.054703788507012185,0.025943708166771856,7.91033905045424e-16,2.498001805406602e-16,8.881784197001252e-16,2.220446049250313e-16,4.85722573273506e-17,3.469446951953614e-18,56,56,1,0.0545757345879676,0.0258811781944961,0.000245728700222,0.0001156908207506,0.00012805391904458646,6.25299722757551e-05,0.0014743732013319999,0.0006941459245036,1,f3f5ad342e8943d339602bddd5233506,,,1e-10,1,none,SUCCESS,
d3_frozen,1B,S1B-0036,36,593606036,3,5,4,zipf,0.5,3,0.3,5000,hash_shared,20,B1,0.0547037885070113,0.025943708166771634,0.054703788507012296,0.025943708166771856,7.91033905045424e-16,2.498001805406602e-16,9.992007221626409e-16,2.220446049250313e-16,6.245004513516506e-17,6.938893903907228e-18,56,56,1,0.0545757345879676,0.0258811781944961,0.000245728700222,0.0001156908207506,0.00012805391904469748,6.25299722757551e-05,0.0014743732013319999,0.0006941459245036,1,f3f5ad342e8943d339602bddd5233506,,,1e-10,1,none,SUCCESS,
d3_frozen,1B,S1B-0036,36,593606036,3,5,4,zipf,0.5,3,0.3,5000,hash_shared,40,B2,0.0547037885070113,0.025943708166771634,0.054703788507012296,0.025943708166771856,7.91033905045424e-16,2.498001805406602e-16,9.992007221626409e-16,2.220446049250313e-16,6.245004513516506e-17,6.938893903907228e-18,56,56,1,0.0545757345879676,0.0258811781944961,0.000245728700222,0.0001156908207506,0.00012805391904469748,6.25299722757551e-05,0.0014743732013319999,0.0006941459245036,1,f3f5ad342e8943d339602bddd5233506,,,1e-10,1,none,SUCCESS,
d3_frozen,1B,S1B-0036,36,593606036,3,5,4,zipf,0.5,3,0.3,5000,target,,,0.0,0.0,1.1102230246251565e-16,0.0,6.411858139306129e-19,1.1648597412948002e-34,1.1102230246251565e-16,0.0,1.1166348827644627e-16,1.1648597412948002e-34,64,64,1,0.0,0.0,5.0341356195170974e-20,0.0,1.1102230246251565e-16,0.0,1.0000000003020482e-09,1e-09,1,e52264e34a54280ff741f7239005aed7,,,1e-10,1,none,SUCCESS,
d3_frozen,1B,S1B-0036,36,593606036,3,5,4,zipf,0.5,3,0.3,5000,woe,,,0.0,0.0,1.1102230246251565e-16,0.0,6.411858139306129e-19,1.1648597412948002e-34,1.1102230246251565e-16,0.0,1.1166348827644627e-16,1.1648597412948002e-34,64,64,1,0.0,0.0,5.0341356195170974e-20,0.0,1.1102230246251565e-16,0.0,1.0000000003020482e-09,1e-09,1,e52264e34a54280ff741f7239005aed7,,,1e-10,1,none,SUCCESS,
d3_frozen,1B,S1B-0036,36,593606036,3,5,4,zipf,0.5,3,0.3,5000,ordered_catboost_sim,,,0.0,0.0,1.1102230246251565e-16,0.0,6.411858139306129e-19,1.1648597412948002e-34,1.1102230246251565e-16,0.0,1.1166348827644627e-16,1.1648597412948002e-34,64,64,1,0.0,0.0,5.0341356195170974e-20,0.0,1.1102230246251565e-16,0.0,1.0000000003020482e-09,1e-09,1,e52264e34a54280ff741f7239005aed7,,,1e-10,1,none,SUCCESS,
d3_frozen,1B,S1B-0036,36,593606036,3,5,4,zipf,0.5,3,0.3,5000,homals,,,0.0,0.0,1.1102230246251565e-16,0.0,6.411858139306129e-19,1.1648597412948002e-34,1.1102230246251565e-16,0.0,1.1166348827644627e-16,1.1648597412948002e-34,64,64,1,0.0,0.0,5.0341356195170974e-20,0.0,1.1102230246251565e-16,0.0,1.0000000003020482e-09,1e-09,1,e52264e34a54280ff741f7239005aed7,,,1e-10,1,none,SUCCESS,
d3_frozen,1B,S1B-0037,37,305629037,3,5,4,zipf,1.5,0,0.0,500,label,,,0.0,0.0,0.0,0.0,6.363802628295004e-19,1.4655088119521025e-34,0.0,0.0,6.363802628295004e-19,1.4655088119521027e-34,64,64,1,0.0,0.0,4.6309568688511334e-20,0.0,0.0,0.0,1.0000000002778575e-09,1e-09,1,e52264e34a54280ff741f7239005aed7,,,1e-10,1,none,SUCCESS,
d3_frozen,1B,S1B-0037,37,305629037,3,5,4,zipf,1.5,0,0.0,500,onehot,,,0.0,0.0,0.0,-2.7755575615628914e-17,6.363802628295004e-19,1.4655088119521025e-34,0.0,2.7755575615628914e-17,6.363802628295004e-19,2.7755575615628914e-17,64,64,1,0.0,0.0,4.6309568688511334e-20,0.0,0.0,2.7755575615628914e-17,1.0000000002778575e-09,1e-09,1,e52264e34a54280ff741f7239005aed7,,,1e-10,1,none,SUCCESS,
d3_frozen,1B,S1B-0037,37,305629037,3,5,4,zipf,1.5,0,0.0,500,count,,,0.0,0.0,0.0,-2.7755575615628914e-17,6.363802628295004e-19,1.4655088119521025e-34,0.0,2.7755575615628914e-17,6.363802628295004e-19,2.7755575615628914e-17,64,64,1,0.0,0.0,4.6309568688511334e-20,0.0,0.0,2.7755575615628914e-17,1.0000000002778575e-09,1e-09,1,e52264e34a54280ff741f7239005aed7,,,1e-10,1,none,SUCCESS,
d3_frozen,1B,S1B-0037,37,305629037,3,5,4,zipf,1.5,0,0.0,500,hash_column,10,B0,0.04080902655868868,0.019527463639877646,0.04080902655868879,0.0195274636398772,3.122502256758253e-16,3.885780586188048e-16,1.1102230246251565e-16,4.440892098500626e-16,1.3877787807814457e-16,4.163336342344337e-17,240,240,1,0.0405308272780911,0.0193934181027522,0.0003094145564498,0.00014955683944,0.0002781992805976907,0.00013404553712500003,0.0018564883386988,0.00089734203664,1,5b594384085afae80cb1cab187c36bd5,,,1e-10,1,none,SUCCESS,
d3_frozen,1B,S1B-0037,37,305629037,3,5,4,zipf,1.5,0,0.0,500,hash_column,20,B1,0.03956101658223943,0.018916327994283805,0.03956101658223987,0.01891632799428347,3.677613769070831e-16,3.226585665316861e-16,4.440892098500626e-16,3.3306690738754696e-16,1.0408340855860843e-16,3.469446951953614e-18,363,363,1,0.0393316551482688,0.0188070464000339,0.0003124973895415,0.0001510447694743,0.00022936143397107173,0.00010928159424957243,0.0018749853372489998,0.0009062696168458,1,3d2825b7d92099ed8ceb9ba050d5d390,,,1e-10,1,none,SUCCESS,
d3_frozen,1B,S1B-0037,37,305629037,3,5,4,zipf,1.5,0,0.0,500,hash_column,40,B2,0.03534786767760667,0.016859513471090104,0.035347867677607336,0.016859513471089854,6.522560269672795e-16,2.1510571102112408e-16,6.661338147750939e-16,2.498001805406602e-16,0.0,6.938893903907228e-18,768,768,1,0.0351904879563746,0.0167855855255894,0.0003215031006319,0.000155360056276,0.00015737972123273936,7.392794550045365e-05,0.0019290196037913998,0.000932161337656,1,3cf89093468c271e1bf273e2d0b3e30c,,,1e-10,1,none,SUCCESS,
d3_frozen,1B,S1B-0037,37,305629037,3,5,4,zipf,1.5,0,0.0,500,hash_shared,10,B0,0.03631608115271823,0.017376448651845344,0.036316081152719115,0.017376448651844983,8.049116928532385e-16,3.0878077872387166e-16,8.881784197001252e-16,3.608224830031759e-16,1.3877787807814457e-17,2.7755575615628914e-17,56,56,1,0.0362177489188628,0.0173325097210632,0.0001964380726357,9.447786068792392e-05,9.833223385631584e-05,4.393893078178182e-05,0.0011786294358141999,0.0005668681641275436,1,f3f5ad342e8943d339602bddd5233506,,,1e-10,1,none,SUCCESS,
d3_frozen,1B,S1B-0037,37,305629037,3,5,4,zipf,1.5,0,0.0,500,hash_shared,20,B1,0.03631608115271823,0.017376448651845344,0.036316081152719115,0.017376448651844983,8.049116928532385e-16,3.0878077872387166e-16,8.881784197001252e-16,3.608224830031759e-16,1.3877787807814457e-17,2.7755575615628914e-17,56,56,1,0.0362177489188628,0.0173325097210632,0.0001964380726357,9.447786068792392e-05,9.833223385631584e-05,4.393893078178182e-05,0.0011786294358141999,0.0005668681641275436,1,f3f5ad342e8943d339602bddd5233506,,,1e-10,1,none,SUCCESS,
d3_frozen,1B,S1B-0037,37,305629037,3,5,4,zipf,1.5,0,0.0,500,hash_shared,40,B2,0.03631608115271823,0.017376448651845344,0.036316081152719115,0.017376448651844983,8.049116928532385e-16,3.0878077872387166e-16,8.881784197001252e-16,3.608224830031759e-16,1.3877787807814457e-17,2.42861286636753e-17,56,56,1,0.0362177489188628,0.0173325097210632,0.0001964380726357,9.447786068792392e-05,9.833223385631584e-05,4.393893078178182e-05,0.0011786294358141999,0.0005668681641275436,1,f3f5ad342e8943d339602bddd5233506,,,1e-10,1,none,SUCCESS,
d3_frozen,1B,S1B-0037,37,305629037,3,5,4,zipf,1.5,0,0.0,500,target,,,0.0,0.0,0.0,-2.7755575615628914e-17,6.363802628295004e-19,1.4655088119521025e-34,0.0,2.7755575615628914e-17,6.363802628295004e-19,2.7755575615628914e-17,64,64,1,0.0,0.0,4.6309568688511334e-20,0.0,0.0,2.7755575615628914e-17,1.0000000002778575e-09,1e-09,1,e52264e34a54280ff741f7239005aed7,,,1e-10,1,none,SUCCESS,
d3_frozen,1B,S1B-0037,37,305629037,3,5,4,zipf,1.5,0,0.0,500,woe,,,0.0,0.0,0.0,-2.7755575615628914e-17,6.363802628295004e-19,1.4655088119521025e-34,0.0,2.7755575615628914e-17,6.363802628295004e-19,2.7755575615628914e-17,64,64,1,0.0,0.0,4.6309568688511334e-20,0.0,0.0,2.7755575615628914e-17,1.0000000002778575e-09,1e-09,1,e52264e34a54280ff741f7239005aed7,,,1e-10,1,none,SUCCESS,
d3_frozen,1B,S1B-0037,37,305629037,3,5,4,zipf,1.5,0,0.0,500,ordered_catboost_sim,,,0.0,0.0,0.0,-2.7755575615628914e-17,6.363802628295004e-19,1.4655088119521025e-34,0.0,2.7755575615628914e-17,6.363802628295004e-19,2.7755575615628914e-17,64,64,1,0.0,0.0,4.6309568688511334e-20,0.0,0.0,2.7755575615628914e-17,1.0000000002778575e-09,1e-09,1,e52264e34a54280ff741f7239005aed7,,,1e-10,1,none,SUCCESS,
d3_frozen,1B,S1B-0037,37,305629037,3,5,4,zipf,1.5,0,0.0,500,homals,,,0.0,0.0,0.0,0.0,6.363802628295004e-19,1.4655088119521025e-34,0.0,0.0,6.363802628295004e-19,1.4655088119521027e-34,64,64,1,0.0,0.0,4.6309568688511334e-20,0.0,0.0,0.0,1.0000000002778575e-09,1e-09,1,e52264e34a54280ff741f7239005aed7,,,1e-10,1,none,SUCCESS,
d3_frozen,1B,S1B-0038,38,305629038,3,5,4,zipf,1.5,0,0.0,5000,label,,,0.0,0.0,0.0,0.0,3.902770392797112e-18,2.1791229484965995e-34,0.0,0.0,3.902770392797111e-18,2.1791229484965995e-34,64,64,1,0.0,0.0,3.7117089899660904e-20,0.0,0.0,0.0,1.0000000002227025e-09,1e-09,1,e52264e34a54280ff741f7239005aed7,,,1e-10,1,none,SUCCESS,
d3_frozen,1B,S1B-0038,38,305629038,3,5,4,zipf,1.5,0,0.0,5000,onehot,,,0.0,0.0,-1.1102230246251565e-16,0.0,3.902770392797112e-18,2.1791229484965995e-34,1.1102230246251565e-16,0.0,1.1492507285531276e-16,2.1791229484965995e-34,64,64,1,0.0,0.0,3.7117089899660904e-20,0.0,1.1102230246251565e-16,0.0,1.0000000002227025e-09,1e-09,1,e52264e34a54280ff741f7239005aed7,,,1e-10,1,none,SUCCESS,
d3_frozen,1B,S1B-0038,38,305629038,3,5,4,zipf,1.5,0,0.0,5000,count,,,0.0,0.0,-1.1102230246251565e-16,0.0,3.902770392797112e-18,2.1791229484965995e-34,1.1102230246251565e-16,0.0,1.1492507285531276e-16,2.1791229484965995e-34,64,64,1,0.0,0.0,3.7117089899660904e-20,0.0,1.1102230246251565e-16,0.0,1.0000000002227025e-09,1e-09,1,e52264e34a54280ff741f7239005aed7,,,1e-10,1,none,SUCCESS,
d3_frozen,1B,S1B-0038,38,305629038,3,5,4,zipf,1.5,0,0.0,5000,hash_column,10,B0,0.02487055249605996,0.011823101868067676,0.02487055249605974,0.011823101868067787,2.185751579730777e-16,1.231653667943533e-16,2.220446049250313e-16,1.1102230246251565e-16,6.938893903907228e-18,0.0,240,240,1,0.0248540081003543,0.0118155269875862,0.000151841113397,7.272505394184217e-05,1.6544395705437448e-05,7.574880481586721e-06,0.0009110476803820001,0.00043635132365105303,1,5b594384085afae80cb1cab187c36bd5,,,1e-10,1,none,SUCCESS,
d3_frozen,1B,S1B-0038,38,305629038,3,5,4,zipf,1.5,0,0.0,5000,hash_column,20,B1,0.01617579617000331,0.007662782947646107,0.016175796170003087,0.007662782947646329,1.457167719820518e-16,2.255140518769849e-16,2.220446049250313e-16,2.220446049250313e-16,5.898059818321144e-17,3.469446951953614e-18,363,363,1,0.0160518411231581,0.0076060949504665,9.744313160045812e-05,4.6849843692483245e-05,0.0001239550468449882,5.668799717982974e-05,0.0005846597896027487,0.0002811000621548995,1,3d2825b7d92099ed8ceb9ba050d5d390,,,1e-10,1,none,SUCCESS,
d3_frozen,1B,S1B-0038,38,305629038,3,5,4,zipf,1.5,0,0.0,5000,hash_column,40,B2,0.0011124002508978714,0.0005371817600792195,0.0011124002508964281,0.0005371817600794693,1.435917357239802e-15,2.491496592371689e-16,1.4432899320127035e-15,2.498001805406602e-16,8.673617379884035e-18,1.3010426069826053e-18,768,768,1,0.0011121893194498,0.000537200641697,1.0813355653145946e-05,5.361830763660852e-06,2.1093144662821459e-07,1.8881617530673404e-08,6.488113391887568e-05,3.217198458196511e-05,1,3cf89093468c271e1bf273e2d0b3e30c,,,1e-10,1,none,SUCCESS,
d3_frozen,1B,S1B-0038,38,305629038,3,5,4,zipf,1.5,0,0.0,5000,hash_shared,10,B0,0.04690304457770511,0.022479444698084133,0.04690304457770478,0.022479444698084133,2.42861286636753e-16,5.551115123125783e-17,3.3306690738754696e-16,0.0,7.632783294297951e-17,1.0408340855860843e-17,56,56,1,0.0468354196055186,0.0224453754948515,0.0002334052830748,0.0001116818409081,6.762497218618102e-05,3.4069203232633266e-05,0.0014004326984487997,0.0006700920454486,1,f3f5ad342e8943d339602bddd5233506,,,1e-10,1,none,SUCCESS,
d3_frozen,1B,S1B-0038,38,305629038,3,5,4,zipf,1.5,0,0.0,5000,hash_shared,20,B1,0.04690304457770511,0.022479444698084133,0.04690304457770478,0.02247944469808416,2.42861286636753e-16,5.551115123125783e-17,3.3306690738754696e-16,2.7755575615628914e-17,7.632783294297951e-17,1.3877787807814457e-17,56,56,1,0.0468354196055186,0.0224453754948515,0.0002334052830748,0.0001116818409081,6.762497218618102e-05,3.406920323266102e-05,0.0014004326984487997,0.0006700920454486,1,f3f5ad342e8943d339602bddd5233506,,,1e-10,1,none,SUCCESS,
d3_frozen,1B,S1B-0038,38,305629038,3,5,4,zipf,1.5,0,0.0,5000,hash_shared,40,B2,0.04690304457770511,0.022479444698084133,0.04690304457770478,0.022479444698084133,2.42861286636753e-16,5.551115123125783e-17,3.3306690738754696e-16,0.0,7.632783294297951e-17,1.3877787807814457e-17,56,56,1,0.0468354196055186,0.0224453754948515,0.0002334052830748,0.0001116818409081,6.762497218618102e-05,3.4069203232633266e-05,0.0014004326984487997,0.0006700920454486,1,f3f5ad342e8943d339602bddd5233506,,,1e-10,1,none,SUCCESS,
d3_frozen,1B,S1B-0038,38,305629038,3,5,4,zipf,1.5,0,0.0,5000,target,,,0.0,0.0,0.0,-2.7755575615628914e-17,3.902770392797112e-18,2.1791229484965995e-34,0.0,2.7755575615628914e-17,3.902770392797111e-18,2.7755575615628914e-17,64,64,1,0.0,0.0,3.7117089899660904e-20,0.0,0.0,2.7755575615628914e-17,1.0000000002227025e-09,1e-09,1,e52264e34a54280ff741f7239005aed7,,,1e-10,1,none,SUCCESS,
d3_frozen,1B,S1B-0038,38,305629038,3,5,4,zipf,1.5,0,0.0,5000,woe,,,0.0,0.0,0.0,-2.7755575615628914e-17,3.902770392797112e-18,2.1791229484965995e-34,0.0,2.7755575615628914e-17,3.902770392797111e-18,2.7755575615628914e-17,64,64,1,0.0,0.0,3.7117089899660904e-20,0.0,0.0,2.7755575615628914e-17,1.0000000002227025e-09,1e-09,1,e52264e34a54280ff741f7239005aed7,,,1e-10,1,none,SUCCESS,
d3_frozen,1B,S1B-0038,38,305629038,3,5,4,zipf,1.5,0,0.0,5000,ordered_catboost_sim,,,0.0,0.0,0.0,-2.7755575615628914e-17,3.902770392797112e-18,2.1791229484965995e-34,0.0,2.7755575615628914e-17,3.902770392797111e-18,2.7755575615628914e-17,64,64,1,0.0,0.0,3.7117089899660904e-20,0.0,0.0,2.7755575615628914e-17,1.0000000002227025e-09,1e-09,1,e52264e34a54280ff741f7239005aed7,,,1e-10,1,none,SUCCESS,
d3_frozen,1B,S1B-0038,38,305629038,3,5,4,zipf,1.5,0,0.0,5000,homals,,,0.0,0.0,-1.1102230246251565e-16,-2.7755575615628914e-17,3.902770392797112e-18,2.1791229484965995e-34,1.1102230246251565e-16,2.7755575615628914e-17,1.1492507285531276e-16,2.7755575615628914e-17,64,64,1,0.0,0.0,3.7117089899660904e-20,0.0,1.1102230246251565e-16,2.7755575615628914e-17,1.0000000002227025e-09,1e-09,1,e52264e34a54280ff741f7239005aed7,,,1e-10,1,none,SUCCESS,
d3_frozen,1B,S1B-0039,39,305629039,3,5,4,zipf,1.5,0,0.1,500,label,,,0.0,0.0,0.0,0.0,3.493480490894375e-18,2.36172616776329e-34,0.0,0.0,3.493480490894375e-18,2.36172616776329e-34,64,64,1,0.0,0.0,5.3795089674357336e-20,0.0,0.0,0.0,1.0000000003227707e-09,1e-09,1,e52264e34a54280ff741f7239005aed7,,,1e-10,1,none,SUCCESS,
d3_frozen,1B,S1B-0039,39,305629039,3,5,4,zipf,1.5,0,0.1,500,onehot,,,0.0,0.0,0.0,0.0,3.493480490894375e-18,2.36172616776329e-34,0.0,0.0,3.493480490894375e-18,2.36172616776329e-34,64,64,1,0.0,0.0,5.3795089674357336e-20,0.0,0.0,0.0,1.0000000003227707e-09,1e-09,1,e52264e34a54280ff741f7239005aed7,,,1e-10,1,none,SUCCESS,
d3_frozen,1B,S1B-0039,39,305629039,3,5,4,zipf,1.5,0,0.1,500,count,,,0.0,0.0,0.0,0.0,3.493480490894375e-18,2.36172616776329e-34,0.0,0.0,3.493480490894375e-18,2.36172616776329e-34,64,64,1,0.0,0.0,5.3795089674357336e-20,0.0,0.0,0.0,1.0000000003227707e-09,1e-09,1,e52264e34a54280ff741f7239005aed7,,,1e-10,1,none,SUCCESS,
d3_frozen,1B,S1B-0039,39,305629039,3,5,4,zipf,1.5,0,0.1,500,hash_column,10,B0,0.06073431268911256,0.028581273612524133,0.060734312689111225,0.02858127361252366,1.2698175844150228e-15,4.440892098500626e-16,1.3322676295501878e-15,4.718447854656915e-16,6.938893903907228e-18,4.5102810375396984e-17,240,240,1,0.0602785994930966,0.0283651260206303,0.0003807399975775,0.0001817854804384,0.0004557131960146246,0.00021614759189336058,0.002284440985465,0.0010907138826303999,1,5b594384085afae80cb1cab187c36bd5,,,1e-10,1,none,SUCCESS,
d3_frozen,1B,S1B-0039,39,305629039,3,5,4,zipf,1.5,0,0.1,500,hash_column,20,B1,0.049604540716488676,0.02324167215141479,0.049604540716487344,0.023241672151414455,1.2906342661267445e-15,3.3306690738754696e-16,1.3322676295501878e-15,3.3306690738754696e-16,4.163336342344337e-17,6.591949208711867e-17,363,363,1,0.0489134793282809,0.0229113179567028,0.0003986621781959,0.0001903689864199,0.0006910613882064459,0.0003303541947116545,0.0023919740691754,0.0011422149185194,1,3d2825b7d92099ed8ceb9ba050d5d390,,,1e-10,1,none,SUCCESS,
d3_frozen,1B,S1B-0039,39,305629039,3,5,4,zipf,1.5,0,0.1,500,hash_column,40,B2,0.04840440835933335,0.022688330863091327,0.04840440835933402,0.022688330863091355,7.7021722333370235e-16,3.122502256758253e-17,6.661338147750939e-16,2.7755575615628914e-17,6.938893903907228e-18,5.204170427930421e-17,768,768,1,0.047680857399265,0.0223447239613311,0.0003990771228913,0.000190407583284,0.0007235509600690138,0.0003436069017602565,0.0023944637373478,0.001142446499704,1,3cf89093468c271e1bf273e2d0b3e30c,,,1e-10,1,none,SUCCESS,
d3_frozen,1B,S1B-0039,39,305629039,3,5,4,zipf,1.5,0,0.1,500,hash_shared,10,B0,0.06249476716170388,0.029507504108194277,0.06249476716170288,0.029507504108194138,9.853229343548264e-16,4.163336342344337e-17,9.992007221626409e-16,1.3877787807814457e-16,4.163336342344337e-17,3.122502256758253e-17,56,56,1,0.0624274179362251,0.0294797660058318,0.000274465840331,0.0001311424629021,6.734922547777661e-05,2.773810236233673e-05,0.0016467960419859998,0.0007868557774126,1,f3f5ad342e8943d339602bddd5233506,,,1e-10,1,none,SUCCESS,
d3_frozen,1B,S1B-0039,39,305629039,3,5,4,zipf,1.5,0,0.1,500,hash_shared,20,B1,0.06249476716170388,0.029507504108194277,0.06249476716170277,0.029507504108194138,9.853229343548264e-16,4.163336342344337e-17,1.1102230246251565e-15,1.3877787807814457e-16,6.938893903907228e-17,3.122502256758253e-17,56,56,1,0.0624274179362251,0.0294797660058318,0.000274465840331,0.0001311424629021,6.734922547766559e-05,2.773810236233673e-05,0.0016467960419859998,0.0007868557774126,1,f3f5ad342e8943d339602bddd5233506,,,1e-10,1,none,SUCCESS,
d3_frozen,1B,S1B-0039,39,305629039,3,5,4,zipf,1.5,0,0.1,500,hash_shared,40,B2,0.06249476716170388,0.029507504108194277,0.06249476716170288,0.029507504108194138,9.853229343548264e-16,4.163336342344337e-17,9.992007221626409e-16,1.3877787807814457e-16,4.163336342344337e-17,3.122502256758253e-17,56,56,1,0.0624274179362251,0.0294797660058318,0.000274465840331,0.0001311424629021,6.734922547777661e-05,2.773810236233673e-05,0.0016467960419859998,0.0007868557774126,1,f3f5ad342e8943d339602bddd5233506,,,1e-10,1,none,SUCCESS,
d3_frozen,1B,S1B-0039,39,305629039,3,5,4,zipf,1.5,0,0.1,500,target,,,0.0,0.0,0.0,0.0,3.493480490894375e-18,2.36172616776329e-34,0.0,0.0,3.493480490894375e-18,2.36172616776329e-34,64,64,1,0.0,0.0,5.3795089674357336e-20,0.0,0.0,0.0,1.0000000003227707e-09,1e-09,1,e52264e34a54280ff741f7239005aed7,,,1e-10,1,none,SUCCESS,
d3_frozen,1B,S1B-0039,39,305629039,3,5,4,zipf,1.5,0,0.1,500,woe,,,0.0,0.0,0.0,0.0,3.493480490894375e-18,2.36172616776329e-34,0.0,0.0,3.493480490894375e-18,2.36172616776329e-34,64,64,1,0.0,0.0,5.3795089674357336e-20,0.0,0.0,0.0,1.0000000003227707e-09,1e-09,1,e52264e34a54280ff741f7239005aed7,,,1e-10,1,none,SUCCESS,
d3_frozen,1B,S1B-0039,39,305629039,3,5,4,zipf,1.5,0,0.1,500,ordered_catboost_sim,,,0.0,0.0,0.0,0.0,3.493480490894375e-18,2.36172616776329e-34,0.0,0.0,3.493480490894375e-18,2.36172616776329e-34,64,64,1,0.0,0.0,5.3795089674357336e-20,0.0,0.0,0.0,1.0000000003227707e-09,1e-09,1,e52264e34a54280ff741f7239005aed7,,,1e-10,1,none,SUCCESS,
d3_frozen,1B,S1B-0039,39,305629039,3,5,4,zipf,1.5,0,0.1,500,homals,,,0.0,0.0,0.0,0.0,3.493480490894375e-18,2.36172616776329e-34,0.0,0.0,3.493480490894375e-18,2.36172616776329e-34,64,64,1,0.0,0.0,5.3795089674357336e-20,0.0,0.0,0.0,1.0000000003227707e-09,1e-09,1,e52264e34a54280ff741f7239005aed7,,,1e-10,1,none,SUCCESS,
d3_frozen,1B,S1B-0040,40,305629040,3,5,4,zipf,1.5,0,0.1,5000,label,,,0.0,2.7755575615628914e-17,0.0,2.7755575615628914e-17,8.843666110452212e-19,2.7755575615628914e-17,0.0,0.0,8.843666110452212e-19,2.7755575615628914e-17,64,64,1,0.0,0.0,0.0,0.0,0.0,2.7755575615628914e-17,1e-09,1e-09,1,e52264e34a54280ff741f7239005aed7,,,1e-10,1,none,SUCCESS,
d3_frozen,1B,S1B-0040,40,305629040,3,5,4,zipf,1.5,0,0.1,5000,onehot,,,0.0,2.7755575615628914e-17,1.1102230246251565e-16,2.7755575615628914e-17,8.843666110452212e-19,2.7755575615628914e-17,1.1102230246251565e-16,0.0,1.1013793585147043e-16,2.7755575615628914e-17,64,64,1,0.0,0.0,0.0,0.0,1.1102230246251565e-16,2.7755575615628914e-17,1e-09,1e-09,1,e52264e34a54280ff741f7239005aed7,,,1e-10,1,none,SUCCESS,
d3_frozen,1B,S1B-0040,40,305629040,3,5,4,zipf,1.5,0,0.1,5000,count,,,0.0,2.7755575615628914e-17,1.1102230246251565e-16,2.7755575615628914e-17,8.843666110452212e-19,2.7755575615628914e-17,1.1102230246251565e-16,0.0,1.1013793585147043e-16,2.7755575615628914e-17,64,64,1,0.0,0.0,0.0,0.0,1.1102230246251565e-16,2.7755575615628914e-17,1e-09,1e-09,1,e52264e34a54280ff741f7239005aed7,,,1e-10,1,none,SUCCESS,
d3_frozen,1B,S1B-0040,40,305629040,3,5,4,zipf,1.5,0,0.1,5000,hash_column,10,B0,0.03210144850826335,0.015028613108429623,0.03210144850826313,0.01502861310842879,2.636779683484747e-16,7.997075224253081e-16,2.220446049250313e-16,8.326672684688674e-16,1.3877787807814457e-17,3.469446951953614e-17,240,240,1,0.0324086051227876,0.0151833127893074,0.0002754237546981,0.0001294223462884,0.0003071566145244689,0.0001546996808786099,0.0016525435281885999,0.0007765350777304,1,5b594384085afae80cb1cab187c36bd5,,,1e-10,1,none,SUCCESS,
d3_frozen,1B,S1B-0040,40,305629040,3,5,4,zipf,1.5,0,0.1,5000,hash_column,20,B1,0.027238342251718173,0.012751554653492564,0.027238342251718395,0.012751554653491703,1.97758476261356e-16,8.552186736565659e-16,2.220446049250313e-16,8.604228440844963e-16,3.469446951953614e-17,3.469446951953614e-18,363,363,1,0.0276415159551387,0.0129491092657151,0.000242785040646,0.0001140503065904,0.00040317370342030437,0.00019755461222339607,0.001456711243876,0.0006843028395424,1,3d2825b7d92099ed8ceb9ba050d5d390,,,1e-10,1,none,SUCCESS,
d3_frozen,1B,S1B-0040,40,305629040,3,5,4,zipf,1.5,0,0.1,5000,hash_column,40,B2,0.025459533780320398,0.011915571051232116,0.02545953378032284,0.011915571051232088,2.327998904760875e-15,5.724587470723463e-17,2.4424906541753444e-15,2.7755575615628914e-17,1.0408340855860843e-16,3.469446951953614e-18,768,768,1,0.0257919991791703,0.0120792107350879,0.0002414426766548,0.0001137001178098,0.00033246539884745907,0.0001636396838558124,0.0014486570599287999,0.0006822017068588,1,3cf89093468c271e1bf273e2d0b3e30c,,,1e-10,1,none,SUCCESS,
d3_frozen,1B,S1B-0040,40,305629040,3,5,4,zipf,1.5,0,0.1,5000,hash_shared,10,B0,0.043347595550654594,0.02025596909723784,0.04334759555065426,0.02025596909723698,2.8449465006019636e-16,8.257283745649602e-16,3.3306690738754696e-16,8.604228440844963e-16,6.938893903907228e-18,1.3877787807814457e-17,56,56,1,0.0437294034120178,0.0204361492961892,0.0002523926584146,0.0001181490379392,0.0003818078613635409,0.00018018019895221782,0.0015143569504876,0.0007088952276352,1,f3f5ad342e8943d339602bddd5233506,,,1e-10,1,none,SUCCESS,
d3_frozen,1B,S1B-0040,40,305629040,3,5,4,zipf,1.5,0,0.1,5000,hash_shared,20,B1,0.043347595550654594,0.02025596909723784,0.04334759555065426,0.02025596909723698,2.8449465006019636e-16,8.257283745649602e-16,3.3306690738754696e-16,8.604228440844963e-16,6.938893903907228e-18,1.3877787807814457e-17,56,56,1,0.0437294034120178,0.0204361492961892,0.0002523926584146,0.0001181490379392,0.0003818078613635409,0.00018018019895221782,0.0015143569504876,0.0007088952276352,1,f3f5ad342e8943d339602bddd5233506,,,1e-10,1,none,SUCCESS,
d3_frozen,1B,S1B-0040,40,305629040,3,5,4,zipf,1.5,0,0.1,5000,hash_shared,40,B2,0.043347595550654594,0.02025596909723784,0.04334759555065426,0.02025596909723698,2.8449465006019636e-16,8.257283745649602e-16,3.3306690738754696e-16,8.604228440844963e-16,6.938893903907228e-18,1.3877787807814457e-17,56,56,1,0.0437294034120178,0.0204361492961892,0.0002523926584146,0.0001181490379392,0.0003818078613635409,0.00018018019895221782,0.0015143569504876,0.0007088952276352,1,f3f5ad342e8943d339602bddd5233506,,,1e-10,1,none,SUCCESS,
d3_frozen,1B,S1B-0040,40,305629040,3,5,4,zipf,1.5,0,0.1,5000,target,,,0.0,2.7755575615628914e-17,0.0,8.326672684688674e-17,8.843666110452212e-19,2.7755575615628914e-17,0.0,5.551115123125783e-17,8.843666110452212e-19,8.326672684688674e-17,64,64,1,0.0,0.0,0.0,0.0,0.0,8.326672684688674e-17,1e-09,1e-09,1,e52264e34a54280ff741f7239005aed7,,,1e-10,1,none,SUCCESS,
d3_frozen,1B,S1B-0040,40,305629040,3,5,4,zipf,1.5,0,0.1,5000,woe,,,0.0,2.7755575615628914e-17,0.0,8.326672684688674e-17,8.843666110452212e-19,2.7755575615628914e-17,0.0,5.551115123125783e-17,8.843666110452212e-19,8.326672684688674e-17,64,64,1,0.0,0.0,0.0,0.0,0.0,8.326672684688674e-17,1e-09,1e-09,1,e52264e34a54280ff741f7239005aed7,,,1e-10,1,none,SUCCESS,
d3_frozen,1B,S1B-0040,40,305629040,3,5,4,zipf,1.5,0,0.1,5000,ordered_catboost_sim,,,0.0,2.7755575615628914e-17,0.0,8.326672684688674e-17,8.843666110452212e-19,2.7755575615628914e-17,0.0,5.551115123125783e-17,8.843666110452212e-19,8.326672684688674e-17,64,64,1,0.0,0.0,0.0,0.0,0.0,8.326672684688674e-17,1e-09,1e-09,1,e52264e34a54280ff741f7239005aed7,,,1e-10,1,none,SUCCESS,
d3_frozen,1B,S1B-0040,40,305629040,3,5,4,zipf,1.5,0,0.1,5000,homals,,,0.0,2.7755575615628914e-17,0.0,2.7755575615628914e-17,8.843666110452212e-19,2.7755575615628914e-17,0.0,0.0,8.843666110452212e-19,2.7755575615628914e-17,64,64,1,0.0,0.0,0.0,0.0,0.0,2.7755575615628914e-17,1e-09,1e-09,1,e52264e34a54280ff741f7239005aed7,,,1e-10,1,none,SUCCESS,
d3_frozen,1B,S1B-0041,41,305629041,3,5,4,zipf,1.5,0,0.3,500,label,,,0.0,0.0,0.0,0.0,5.418112929528128e-18,9.399635099569614e-34,0.0,0.0,5.418112929528128e-18,9.399635099569612e-34,64,64,1,0.0,0.0,1.299127549365306e-19,0.0,0.0,0.0,1.0000000007794765e-09,1e-09,1,e52264e34a54280ff741f7239005aed7,,,1e-10,1,none,SUCCESS,
d3_frozen,1B,S1B-0041,41,305629041,3,5,4,zipf,1.5,0,0.3,500,onehot,,,0.0,0.0,0.0,-2.7755575615628914e-17,5.418112929528128e-18,9.399635099569614e-34,0.0,2.7755575615628914e-17,5.418112929528128e-18,2.7755575615628914e-17,64,64,1,0.0,0.0,1.299127549365306e-19,0.0,0.0,2.7755575615628914e-17,1.0000000007794765e-09,1e-09,1,e52264e34a54280ff741f7239005aed7,,,1e-10,1,none,SUCCESS,
d3_frozen,1B,S1B-0041,41,305629041,3,5,4,zipf,1.5,0,0.3,500,count,,,0.0,0.0,0.0,-2.7755575615628914e-17,5.418112929528128e-18,9.399635099569614e-34,0.0,2.7755575615628914e-17,5.418112929528128e-18,2.7755575615628914e-17,64,64,1,0.0,0.0,1.299127549365306e-19,0.0,0.0,2.7755575615628914e-17,1.0000000007794765e-09,1e-09,1,e52264e34a54280ff741f7239005aed7,,,1e-10,1,none,SUCCESS,
d3_frozen,1B,S1B-0041,41,305629041,3,5,4,zipf,1.5,0,0.3,500,hash_column,10,B0,0.016454293828358058,0.007389046065741117,0.01645429382835817,0.007389046065741062,1.457167719820518e-16,4.5102810375396984e-17,1.1102230246251565e-16,5.551115123125783e-17,2.42861286636753e-17,1.3010426069826053e-17,240,240,1,0.0165788926395693,0.0074452245671532,0.0002488950456587,0.0001161325475505,0.00012459881121113306,5.617850141213798e-05,0.0014933712739521997,0.000696796285303,1,5b594384085afae80cb1cab187c36bd5,,,1e-10,1,none,SUCCESS,
d3_frozen,1B,S1B-0041,41,305629041,3,5,4,zipf,1.5,0,0.3,500,hash_column,20,B1,0.011835579969639576,0.005256975848974249,0.011835579969639687,0.0052569758489741936,2.0296264668928643e-16,7.28583859910259e-17,1.1102230246251565e-16,5.551115123125783e-17,1.0928757898653885e-16,2.0816681711721685e-17,363,363,1,0.0119253349777019,0.005296045062499,0.0002429657836958,0.0001133154404618,8.975500806221275e-05,3.9069213524806426e-05,0.0014577957021747999,0.0006798936427708,1,3d2825b7d92099ed8ceb9ba050d5d390,,,1e-10,1,none,SUCCESS,
d3_frozen,1B,S1B-0041,41,305629041,3,5,4,zipf,1.5,0,0.3,500,hash_column,40,B2,0.0021080037567978716,0.0008842031150091412,0.0021080037567970944,0.0008842031150091967,7.559057546568937e-16,8.261620554339544e-17,7.771561172376096e-16,5.551115123125783e-17,1.9081958235744878e-17,2.677979366039196e-17,768,768,1,0.0021173364286404,0.000888352585947,1.8231955947030653e-05,7.730095077417136e-06,9.332671843305732e-06,4.149470937803352e-06,0.00010939273568218393,4.638157046450282e-05,1,3cf89093468c271e1bf273e2d0b3e30c,,,1e-10,1,none,SUCCESS,
d3_frozen,1B,S1B-0041,41,305629041,3,5,4,zipf,1.5,0,0.3,500,hash_shared,10,B0,0.07475823117248137,0.03487601660886022,0.07475823117248148,0.03487601660886008,2.636779683484747e-16,2.1510571102112408e-16,1.1102230246251565e-16,1.3877787807814457e-16,2.0816681711721685e-16,3.469446951953614e-17,56,56,1,0.0751069320397911,0.0350476536105128,0.000375673100709,0.0001736182708487,0.00034870086730962035,0.00017163700165271495,0.002254039604254,0.0010417106250922,1,f3f5ad342e8943d339602bddd5233506,,,1e-10,1,none,SUCCESS,
d3_frozen,1B,S1B-0041,41,305629041,3,5,4,zipf,1.5,0,0.3,500,hash_shared,20,B1,0.07475823117248137,0.03487601660886022,0.07475823117248159,0.03487601660886011,2.636779683484747e-16,2.1510571102112408e-16,2.220446049250313e-16,1.1102230246251565e-16,9.71445146547012e-17,6.938893903907228e-18,56,56,1,0.0751069320397911,0.0350476536105128,0.000375673100709,0.0001736182708487,0.00034870086730950933,0.0001716370016526872,0.002254039604254,0.0010417106250922,1,f3f5ad342e8943d339602bddd5233506,,,1e-10,1,none,SUCCESS,
d3_frozen,1B,S1B-0041,41,305629041,3,5,4,zipf,1.5,0,0.3,500,hash_shared,40,B2,0.07475823117248137,0.03487601660886022,0.07475823117248159,0.03487601660886011,2.636779683484747e-16,2.1510571102112408e-16,2.220446049250313e-16,1.1102230246251565e-16,9.71445146547012e-17,0.0,56,56,1,0.0751069320397911,0.0350476536105128,0.000375673100709,0.0001736182708487,0.00034870086730950933,0.0001716370016526872,0.002254039604254,0.0010417106250922,1,f3f5ad342e8943d339602bddd5233506,,,1e-10,1,none,SUCCESS,
d3_frozen,1B,S1B-0041,41,305629041,3,5,4,zipf,1.5,0,0.3,500,target,,,0.0,0.0,1.1102230246251565e-16,-5.551115123125783e-17,5.418112929528128e-18,9.399635099569614e-34,1.1102230246251565e-16,5.551115123125783e-17,1.0560418953298753e-16,5.551115123125783e-17,64,64,1,0.0,0.0,1.299127549365306e-19,0.0,1.1102230246251565e-16,5.551115123125783e-17,1.0000000007794765e-09,1e-09,1,e52264e34a54280ff741f7239005aed7,,,1e-10,1,none,SUCCESS,
d3_frozen,1B,S1B-0041,41,305629041,3,5,4,zipf,1.5,0,0.3,500,woe,,,0.0,0.0,1.1102230246251565e-16,-5.551115123125783e-17,5.418112929528128e-18,9.399635099569614e-34,1.1102230246251565e-16,5.551115123125783e-17,1.0560418953298753e-16,5.551115123125783e-17,64,64,1,0.0,0.0,1.299127549365306e-19,0.0,1.1102230246251565e-16,5.551115123125783e-17,1.0000000007794765e-09,1e-09,1,e52264e34a54280ff741f7239005aed7,,,1e-10,1,none,SUCCESS,
d3_frozen,1B,S1B-0041,41,305629041,3,5,4,zipf,1.5,0,0.3,500,ordered_catboost_sim,,,0.0,0.0,1.1102230246251565e-16,-5.551115123125783e-17,5.418112929528128e-18,9.399635099569614e-34,1.1102230246251565e-16,5.551115123125783e-17,1.0560418953298753e-16,5.551115123125783e-17,64,64,1,0.0,0.0,1.299127549365306e-19,0.0,1.1102230246251565e-16,5.551115123125783e-17,1.0000000007794765e-09,1e-09,1,e52264e34a54280ff741f7239005aed7,,,1e-10,1,none,SUCCESS,
d3_frozen,1B,S1B-0041,41,305629041,3,5,4,zipf,1.5,0,0.3,500,homals,,,0.0,0.0,0.0,-5.551115123125783e-17,5.418112929528128e-18,9.399635099569614e-34,0.0,5.551115123125783e-17,5.418112929528128e-18,5.551115123125783e-17,64,64,1,0.0,0.0,1.299127549365306e-19,0.0,0.0,5.551115123125783e-17,1.0000000007794765e-09,1e-09,1,e52264e34a54280ff741f7239005aed7,,,1e-10,1,none,SUCCESS,
d3_frozen,1B,S1B-0042,42,305629042,3,5,4,zipf,1.5,0,0.3,5000,label,,,0.0,5.551115123125783e-17,0.0,2.7755575615628914e-17,1.5087944960426804e-17,5.551115123125783e-17,0.0,2.7755575615628914e-17,1.5087944960426804e-17,2.775557561562891e-17,64,64,1,0.0,0.0,1.0402118485076732e-19,0.0,0.0,2.7755575615628914e-17,1.0000000006241273e-09,1e-09,1,e52264e34a54280ff741f7239005aed7,,,1e-10,1,none,SUCCESS,
d3_frozen,1B,S1B-0042,42,305629042,3,5,4,zipf,1.5,0,0.3,5000,onehot,,,0.0,5.551115123125783e-17,0.0,2.7755575615628914e-17,1.5087944960426804e-17,5.551115123125783e-17,0.0,2.7755575615628914e-17,1.5087944960426804e-17,2.775557561562891e-17,64,64,1,0.0,0.0,1.0402118485076732e-19,0.0,0.0,2.7755575615628914e-17,1.0000000006241273e-09,1e-09,1,e52264e34a54280ff741f7239005aed7,,,1e-10,1,none,SUCCESS,
d3_frozen,1B,S1B-0042,42,305629042,3,5,4,zipf,1.5,0,0.3,5000,count,,,0.0,5.551115123125783e-17,0.0,2.7755575615628914e-17,1.5087944960426804e-17,5.551115123125783e-17,0.0,2.7755575615628914e-17,1.5087944960426804e-17,2.775557561562891e-17,64,64,1,0.0,0.0,1.0402118485076732e-19,0.0,0.0,2.7755575615628914e-17,1.0000000006241273e-09,1e-09,1,e52264e34a54280ff741f7239005aed7,,,1e-10,1,none,SUCCESS,
d3_frozen,1B,S1B-0042,42,305629042,3,5,4,zipf,1.5,0,0.3,5000,hash_column,10,B0,0.07451674246692086,0.03067615784065461,0.07451674246692241,0.030676157840654583,1.4016565685892601e-15,3.469446951953614e-17,1.5543122344752192e-15,2.7755575615628914e-17,9.71445146547012e-17,6.938893903907228e-18,240,240,1,0.0745384744734229,0.0306721333483918,0.0003068809786874,0.0001317321619773,2.173200650049112e-05,4.024492262784396e-06,0.0018412868721243997,0.0007903939718638,1,5b594384085afae80cb1cab187c36bd5,,,1e-10,1,none,SUCCESS,
d3_frozen,1B,S1B-0042,42,305629042,3,5,4,zipf,1.5,0,0.3,5000,hash_column,20,B1,0.07025221875071497,0.028913653765148567,0.07025221875071597,0.02891365376514854,1.0685896612017132e-15,2.42861286636753e-17,9.992007221626409e-16,2.7755575615628914e-17,2.7755575615628914e-17,2.7755575615628914e-17,363,363,1,0.0703364096725879,0.0289438698486196,0.0003025173632242,0.0001299313690956,8.419092187193777e-05,3.02160834710595e-05,0.0018151051793451997,0.0007795892145735999,1,3d2825b7d92099ed8ceb9ba050d5d390,,,1e-10,1,none,SUCCESS,
d3_frozen,1B,S1B-0042,42,305629042,3,5,4,zipf,1.5,0,0.3,5000,hash_column,40,B2,0.02475864764732194,0.00938965884272247,0.024758647647323717,0.00938965884272247,1.6583956430338276e-15,4.163336342344337e-17,1.7763568394002505e-15,0.0,1.1796119636642288e-16,2.6020852139652106e-17,768,768,1,0.0246665399373934,0.0093459270100682,0.0002367894948671,9.485440651115634e-05,9.210770993031692e-05,4.3731832654270164e-05,0.0014207379692025997,0.0005691274390669381,1,3cf89093468c271e1bf273e2d0b3e30c,,,1e-10,1,none,SUCCESS,
d3_frozen,1B,S1B-0042,42,305629042,3,5,4,zipf,1.5,0,0.3,5000,hash_shared,10,B0,0.09196786841455051,0.039219125629573,0.09196786841455229,0.03921912562957289,1.762479051592436e-15,1.6653345369377348e-16,1.7763568394002505e-15,1.1102230246251565e-16,1.3877787807814457e-17,1.3877787807814457e-17,56,56,1,0.0910478596574543,0.0388122868133069,0.0004788709869898,0.0002095241961812,0.0009200087570979953,0.000406838816265985,0.0028732269219388,0.0012571461770872,1,f3f5ad342e8943d339602bddd5233506,,,1e-10,1,none,SUCCESS,
d3_frozen,1B,S1B-0042,42,305629042,3,5,4,zipf,1.5,0,0.3,5000,hash_shared,20,B1,0.09196786841455051,0.039219125629573,0.09196786841455229,0.03921912562957289,1.762479051592436e-15,1.6653345369377348e-16,1.7763568394002505e-15,1.1102230246251565e-16,1.3877787807814457e-17,1.3877787807814457e-17,56,56,1,0.0910478596574543,0.0388122868133069,0.0004788709869898,0.0002095241961812,0.0009200087570979953,0.000406838816265985,0.0028732269219388,0.0012571461770872,1,f3f5ad342e8943d339602bddd5233506,,,1e-10,1,none,SUCCESS,
d3_frozen,1B,S1B-0042,42,305629042,3,5,4,zipf,1.5,0,0.3,5000,hash_shared,40,B2,0.09196786841455051,0.039219125629573,0.09196786841455229,0.03921912562957289,1.762479051592436e-15,1.6653345369377348e-16,1.7763568394002505e-15,1.1102230246251565e-16,1.3877787807814457e-17,1.3877787807814457e-17,56,56,1,0.0910478596574543,0.0388122868133069,0.0004788709869898,0.0002095241961812,0.0009200087570979953,0.000406838816265985,0.0028732269219388,0.0012571461770872,1,f3f5ad342e8943d339602bddd5233506,,,1e-10,1,none,SUCCESS,
d3_frozen,1B,S1B-0042,42,305629042,3,5,4,zipf,1.5,0,0.3,5000,target,,,0.0,5.551115123125783e-17,-1.1102230246251565e-16,2.7755575615628914e-17,1.5087944960426804e-17,5.551115123125783e-17,1.1102230246251565e-16,2.7755575615628914e-17,1.2611024742294246e-16,2.775557561562891e-17,64,64,1,0.0,0.0,1.0402118485076732e-19,0.0,1.1102230246251565e-16,2.7755575615628914e-17,1.0000000006241273e-09,1e-09,1,e52264e34a54280ff741f7239005aed7,,,1e-10,1,none,SUCCESS,
d3_frozen,1B,S1B-0042,42,305629042,3,5,4,zipf,1.5,0,0.3,5000,woe,,,0.0,5.551115123125783e-17,-1.1102230246251565e-16,2.7755575615628914e-17,1.5087944960426804e-17,5.551115123125783e-17,1.1102230246251565e-16,2.7755575615628914e-17,1.2611024742294246e-16,2.775557561562891e-17,64,64,1,0.0,0.0,1.0402118485076732e-19,0.0,1.1102230246251565e-16,2.7755575615628914e-17,1.0000000006241273e-09,1e-09,1,e52264e34a54280ff741f7239005aed7,,,1e-10,1,none,SUCCESS,
d3_frozen,1B,S1B-0042,42,305629042,3,5,4,zipf,1.5,0,0.3,5000,ordered_catboost_sim,,,0.0,5.551115123125783e-17,-1.1102230246251565e-16,2.7755575615628914e-17,1.5087944960426804e-17,5.551115123125783e-17,1.1102230246251565e-16,2.7755575615628914e-17,1.2611024742294246e-16,2.775557561562891e-17,64,64,1,0.0,0.0,1.0402118485076732e-19,0.0,1.1102230246251565e-16,2.7755575615628914e-17,1.0000000006241273e-09,1e-09,1,e52264e34a54280ff741f7239005aed7,,,1e-10,1,none,SUCCESS,
d3_frozen,1B,S1B-0042,42,305629042,3,5,4,zipf,1.5,0,0.3,5000,homals,,,0.0,5.551115123125783e-17,0.0,2.7755575615628914e-17,1.5087944960426804e-17,5.551115123125783e-17,0.0,2.7755575615628914e-17,1.5087944960426804e-17,2.775557561562891e-17,64,64,1,0.0,0.0,1.0402118485076732e-19,0.0,0.0,2.7755575615628914e-17,1.0000000006241273e-09,1e-09,1,e52264e34a54280ff741f7239005aed7,,,1e-10,1,none,SUCCESS,
d3_frozen,1B,S1B-0043,43,813917043,3,5,4,zipf,1.5,3,0.0,500,label,,,0.0,0.0,0.0,0.0,6.99523658391689e-19,3.3577530034947934e-34,0.0,0.0,6.995236583916891e-19,3.357753003494793e-34,64,64,1,0.0,0.0,0.0,0.0,0.0,0.0,1e-09,1e-09,1,e52264e34a54280ff741f7239005aed7,,,1e-10,1,none,SUCCESS,
d3_frozen,1B,S1B-0043,43,813917043,3,5,4,zipf,1.5,3,0.0,500,onehot,,,0.0,0.0,0.0,0.0,6.99523658391689e-19,3.3577530034947934e-34,0.0,0.0,6.995236583916891e-19,3.357753003494793e-34,64,64,1,0.0,0.0,0.0,0.0,0.0,0.0,1e-09,1e-09,1,e52264e34a54280ff741f7239005aed7,,,1e-10,1,none,SUCCESS,
d3_frozen,1B,S1B-0043,43,813917043,3,5,4,zipf,1.5,3,0.0,500,count,,,0.0,0.0,0.0,0.0,6.99523658391689e-19,3.3577530034947934e-34,0.0,0.0,6.995236583916891e-19,3.357753003494793e-34,64,64,1,0.0,0.0,0.0,0.0,0.0,0.0,1e-09,1e-09,1,e52264e34a54280ff741f7239005aed7,,,1e-10,1,none,SUCCESS,
d3_frozen,1B,S1B-0043,43,813917043,3,5,4,zipf,1.5,3,0.0,500,hash_column,10,B0,0.03580813166321217,0.01678066722049598,0.03580813166321384,0.01678066722049637,1.7555401576885288e-15,4.0939474033052647e-16,1.6653345369377348e-15,3.885780586188048e-16,2.7755575615628914e-17,3.8163916471489756e-17,240,240,1,0.0356341897029435,0.0167028570119245,0.0002511473505519,0.0001194141238655,0.0001739419602703393,7.781020857186918e-05,0.0015068851033114001,0.0007164857431930001,1,5b594384085afae80cb1cab187c36bd5,,,1e-10,1,none,SUCCESS,
d3_frozen,1B,S1B-0043,43,813917043,3,5,4,zipf,1.5,3,0.0,500,hash_column,20,B1,0.0321780284805262,0.015023416193822942,0.032178028480527754,0.015023416193823247,1.5751289161869408e-15,3.0531133177191805e-16,1.5543122344752192e-15,3.0531133177191805e-16,2.7755575615628914e-17,1.9081958235744878e-17,363,363,1,0.0320353441604902,0.0149599655331074,0.0002416090777317,0.0001146597247064,0.00014268432003755604,6.345066071584624e-05,0.0014496554663902,0.0006879593482384,1,3d2825b7d92099ed8ceb9ba050d5d390,,,1e-10,1,none,SUCCESS,
d3_frozen,1B,S1B-0043,43,813917043,3,5,4,zipf,1.5,3,0.0,500,hash_column,40,B2,0.011618741143175848,0.0053850923612991375,0.011618741143176958,0.0053850923612991375,1.2108369862318114e-15,2.2551405187698492e-17,1.1102230246251565e-15,0.0,9.540979117872439e-17,2.42861286636753e-17,768,768,1,0.0115659856612115,0.0053586621672178,0.000157383122423,7.491146199431931e-05,5.275548196545868e-05,2.6430194081337836e-05,0.000944299734538,0.00044946977196591586,1,3cf89093468c271e1bf273e2d0b3e30c,,,1e-10,1,none,SUCCESS,
d3_frozen,1B,S1B-0043,43,813917043,3,5,4,zipf,1.5,3,0.0,500,hash_shared,10,B0,0.05383218299061343,0.02561584443991191,0.05383218299061521,0.025615844439912216,1.734723475976807e-15,2.42861286636753e-16,1.7763568394002505e-15,3.0531133177191805e-16,2.0816681711721685e-17,3.469446951953614e-17,56,56,1,0.0536748114233702,0.0255512191975373,0.0002847014129953,0.000134479689255,0.00015737156724500434,6.462524237491746e-05,0.0017082094779718,0.00080687913553,1,f3f5ad342e8943d339602bddd5233506,,,1e-10,1,none,SUCCESS,
d3_frozen,1B,S1B-0043,43,813917043,3,5,4,zipf,1.5,3,0.0,500,hash_shared,20,B1,0.05383218299061343,0.02561584443991191,0.053832182990615096,0.025615844439912216,1.734723475976807e-15,2.42861286636753e-16,1.6653345369377348e-15,3.0531133177191805e-16,9.020562075079397e-17,3.469446951953614e-17,56,56,1,0.0536748114233702,0.0255512191975373,0.0002847014129953,0.000134479689255,0.00015737156724489332,6.462524237491746e-05,0.0017082094779718,0.00080687913553,1,f3f5ad342e8943d339602bddd5233506,,,1e-10,1,none,SUCCESS,
d3_frozen,1B,S1B-0043,43,813917043,3,5,4,zipf,1.5,3,0.0,500,hash_shared,40,B2,0.05383218299061343,0.02561584443991191,0.053832182990615096,0.025615844439912244,1.734723475976807e-15,2.42861286636753e-16,1.6653345369377348e-15,3.3306690738754696e-16,9.020562075079397e-17,6.938893903907228e-18,56,56,1,0.0536748114233702,0.0255512191975373,0.0002847014129953,0.000134479689255,0.00015737156724489332,6.462524237494521e-05,0.0017082094779718,0.00080687913553,1,f3f5ad342e8943d339602bddd5233506,,,1e-10,1,none,SUCCESS,
d3_frozen,1B,S1B-0043,43,813917043,3,5,4,zipf,1.5,3,0.0,500,target,,,0.0,0.0,0.0,0.0,6.99523658391689e-19,3.3577530034947934e-34,0.0,0.0,6.995236583916891e-19,3.357753003494793e-34,64,64,1,0.0,0.0,0.0,0.0,0.0,0.0,1e-09,1e-09,1,e52264e34a54280ff741f7239005aed7,,,1e-10,1,none,SUCCESS,
d3_frozen,1B,S1B-0043,43,813917043,3,5,4,zipf,1.5,3,0.0,500,woe,,,0.0,0.0,0.0,0.0,6.99523658391689e-19,3.3577530034947934e-34,0.0,0.0,6.995236583916891e-19,3.357753003494793e-34,64,64,1,0.0,0.0,0.0,0.0,0.0,0.0,1e-09,1e-09,1,e52264e34a54280ff741f7239005aed7,,,1e-10,1,none,SUCCESS,
d3_frozen,1B,S1B-0043,43,813917043,3,5,4,zipf,1.5,3,0.0,500,ordered_catboost_sim,,,0.0,0.0,0.0,0.0,6.99523658391689e-19,3.3577530034947934e-34,0.0,0.0,6.995236583916891e-19,3.357753003494793e-34,64,64,1,0.0,0.0,0.0,0.0,0.0,0.0,1e-09,1e-09,1,e52264e34a54280ff741f7239005aed7,,,1e-10,1,none,SUCCESS,
d3_frozen,1B,S1B-0043,43,813917043,3,5,4,zipf,1.5,3,0.0,500,homals,,,0.0,0.0,0.0,0.0,6.99523658391689e-19,3.3577530034947934e-34,0.0,0.0,6.995236583916891e-19,3.357753003494793e-34,64,64,1,0.0,0.0,0.0,0.0,0.0,0.0,1e-09,1e-09,1,e52264e34a54280ff741f7239005aed7,,,1e-10,1,none,SUCCESS,
d3_frozen,1B,S1B-0044,44,813917044,3,5,4,zipf,1.5,3,0.0,5000,label,,,0.0,0.0,0.0,0.0,3.12091817551874e-19,2.831281327132891e-34,0.0,0.0,3.12091817551874e-19,2.831281327132891e-34,64,64,1,0.0,0.0,5.559759423421227e-20,0.0,0.0,0.0,1.0000000003335857e-09,1e-09,1,e52264e34a54280ff741f7239005aed7,,,1e-10,1,none,SUCCESS,
d3_frozen,1B,S1B-0044,44,813917044,3,5,4,zipf,1.5,3,0.0,5000,onehot,,,0.0,0.0,1.1102230246251565e-16,0.0,3.12091817551874e-19,2.831281327132891e-34,1.1102230246251565e-16,0.0,1.1133439428006752e-16,2.831281327132891e-34,64,64,1,0.0,0.0,5.559759423421227e-20,0.0,1.1102230246251565e-16,0.0,1.0000000003335857e-09,1e-09,1,e52264e34a54280ff741f7239005aed7,,,1e-10,1,none,SUCCESS,
d3_frozen,1B,S1B-0044,44,813917044,3,5,4,zipf,1.5,3,0.0,5000,count,,,0.0,0.0,1.1102230246251565e-16,0.0,3.12091817551874e-19,2.831281327132891e-34,1.1102230246251565e-16,0.0,1.1133439428006752e-16,2.831281327132891e-34,64,64,1,0.0,0.0,5.559759423421227e-20,0.0,1.1102230246251565e-16,0.0,1.0000000003335857e-09,1e-09,1,e52264e34a54280ff741f7239005aed7,,,1e-10,1,none,SUCCESS,
d3_frozen,1B,S1B-0044,44,813917044,3,5,4,zipf,1.5,3,0.0,5000,hash_column,10,B0,0.03645605874019153,0.017031446849886084,0.03645605874019142,0.017031446849886,1.1102230246251565e-16,3.469446951953614e-17,1.1102230246251565e-16,8.326672684688674e-17,6.938893903907228e-18,2.0816681711721685e-17,240,240,1,0.0365815117403615,0.0170849992951181,0.0002135662553152,0.0001030860820248,0.00012545300017007682,5.3552445232099566e-05,0.0012813985318912,0.0006185174921488001,1,5b594384085afae80cb1cab187c36bd5,,,1e-10,1,none,SUCCESS,
d3_frozen,1B,S1B-0044,44,813917044,3,5,4,zipf,1.5,3,0.0,5000,hash_column,20,B1,0.024909413783416934,0.011566210585017417,0.024909413783417156,0.011566210585017361,1.8041124150158794e-16,5.377642775528102e-17,2.220446049250313e-16,5.551115123125783e-17,3.469446951953614e-17,1.734723475976807e-17,363,363,1,0.0249341716936196,0.0115730531815674,0.0001466752514971,7.07286430353507e-05,2.4757910202444916e-05,6.842596550038493e-06,0.0008800525089826,0.00042437285821210426,1,3d2825b7d92099ed8ceb9ba050d5d390,,,1e-10,1,none,SUCCESS,
d3_frozen,1B,S1B-0044,44,813917044,3,5,4,zipf,1.5,3,0.0,5000,hash_column,40,B2,0.010227536936393,0.004685295216954932,0.010227536936391668,0.004685295216954849,1.2715523078909996e-15,7.979727989493313e-17,1.3322676295501878e-15,8.326672684688674e-17,5.204170427930421e-17,6.938893903907228e-18,768,768,1,0.0101821054523171,0.0046628483831261,0.0001014495280286,4.747791443360878e-05,4.543148407456718e-05,2.2446833828748854e-05,0.0006086981681716,0.0002848684866016527,1,3cf89093468c271e1bf273e2d0b3e30c,,,1e-10,1,none,SUCCESS,
d3_frozen,1B,S1B-0044,44,813917044,3,5,4,zipf,1.5,3,0.0,5000,hash_shared,10,B0,0.07159259609267321,0.034095616525843975,0.07159259609267354,0.034095616525843836,5.412337245047638e-16,9.71445146547012e-17,3.3306690738754696e-16,1.3877787807814457e-16,0.0,5.551115123125783e-17,56,56,1,0.0716201562846212,0.0341040717348941,0.0002976120486732,0.0001428714612497,2.7560191947662016e-05,8.455209050260704e-06,0.0017856732920391999,0.0008572297674982,1,f3f5ad342e8943d339602bddd5233506,,,1e-10,1,none,SUCCESS,
d3_frozen,1B,S1B-0044,44,813917044,3,5,4,zipf,1.5,3,0.0,5000,hash_shared,20,B1,0.07159259609267321,0.034095616525843975,0.07159259609267354,0.03409561652584381,5.412337245047638e-16,9.71445146547012e-17,3.3306690738754696e-16,1.6653345369377348e-16,0.0,7.632783294297951e-17,56,56,1,0.0716201562846212,0.0341040717348941,0.0002976120486732,0.0001428714612497,2.7560191947662016e-05,8.455209050288459e-06,0.0017856732920391999,0.0008572297674982,1,f3f5ad342e8943d339602bddd5233506,,,1e-10,1,none,SUCCESS,
d3_frozen,1B,S1B-0044,44,813917044,3,5,4,zipf,1.5,3,0.0,5000,hash_shared,40,B2,0.07159259609267321,0.034095616525843975,0.07159259609267354,0.034095616525843836,5.412337245047638e-16,9.71445146547012e-17,3.3306690738754696e-16,1.3877787807814457e-16,0.0,5.551115123125783e-17,56,56,1,0.0716201562846212,0.0341040717348941,0.0002976120486732,0.0001428714612497,2.7560191947662016e-05,8.455209050260704e-06,0.0017856732920391999,0.0008572297674982,1,f3f5ad342e8943d339602bddd5233506,,,1e-10,1,none,SUCCESS,
d3_frozen,1B,S1B-0044,44,813917044,3,5,4,zipf,1.5,3,0.0,5000,target,,,0.0,0.0,1.1102230246251565e-16,2.7755575615628914e-17,3.12091817551874e-19,2.831281327132891e-34,1.1102230246251565e-16,2.7755575615628914e-17,1.1133439428006752e-16,2.7755575615628914e-17,64,64,1,0.0,0.0,5.559759423421227e-20,0.0,1.1102230246251565e-16,2.7755575615628914e-17,1.0000000003335857e-09,1e-09,1,e52264e34a54280ff741f7239005aed7,,,1e-10,1,none,SUCCESS,
d3_frozen,1B,S1B-0044,44,813917044,3,5,4,zipf,1.5,3,0.0,5000,woe,,,0.0,0.0,1.1102230246251565e-16,2.7755575615628914e-17,3.12091817551874e-19,2.831281327132891e-34,1.1102230246251565e-16,2.7755575615628914e-17,1.1133439428006752e-16,2.7755575615628914e-17,64,64,1,0.0,0.0,5.559759423421227e-20,0.0,1.1102230246251565e-16,2.7755575615628914e-17,1.0000000003335857e-09,1e-09,1,e52264e34a54280ff741f7239005aed7,,,1e-10,1,none,SUCCESS,
d3_frozen,1B,S1B-0044,44,813917044,3,5,4,zipf,1.5,3,0.0,5000,ordered_catboost_sim,,,0.0,0.0,1.1102230246251565e-16,2.7755575615628914e-17,3.12091817551874e-19,2.831281327132891e-34,1.1102230246251565e-16,2.7755575615628914e-17,1.1133439428006752e-16,2.7755575615628914e-17,64,64,1,0.0,0.0,5.559759423421227e-20,0.0,1.1102230246251565e-16,2.7755575615628914e-17,1.0000000003335857e-09,1e-09,1,e52264e34a54280ff741f7239005aed7,,,1e-10,1,none,SUCCESS,
d3_frozen,1B,S1B-0044,44,813917044,3,5,4,zipf,1.5,3,0.0,5000,homals,,,0.0,0.0,1.1102230246251565e-16,0.0,3.12091817551874e-19,2.831281327132891e-34,1.1102230246251565e-16,0.0,1.1133439428006752e-16,2.831281327132891e-34,64,64,1,0.0,0.0,5.559759423421227e-20,0.0,1.1102230246251565e-16,0.0,1.0000000003335857e-09,1e-09,1,e52264e34a54280ff741f7239005aed7,,,1e-10,1,none,SUCCESS,
d3_frozen,1B,S1B-0045,45,813917045,3,5,4,zipf,1.5,3,0.1,500,label,,,0.0,0.0,0.0,0.0,1.413658843649205e-17,6.396404790113304e-34,0.0,0.0,1.413658843649205e-17,6.3964047901133045e-34,64,64,1,0.0,0.0,0.0,0.0,0.0,0.0,1e-09,1e-09,1,e52264e34a54280ff741f7239005aed7,,,1e-10,1,none,SUCCESS,
d3_frozen,1B,S1B-0045,45,813917045,3,5,4,zipf,1.5,3,0.1,500,onehot,,,0.0,0.0,0.0,0.0,1.413658843649205e-17,6.396404790113304e-34,0.0,0.0,1.413658843649205e-17,6.3964047901133045e-34,64,64,1,0.0,0.0,0.0,0.0,0.0,0.0,1e-09,1e-09,1,e52264e34a54280ff741f7239005aed7,,,1e-10,1,none,SUCCESS,
d3_frozen,1B,S1B-0045,45,813917045,3,5,4,zipf,1.5,3,0.1,500,count,,,0.0,0.0,0.0,0.0,1.413658843649205e-17,6.396404790113304e-34,0.0,0.0,1.413658843649205e-17,6.3964047901133045e-34,64,64,1,0.0,0.0,0.0,0.0,0.0,0.0,1e-09,1e-09,1,e52264e34a54280ff741f7239005aed7,,,1e-10,1,none,SUCCESS,
d3_frozen,1B,S1B-0045,45,813917045,3,5,4,zipf,1.5,3,0.1,500,hash_column,10,B0,0.05606906634212083,0.02665965917383789,0.05606906634211983,0.026659659173838224,1.061650767297806e-15,3.469446951953614e-16,9.992007221626409e-16,3.3306690738754696e-16,6.245004513516506e-17,4.163336342344337e-17,240,240,1,0.0558437998566635,0.0265530473179803,0.0003292644980306,0.0001551107053111,0.0002252664854563366,0.00010661185585792224,0.0019755879881836,0.0009306652318666,1,5b594384085afae80cb1cab187c36bd5,,,1e-10,1,none,SUCCESS,
d3_frozen,1B,S1B-0045,45,813917045,3,5,4,zipf,1.5,3,0.1,500,hash_column,20,B1,0.051500695119955475,0.024481730620586478,0.05150069511995503,0.024481730620586867,5.551115123125783e-16,4.0939474033052647e-16,4.440892098500626e-16,3.885780586188048e-16,9.020562075079397e-17,5.898059818321144e-17,363,363,1,0.0511993126698887,0.0243393145925343,0.0003232080967317,0.0001524062589876,0.00030138245006633424,0.0001424160280525666,0.0019392495803901998,0.0009144385539256,1,3d2825b7d92099ed8ceb9ba050d5d390,,,1e-10,1,none,SUCCESS,
d3_frozen,1B,S1B-0045,45,813917045,3,5,4,zipf,1.5,3,0.1,500,hash_column,40,B2,0.005146692439430112,0.002231093621914565,0.00514669243942989,0.0022310936219145927,3.0010716134398763e-16,4.7271214720367993e-17,2.220446049250313e-16,2.7755575615628914e-17,8.847089727481716e-17,1.6479873021779667e-17,768,768,1,0.0051931161447257,0.002253098861267,7.112481015631212e-05,3.134893817309039e-05,4.642370529581077e-05,2.2005239352407106e-05,0.0004267498609378727,0.00018809462903854232,1,3cf89093468c271e1bf273e2d0b3e30c,,,1e-10,1,none,SUCCESS,
d3_frozen,1B,S1B-0045,45,813917045,3,5,4,zipf,1.5,3,0.1,500,hash_shared,10,B0,0.06261386388292545,0.02976222304464407,0.06261386388292478,0.02976222304464443,6.800116025829084e-16,5.065392549852277e-16,6.661338147750939e-16,3.608224830031759e-16,0.0,7.632783294297951e-17,56,56,1,0.0625490987379296,0.0297338907647671,0.0003142273261808,0.0001481839263118,6.476514499517694e-05,2.8332279877332084e-05,0.0018853649570848,0.0008891045578708,1,f3f5ad342e8943d339602bddd5233506,,,1e-10,1,none,SUCCESS,
d3_frozen,1B,S1B-0045,45,813917045,3,5,4,zipf,1.5,3,0.1,500,hash_shared,20,B1,0.06261386388292545,0.02976222304464407,0.06261386388292478,0.029762223044644487,6.800116025829084e-16,5.065392549852277e-16,6.661338147750939e-16,4.163336342344337e-16,0.0,2.0816681711721685e-17,56,56,1,0.0625490987379296,0.0297338907647671,0.0003142273261808,0.0001481839263118,6.476514499517694e-05,2.8332279877387595e-05,0.0018853649570848,0.0008891045578708,1,f3f5ad342e8943d339602bddd5233506,,,1e-10,1,none,SUCCESS,
d3_frozen,1B,S1B-0045,45,813917045,3,5,4,zipf,1.5,3,0.1,500,hash_shared,40,B2,0.06261386388292545,0.02976222304464407,0.06261386388292478,0.02976222304464446,6.800116025829084e-16,5.065392549852277e-16,6.661338147750939e-16,3.885780586188048e-16,0.0,4.85722573273506e-17,56,56,1,0.0625490987379296,0.0297338907647671,0.0003142273261808,0.0001481839263118,6.476514499517694e-05,2.833227987735984e-05,0.0018853649570848,0.0008891045578708,1,f3f5ad342e8943d339602bddd5233506,,,1e-10,1,none,SUCCESS,
d3_frozen,1B,S1B-0045,45,813917045,3,5,4,zipf,1.5,3,0.1,500,target,,,0.0,0.0,1.1102230246251565e-16,-5.551115123125783e-17,1.413658843649205e-17,6.396404790113304e-34,1.1102230246251565e-16,5.551115123125783e-17,9.68857140260236e-17,5.551115123125783e-17,64,64,1,0.0,0.0,0.0,0.0,1.1102230246251565e-16,5.551115123125783e-17,1e-09,1e-09,1,e52264e34a54280ff741f7239005aed7,,,1e-10,1,none,SUCCESS,
d3_frozen,1B,S1B-0045,45,813917045,3,5,4,zipf,1.5,3,0.1,500,woe,,,0.0,0.0,0.0,-5.551115123125783e-17,1.413658843649205e-17,6.396404790113304e-34,0.0,5.551115123125783e-17,1.413658843649205e-17,5.551115123125783e-17,64,64,1,0.0,0.0,0.0,0.0,0.0,5.551115123125783e-17,1e-09,1e-09,1,e52264e34a54280ff741f7239005aed7,,,1e-10,1,none,SUCCESS,
d3_frozen,1B,S1B-0045,45,813917045,3,5,4,zipf,1.5,3,0.1,500,ordered_catboost_sim,,,0.0,0.0,0.0,-5.551115123125783e-17,1.413658843649205e-17,6.396404790113304e-34,0.0,5.551115123125783e-17,1.413658843649205e-17,5.551115123125783e-17,64,64,1,0.0,0.0,0.0,0.0,0.0,5.551115123125783e-17,1e-09,1e-09,1,e52264e34a54280ff741f7239005aed7,,,1e-10,1,none,SUCCESS,
d3_frozen,1B,S1B-0045,45,813917045,3,5,4,zipf,1.5,3,0.1,500,homals,,,0.0,0.0,0.0,-5.551115123125783e-17,1.413658843649205e-17,6.396404790113304e-34,0.0,5.551115123125783e-17,1.413658843649205e-17,5.551115123125783e-17,64,64,1,0.0,0.0,0.0,0.0,0.0,5.551115123125783e-17,1e-09,1e-09,1,e52264e34a54280ff741f7239005aed7,,,1e-10,1,none,SUCCESS,
d3_frozen,1B,S1B-0046,46,813917046,3,5,4,zipf,1.5,3,0.1,5000,label,,,0.0,0.0,0.0,0.0,7.805044748138776e-18,5.327280633271313e-34,0.0,0.0,7.805044748138776e-18,5.327280633271313e-34,64,64,1,-1.1102230246251563e-16,0.0,1.8111683105352481e-19,0.0,1.1102230246251563e-16,0.0,1.0000000010867011e-09,1e-09,1,e52264e34a54280ff741f7239005aed7,,,1e-10,1,none,SUCCESS,
d3_frozen,1B,S1B-0046,46,813917046,3,5,4,zipf,1.5,3,0.1,5000,onehot,,,0.0,0.0,-1.1102230246251565e-16,0.0,7.805044748138776e-18,5.327280633271313e-34,1.1102230246251565e-16,0.0,1.0321725771437688e-16,5.327280633271313e-34,64,64,1,-1.1102230246251563e-16,0.0,1.8111683105352481e-19,0.0,2.465190328815662e-32,0.0,1.0000000010867011e-09,1e-09,1,e52264e34a54280ff741f7239005aed7,,,1e-10,1,none,SUCCESS,
d3_frozen,1B,S1B-0046,46,813917046,3,5,4,zipf,1.5,3,0.1,5000,count,,,0.0,0.0,-1.1102230246251565e-16,0.0,7.805044748138776e-18,5.327280633271313e-34,1.1102230246251565e-16,0.0,1.0321725771437688e-16,5.327280633271313e-34,64,64,1,-1.1102230246251563e-16,0.0,1.8111683105352481e-19,0.0,2.465190328815662e-32,0.0,1.0000000010867011e-09,1e-09,1,e52264e34a54280ff741f7239005aed7,,,1e-10,1,none,SUCCESS,
d3_frozen,1B,S1B-0046,46,813917046,3,5,4,zipf,1.5,3,0.1,5000,hash_column,10,B0,0.03188189759355298,0.015285934592819933,0.0318818975935522,0.015285934592819544,6.661338147750939e-16,4.0419056990259605e-16,7.771561172376096e-16,3.885780586188048e-16,7.632783294297951e-17,1.3877787807814457e-17,240,240,1,0.0318881679224357,0.015284258092433,0.0001783899032501,8.445312982726981e-05,6.2703288834994875e-06,1.6765003865437667e-06,0.0010703404195006,0.0005067197789636189,1,5b594384085afae80cb1cab187c36bd5,,,1e-10,1,none,SUCCESS,
d3_frozen,1B,S1B-0046,46,813917046,3,5,4,zipf,1.5,3,0.1,5000,hash_column,20,B1,0.028436139071935762,0.013657640103155289,0.028436139071935207,0.013657640103155039,4.544975507059235e-16,2.914335439641036e-16,5.551115123125783e-16,2.498001805406602e-16,4.85722573273506e-17,1.734723475976807e-17,363,363,1,0.0284311169278193,0.0136519766669924,0.0001655547641766,7.874211422999692e-05,5.022144115907068e-06,5.663436162638494e-06,0.0009933295850596,0.00047245368537998157,1,3d2825b7d92099ed8ceb9ba050d5d390,,,1e-10,1,none,SUCCESS,
d3_frozen,1B,S1B-0046,46,813917046,3,5,4,zipf,1.5,3,0.1,5000,hash_column,40,B2,0.010578164042249871,0.005015183227043141,0.010578164042249316,0.005015183227042641,5.776629175002768e-16,4.917941054394248e-16,5.551115123125783e-16,4.996003610813204e-16,2.42861286636753e-17,8.673617379884035e-18,768,768,1,0.0105380521361727,0.0049921912928683,0.0001216585838078,5.813649344670576e-05,4.011190607661544e-05,2.2991934174341165e-05,0.0007299525028468,0.0003488199606802346,1,3cf89093468c271e1bf273e2d0b3e30c,,,1e-10,1,none,SUCCESS,
d3_frozen,1B,S1B-0046,46,813917046,3,5,4,zipf,1.5,3,0.1,5000,hash_shared,10,B0,0.04396050545281749,0.02113353121489034,0.043960505452816934,0.021133531214889922,4.510281037539698e-16,4.3368086899420177e-16,5.551115123125783e-16,4.163336342344337e-16,3.469446951953614e-17,1.3877787807814457e-17,56,56,1,0.0440845363705814,0.0211927413174996,0.0002383073729529,0.0001122044395707,0.0001240309177644658,5.921010260967821e-05,0.0014298452377174,0.0006732276374242,1,f3f5ad342e8943d339602bddd5233506,,,1e-10,1,none,SUCCESS,
d3_frozen,1B,S1B-0046,46,813917046,3,5,4,zipf,1.5,3,0.1,5000,hash_shared,20,B1,0.04396050545281749,0.02113353121489034,0.043960505452816934,0.021133531214889922,4.510281037539698e-16,4.3368086899420177e-16,5.551115123125783e-16,4.163336342344337e-16,3.469446951953614e-17,1.3877787807814457e-17,56,56,1,0.0440845363705814,0.0211927413174996,0.0002383073729529,0.0001122044395707,0.0001240309177644658,5.921010260967821e-05,0.0014298452377174,0.0006732276374242,1,f3f5ad342e8943d339602bddd5233506,,,1e-10,1,none,SUCCESS,
d3_frozen,1B,S1B-0046,46,813917046,3,5,4,zipf,1.5,3,0.1,5000,hash_shared,40,B2,0.04396050545281749,0.02113353121489034,0.043960505452816934,0.021133531214889922,4.510281037539698e-16,4.3368086899420177e-16,5.551115123125783e-16,4.163336342344337e-16,3.469446951953614e-17,1.3877787807814457e-17,56,56,1,0.0440845363705814,0.0211927413174996,0.0002383073729529,0.0001122044395707,0.0001240309177644658,5.921010260967821e-05,0.0014298452377174,0.0006732276374242,1,f3f5ad342e8943d339602bddd5233506,,,1e-10,1,none,SUCCESS,
d3_frozen,1B,S1B-0046,46,813917046,3,5,4,zipf,1.5,3,0.1,5000,target,,,0.0,0.0,0.0,2.7755575615628914e-17,7.805044748138776e-18,5.327280633271313e-34,0.0,2.7755575615628914e-17,7.805044748138776e-18,2.7755575615628914e-17,64,64,1,-1.1102230246251563e-16,0.0,1.8111683105352481e-19,0.0,1.1102230246251563e-16,2.7755575615628914e-17,1.0000000010867011e-09,1e-09,1,e52264e34a54280ff741f7239005aed7,,,1e-10,1,none,SUCCESS,
d3_frozen,1B,S1B-0046,46,813917046,3,5,4,zipf,1.5,3,0.1,5000,woe,,,0.0,0.0,0.0,2.7755575615628914e-17,7.805044748138776e-18,5.327280633271313e-34,0.0,2.7755575615628914e-17,7.805044748138776e-18,2.7755575615628914e-17,64,64,1,-1.1102230246251563e-16,0.0,1.8111683105352481e-19,0.0,1.1102230246251563e-16,2.7755575615628914e-17,1.0000000010867011e-09,1e-09,1,e52264e34a54280ff741f7239005aed7,,,1e-10,1,none,SUCCESS,
d3_frozen,1B,S1B-0046,46,813917046,3,5,4,zipf,1.5,3,0.1,5000,ordered_catboost_sim,,,0.0,0.0,0.0,2.7755575615628914e-17,7.805044748138776e-18,5.327280633271313e-34,0.0,2.7755575615628914e-17,7.805044748138776e-18,2.7755575615628914e-17,64,64,1,-1.1102230246251563e-16,0.0,1.8111683105352481e-19,0.0,1.1102230246251563e-16,2.7755575615628914e-17,1.0000000010867011e-09,1e-09,1,e52264e34a54280ff741f7239005aed7,,,1e-10,1,none,SUCCESS,
d3_frozen,1B,S1B-0046,46,813917046,3,5,4,zipf,1.5,3,0.1,5000,homals,,,0.0,0.0,-1.1102230246251565e-16,0.0,7.805044748138776e-18,5.327280633271313e-34,1.1102230246251565e-16,0.0,1.0321725771437688e-16,5.327280633271313e-34,64,64,1,-1.1102230246251563e-16,0.0,1.8111683105352481e-19,0.0,2.465190328815662e-32,0.0,1.0000000010867011e-09,1e-09,1,e52264e34a54280ff741f7239005aed7,,,1e-10,1,none,SUCCESS,
d3_frozen,1B,S1B-0047,47,813917047,3,5,4,zipf,1.5,3,0.3,500,label,,,0.0,0.0,0.0,0.0,2.1969644682259176e-18,3.682158129092016e-34,0.0,0.0,2.1969644682259176e-18,3.6821581290920156e-34,64,64,1,0.0,0.0,5.54093059942049e-20,0.0,0.0,0.0,1.000000000332456e-09,1e-09,1,e52264e34a54280ff741f7239005aed7,,,1e-10,1,none,SUCCESS,
d3_frozen,1B,S1B-0047,47,813917047,3,5,4,zipf,1.5,3,0.3,500,onehot,,,0.0,0.0,0.0,5.551115123125783e-17,2.1969644682259176e-18,3.682158129092016e-34,0.0,5.551115123125783e-17,2.1969644682259176e-18,5.551115123125783e-17,64,64,1,0.0,0.0,5.54093059942049e-20,0.0,0.0,5.551115123125783e-17,1.000000000332456e-09,1e-09,1,e52264e34a54280ff741f7239005aed7,,,1e-10,1,none,SUCCESS,
d3_frozen,1B,S1B-0047,47,813917047,3,5,4,zipf,1.5,3,0.3,500,count,,,0.0,0.0,0.0,5.551115123125783e-17,2.1969644682259176e-18,3.682158129092016e-34,0.0,5.551115123125783e-17,2.1969644682259176e-18,5.551115123125783e-17,64,64,1,0.0,0.0,5.54093059942049e-20,0.0,0.0,5.551115123125783e-17,1.000000000332456e-09,1e-09,1,e52264e34a54280ff741f7239005aed7,,,1e-10,1,none,SUCCESS,
d3_frozen,1B,S1B-0047,47,813917047,3,5,4,zipf,1.5,3,0.3,500,hash_column,10,B0,0.06283271135317314,0.026514656140272208,0.06283271135317514,0.026514656140272208,1.942890293094024e-15,3.122502256758253e-17,1.9984014443252818e-15,0.0,0.0,0.0,240,240,1,0.063117530040013,0.0266166004835252,0.0005405489388809,0.0002297409491906,0.0002848186868378566,0.00010194434325299165,0.0032432946332853997,0.0013784466951436,1,5b594384085afae80cb1cab187c36bd5,,,1e-10,1,none,SUCCESS,
d3_frozen,1B,S1B-0047,47,813917047,3,5,4,zipf,1.5,3,0.3,500,hash_column,20,B1,0.052067237678587674,0.021890549143059185,0.05206723767858912,0.021890549143059213,1.4363510381087963e-15,6.938893903907228e-18,1.4432899320127035e-15,2.7755575615628914e-17,9.020562075079397e-17,2.0816681711721685e-17,363,363,1,0.0524610808914612,0.0220443181001971,0.0004768953779115,0.0002003136077091,0.00039384321287207896,0.00015376895713788835,0.002861373267469,0.0012018826462546,1,3d2825b7d92099ed8ceb9ba050d5d390,,,1e-10,1,none,SUCCESS,
d3_frozen,1B,S1B-0047,47,813917047,3,5,4,zipf,1.5,3,0.3,500,hash_column,40,B2,0.028793007663977077,0.01146760540125405,0.02879300766397741,0.0114676054012538,3.8163916471489756e-16,2.5847379792054426e-16,3.3306690738754696e-16,2.498001805406602e-16,6.938893903907228e-17,1.5612511283791264e-17,768,768,1,0.0291290061164997,0.0115901583260271,0.0003340192417508,0.0001342895393356,0.000335998452522291,0.00012255292477330107,0.0020041164505048,0.0008057382360136,1,3cf89093468c271e1bf273e2d0b3e30c,,,1e-10,1,none,SUCCESS,
d3_frozen,1B,S1B-0047,47,813917047,3,5,4,zipf,1.5,3,0.3,500,hash_shared,10,B0,0.09850608985463494,0.043458785738877376,0.09850608985463694,0.043458785738877515,2.0539125955565396e-15,1.5265566588595902e-16,1.9984014443252818e-15,1.3877787807814457e-16,8.326672684688674e-17,1.3877787807814457e-17,56,56,1,0.0989638631119265,0.0436480741889738,0.0006271823937375,0.0002683353768193,0.0004577732572895593,0.00018928845009628242,0.0037630953624249995,0.0016100132609158,1,f3f5ad342e8943d339602bddd5233506,,,1e-10,1,none,SUCCESS,
d3_frozen,1B,S1B-0047,47,813917047,3,5,4,zipf,1.5,3,0.3,500,hash_shared,20,B1,0.09850608985463494,0.043458785738877376,0.09850608985463682,0.04345878573887749,2.0539125955565396e-15,1.5265566588595902e-16,1.887379141862766e-15,1.1102230246251565e-16,1.942890293094024e-16,4.163336342344337e-17,56,56,1,0.0989638631119265,0.0436480741889738,0.0006271823937375,0.0002683353768193,0.00045777325728967033,0.00018928845009631018,0.0037630953624249995,0.0016100132609158,1,f3f5ad342e8943d339602bddd5233506,,,1e-10,1,none,SUCCESS,
d3_frozen,1B,S1B-0047,47,813917047,3,5,4,zipf,1.5,3,0.3,500,hash_shared,40,B2,0.09850608985463494,0.043458785738877376,0.09850608985463694,0.043458785738877515,2.0539125955565396e-15,1.5265566588595902e-16,1.9984014443252818e-15,1.3877787807814457e-16,8.326672684688674e-17,1.3877787807814457e-17,56,56,1,0.0989638631119265,0.0436480741889738,0.0006271823937375,0.0002683353768193,0.0004577732572895593,0.00018928845009628242,0.0037630953624249995,0.0016100132609158,1,f3f5ad342e8943d339602bddd5233506,,,1e-10,1,none,SUCCESS,
d3_frozen,1B,S1B-0047,47,813917047,3,5,4,zipf,1.5,3,0.3,500,target,,,0.0,0.0,0.0,0.0,2.1969644682259176e-18,3.682158129092016e-34,0.0,0.0,2.1969644682259176e-18,3.6821581290920156e-34,64,64,1,0.0,0.0,5.54093059942049e-20,0.0,0.0,0.0,1.000000000332456e-09,1e-09,1,e52264e34a54280ff741f7239005aed7,,,1e-10,1,none,SUCCESS,
d3_frozen,1B,S1B-0047,47,813917047,3,5,4,zipf,1.5,3,0.3,500,woe,,,0.0,0.0,0.0,0.0,2.1969644682259176e-18,3.682158129092016e-34,0.0,0.0,2.1969644682259176e-18,3.6821581290920156e-34,64,64,1,0.0,0.0,5.54093059942049e-20,0.0,0.0,0.0,1.000000000332456e-09,1e-09,1,e52264e34a54280ff741f7239005aed7,,,1e-10,1,none,SUCCESS,
d3_frozen,1B,S1B-0047,47,813917047,3,5,4,zipf,1.5,3,0.3,500,ordered_catboost_sim,,,0.0,0.0,0.0,0.0,2.1969644682259176e-18,3.682158129092016e-34,0.0,0.0,2.1969644682259176e-18,3.6821581290920156e-34,64,64,1,0.0,0.0,5.54093059942049e-20,0.0,0.0,0.0,1.000000000332456e-09,1e-09,1,e52264e34a54280ff741f7239005aed7,,,1e-10,1,none,SUCCESS,
d3_frozen,1B,S1B-0047,47,813917047,3,5,4,zipf,1.5,3,0.3,500,homals,,,0.0,0.0,0.0,2.7755575615628914e-17,2.1969644682259176e-18,3.682158129092016e-34,0.0,2.7755575615628914e-17,2.1969644682259176e-18,2.7755575615628914e-17,64,64,1,0.0,0.0,5.54093059942049e-20,0.0,0.0,2.7755575615628914e-17,1.000000000332456e-09,1e-09,1,e52264e34a54280ff741f7239005aed7,,,1e-10,1,none,SUCCESS,
d3_frozen,1B,S1B-0048,48,813917048,3,5,4,zipf,1.5,3,0.3,5000,label,,,0.0,0.0,0.0,0.0,2.1638122413208242e-18,1.8010073132777924e-34,0.0,0.0,2.1638122413208242e-18,1.8010073132777927e-34,64,64,1,0.0,0.0,2.428176761744425e-20,0.0,0.0,0.0,1.0000000001456908e-09,1e-09,1,e52264e34a54280ff741f7239005aed7,,,1e-10,1,none,SUCCESS,
d3_frozen,1B,S1B-0048,48,813917048,3,5,4,zipf,1.5,3,0.3,5000,onehot,,,0.0,0.0,0.0,0.0,2.1638122413208242e-18,1.8010073132777924e-34,0.0,0.0,2.1638122413208242e-18,1.8010073132777927e-34,64,64,1,0.0,0.0,2.428176761744425e-20,0.0,0.0,0.0,1.0000000001456908e-09,1e-09,1,e52264e34a54280ff741f7239005aed7,,,1e-10,1,none,SUCCESS,
d3_frozen,1B,S1B-0048,48,813917048,3,5,4,zipf,1.5,3,0.3,5000,count,,,0.0,0.0,0.0,0.0,2.1638122413208242e-18,1.8010073132777924e-34,0.0,0.0,2.1638122413208242e-18,1.8010073132777927e-34,64,64,1,0.0,0.0,2.428176761744425e-20,0.0,0.0,0.0,1.0000000001456908e-09,1e-09,1,e52264e34a54280ff741f7239005aed7,,,1e-10,1,none,SUCCESS,
d3_frozen,1B,S1B-0048,48,813917048,3,5,4,zipf,1.5,3,0.3,5000,hash_column,10,B0,0.02775518773008645,0.011302346297906857,0.02775518773008656,0.011302346297906302,1.249000902703301e-16,5.065392549852277e-16,1.1102230246251565e-16,5.551115123125783e-16,4.163336342344337e-17,2.2551405187698492e-17,240,240,1,0.0274776056048821,0.0112059099471249,0.0003086657568316,0.0001299818478634,0.0002775821252044598,9.643635078140228e-05,0.0018519955409895998,0.0007798920871804001,1,5b594384085afae80cb1cab187c36bd5,,,1e-10,1,none,SUCCESS,
d3_frozen,1B,S1B-0048,48,813917048,3,5,4,zipf,1.5,3,0.3,5000,hash_column,20,B1,0.02028771731832113,0.008382485115066646,0.020287717318321463,0.008382485115066118,2.8796409701215e-16,4.9439619065339e-16,3.3306690738754696e-16,5.273559366969494e-16,6.938893903907228e-18,3.2959746043559335e-17,363,363,1,0.0200360900865615,0.0082925668308301,0.0002614871116652,0.0001128300331216,0.0002516272317599627,8.9918284236018e-05,0.0015689236699912,0.0006769811987296,1,3d2825b7d92099ed8ceb9ba050d5d390,,,1e-10,1,none,SUCCESS,
d3_frozen,1B,S1B-0048,48,813917048,3,5,4,zipf,1.5,3,0.3,5000,hash_column,40,B2,0.008505342859063902,0.003539910826355047,0.00850534285906368,0.0035399108263545753,1.6653345369377348e-16,4.2804301769727715e-16,2.220446049250313e-16,4.718447854656915e-16,5.377642775528102e-17,3.7730235602495554e-17,768,768,1,0.0086316695658026,0.0036065312559457,0.000159078736246,6.808214927698974e-05,0.00012632670673892038,6.66204295911247e-05,0.000954473417476,0.00040849389566193845,1,3cf89093468c271e1bf273e2d0b3e30c,,,1e-10,1,none,SUCCESS,
d3_frozen,1B,S1B-0048,48,813917048,3,5,4,zipf,1.5,3,0.3,5000,hash_shared,10,B0,0.10553580832623088,0.0458616742442467,0.10553580832623088,0.04586167424424609,1.3877787807814457e-17,5.412337245047638e-16,0.0,6.106226635438361e-16,1.1102230246251565e-16,6.938893903907228e-17,56,56,1,0.1044639079566458,0.0453909608541129,0.000534236896551,0.0002314310369281,0.0010719003695850854,0.00047071339013318725,0.0032054223793059997,0.0013885872215686,1,f3f5ad342e8943d339602bddd5233506,,,1e-10,1,none,SUCCESS,
d3_frozen,1B,S1B-0048,48,813917048,3,5,4,zipf,1.5,3,0.3,5000,hash_shared,20,B1,0.10553580832623088,0.0458616742442467,0.10553580832623088,0.045861674244246114,1.3877787807814457e-17,5.412337245047638e-16,0.0,5.828670879282072e-16,1.1102230246251565e-16,4.163336342344337e-17,56,56,1,0.1044639079566458,0.0453909608541129,0.000534236896551,0.0002314310369281,0.0010719003695850854,0.000470713390133215,0.0032054223793059997,0.0013885872215686,1,f3f5ad342e8943d339602bddd5233506,,,1e-10,1,none,SUCCESS,
d3_frozen,1B,S1B-0048,48,813917048,3,5,4,zipf,1.5,3,0.3,5000,hash_shared,40,B2,0.10553580832623088,0.0458616742442467,0.10553580832623088,0.04586167424424609,1.3877787807814457e-17,5.412337245047638e-16,0.0,6.106226635438361e-16,1.1102230246251565e-16,6.938893903907228e-17,56,56,1,0.1044639079566458,0.0453909608541129,0.000534236896551,0.0002314310369281,0.0010719003695850854,0.00047071339013318725,0.0032054223793059997,0.0013885872215686,1,f3f5ad342e8943d339602bddd5233506,,,1e-10,1,none,SUCCESS,
d3_frozen,1B,S1B-0048,48,813917048,3,5,4,zipf,1.5,3,0.3,5000,target,,,0.0,0.0,1.1102230246251565e-16,0.0,2.1638122413208242e-18,1.8010073132777924e-34,1.1102230246251565e-16,0.0,1.0885849022119483e-16,1.8010073132777924e-34,64,64,1,0.0,0.0,2.428176761744425e-20,0.0,1.1102230246251565e-16,0.0,1.0000000001456908e-09,1e-09,1,e52264e34a54280ff741f7239005aed7,,,1e-10,1,none,SUCCESS,
d3_frozen,1B,S1B-0048,48,813917048,3,5,4,zipf,1.5,3,0.3,5000,woe,,,0.0,0.0,1.1102230246251565e-16,0.0,2.1638122413208242e-18,1.8010073132777924e-34,1.1102230246251565e-16,0.0,1.0885849022119483e-16,1.8010073132777924e-34,64,64,1,0.0,0.0,2.428176761744425e-20,0.0,1.1102230246251565e-16,0.0,1.0000000001456908e-09,1e-09,1,e52264e34a54280ff741f7239005aed7,,,1e-10,1,none,SUCCESS,
d3_frozen,1B,S1B-0048,48,813917048,3,5,4,zipf,1.5,3,0.3,5000,ordered_catboost_sim,,,0.0,0.0,1.1102230246251565e-16,0.0,2.1638122413208242e-18,1.8010073132777924e-34,1.1102230246251565e-16,0.0,1.0885849022119483e-16,1.8010073132777924e-34,64,64,1,0.0,0.0,2.428176761744425e-20,0.0,1.1102230246251565e-16,0.0,1.0000000001456908e-09,1e-09,1,e52264e34a54280ff741f7239005aed7,,,1e-10,1,none,SUCCESS,
d3_frozen,1B,S1B-0048,48,813917048,3,5,4,zipf,1.5,3,0.3,5000,homals,,,0.0,0.0,1.1102230246251565e-16,0.0,2.1638122413208242e-18,1.8010073132777924e-34,1.1102230246251565e-16,0.0,1.0885849022119483e-16,1.8010073132777927e-34,64,64,1,0.0,0.0,2.428176761744425e-20,0.0,1.1102230246251565e-16,0.0,1.0000000001456908e-09,1e-09,1,e52264e34a54280ff741f7239005aed7,,,1e-10,1,none,SUCCESS,
